dipt_id,nombre_listado,nombre_ficha,entidad,distrito_circunscripcion,principio_estimado,principio_ficha,entidad_ficha,distrito_ficha,curul,partido_estimado,email,suplente,licencia_en_listado,perfil_url,foto_src,partido_logo_src,foto_original_local,foto_png_bn,error_perfil
391,Abreu Artiñano Rocío Adriana,ROCÍO ADRIANA ABREU ARTIÑANO,Campeche,Circ. 3,Representacion Proporcional,Representación proporcional,,,H-265,MORENA,rocio.abreu@diputados.gob.mx,Beatriz Eugenia Rodríguez Interian,False,https://sitl.diputados.gob.mx/LXVI_leg/curricula.php?dipt=391,https://sitl.diputados.gob.mx/LXVI_leg/fotos_lxviconfondo/490_foto_chica.jpg,https://sitl.diputados.gob.mx/LXVI_leg/images/morena.webp,static/img/diputados_lxvi_raw/001_391_abreu_artinano_rocio_adriana.png,static/img/diputados_lxvi_bn/001_391_abreu_artinano_rocio_adriana.png,
253,Acosta Islas Anabel,ANABEL ACOSTA ISLAS,Sonora,Dtto. 6,Mayoria Relativa,Mayoría Relativa,Sonora,6,I-304,MORENA,anabel.acosta@diputados.gob.mx,Margarita Yaracel Esquer Lugo,False,https://sitl.diputados.gob.mx/LXVI_leg/curricula.php?dipt=253,https://sitl.diputados.gob.mx/LXVI_leg/fotos_lxviconfondo/459_foto_chica.jpg,https://sitl.diputados.gob.mx/LXVI_leg/images/morena.webp,static/img/diputados_lxvi_raw/002_253_acosta_islas_anabel.png,static/img/diputados_lxvi_bn/002_253_acosta_islas_anabel.png,
88,Acosta Trujillo Juana,JUANA ACOSTA TRUJILLO,Guanajuato,Dtto. 14,Mayoria Relativa,Mayoría Relativa,Guanajuato,14,M-476,MORENA,juana.acosta@diputados.gob.mx,Miriam Fabiola Marmolejo López,False,https://sitl.diputados.gob.mx/LXVI_leg/curricula.php?dipt=88,https://sitl.diputados.gob.mx/LXVI_leg/fotos_lxviconfondo/089_foto_chica.jpg,https://sitl.diputados.gob.mx/LXVI_leg/images/morena.webp,static/img/diputados_lxvi_raw/003_88_acosta_trujillo_juana.png,static/img/diputados_lxvi_bn/003_88_acosta_trujillo_juana.png,
641,Aguilera Claro Zaria,ZARIA AGUILERA CLARO,México,Dtto. 17,Mayoria Relativa,Mayoría Relativa,México,17,K-398,MORENA,zaria.aguilera@diputados.gob.mx,,False,https://sitl.diputados.gob.mx/LXVI_leg/curricula.php?dipt=641,https://sitl.diputados.gob.mx/LXVI_leg/fotos_lxviconfondo/547_foto_chica.jpg,https://sitl.diputados.gob.mx/LXVI_leg/images/morena.webp,static/img/diputados_lxvi_raw/004_641_aguilera_claro_zaria.png,static/img/diputados_lxvi_bn/004_641_aguilera_claro_zaria.png,
89,Aguirre Gallardo José Javier,JOSÉ JAVIER AGUIRRE GALLARDO,Guanajuato,Dtto. 15,Mayoria Relativa,Mayoría Relativa,Guanajuato,15,K-404,MORENA,jose.aguirre@diputados.gob.mx,Roberto Vidal Romero,False,https://sitl.diputados.gob.mx/LXVI_leg/curricula.php?dipt=89,https://sitl.diputados.gob.mx/LXVI_leg/fotos_lxviconfondo/011_foto_chica.jpg,https://sitl.diputados.gob.mx/LXVI_leg/images/morena.webp,static/img/diputados_lxvi_raw/005_89_aguirre_gallardo_jose_javier.png,static/img/diputados_lxvi_bn/005_89_aguirre_gallardo_jose_javier.png,
232,Aldana Navarro Luis Humberto,LUIS HUMBERTO ALDANA NAVARRO,Quintana Roo,Dtto. 3,Mayoria Relativa,Mayoría Relativa,Quintana Roo,3,D-104,MORENA,luis.aldana@diputados.gob.mx,Guadalupe Del Socorro Uitz,False,https://sitl.diputados.gob.mx/LXVI_leg/curricula.php?dipt=232,https://sitl.diputados.gob.mx/LXVI_leg/fotos_lxviconfondo/175_foto_chica.jpg,https://sitl.diputados.gob.mx/LXVI_leg/images/morena.webp,static/img/diputados_lxvi_raw/006_232_aldana_navarro_luis_humberto.png,static/img/diputados_lxvi_bn/006_232_aldana_navarro_luis_humberto.png,
180,Alonso Gutiérrez Agustín,AGUSTÍN ALONSO GUTIÉRREZ,Morelos,Dtto. 5,Mayoria Relativa,Mayoría Relativa,Morelos,5,E-136,MORENA,agustin.alonso@diputados.gob.mx,Violeta Campos Alvear,False,https://sitl.diputados.gob.mx/LXVI_leg/curricula.php?dipt=180,https://sitl.diputados.gob.mx/LXVI_leg/fotos_lxviconfondo/420_foto_chica.jpg,https://sitl.diputados.gob.mx/LXVI_leg/images/morena.webp,static/img/diputados_lxvi_raw/007_180_alonso_gutierrez_agustin.png,static/img/diputados_lxvi_bn/007_180_alonso_gutierrez_agustin.png,
539,Álvarez López Jesús Emiliano,JESÚS EMILIANO ÁLVAREZ LÓPEZ,Ciudad de México,Dtto. 1,Mayoria Relativa,Mayoría Relativa,Ciudad de México,1,H-271,MORENA,jesus.alvarez@diputados.gob.mx,,False,https://sitl.diputados.gob.mx/LXVI_leg/curricula.php?dipt=539,https://sitl.diputados.gob.mx/LXVI_leg/fotos_lxviconfondo/504_foto_chica.jpg,https://sitl.diputados.gob.mx/LXVI_leg/images/morena.webp,static/img/diputados_lxvi_raw/008_539_alvarez_lopez_jesus_emiliano.png,static/img/diputados_lxvi_bn/008_539_alvarez_lopez_jesus_emiliano.png,
158,Álvarez Nemer Mónica Angélica,MÓNICA ANGÉLICA ÁLVAREZ NEMER,México,Dtto. 34,Mayoria Relativa,Mayoría Relativa,México,34,J-360,MORENA,monica.alvarez@diputados.gob.mx,María Emma Aguilar Delgado,False,https://sitl.diputados.gob.mx/LXVI_leg/curricula.php?dipt=158,https://sitl.diputados.gob.mx/LXVI_leg/fotos_lxviconfondo/069_foto_chica.jpg,https://sitl.diputados.gob.mx/LXVI_leg/images/morena.webp,static/img/diputados_lxvi_raw/009_158_alvarez_nemer_monica_angelica.png,static/img/diputados_lxvi_bn/009_158_alvarez_nemer_monica_angelica.png,
108,Álvarez Villaseñor Raúl,RAÚL ÁLVAREZ VILLASEÑOR,Jalisco,Dtto. 4,Mayoria Relativa,Mayoría Relativa,Jalisco,4,L-436,MORENA,raul.alvarez@diputados.gob.mx,Martha Adilene Navarro Hernández,False,https://sitl.diputados.gob.mx/LXVI_leg/curricula.php?dipt=108,https://sitl.diputados.gob.mx/LXVI_leg/fotos_lxviconfondo/001_foto_chica.jpg,https://sitl.diputados.gob.mx/LXVI_leg/images/morena.webp,static/img/diputados_lxvi_raw/010_108_alvarez_villasenor_raul.png,static/img/diputados_lxvi_bn/010_108_alvarez_villasenor_raul.png,
139,Anaya Martínez Josefina,JOSEFINA ANAYA MARTÍNEZ,México,Dtto. 15,Mayoria Relativa,Mayoría Relativa,México,15,J-362,MORENA,josefina.anaya@diputados.gob.mx,Rosa Carmen Alvarado Bello,False,https://sitl.diputados.gob.mx/LXVI_leg/curricula.php?dipt=139,https://sitl.diputados.gob.mx/LXVI_leg/fotos_lxviconfondo/044_foto_chica.jpg,https://sitl.diputados.gob.mx/LXVI_leg/images/morena.webp,static/img/diputados_lxvi_raw/011_139_anaya_martinez_josefina.png,static/img/diputados_lxvi_bn/011_139_anaya_martinez_josefina.png,
176,Anaya Villegas Sandra,SANDRA ANAYA VILLEGAS,Morelos,Dtto. 1,Mayoria Relativa,Mayoría Relativa,Morelos,1,F-181,MORENA,sandra.anaya@diputados.gob.mx,Noemí Anaya Villegas,False,https://sitl.diputados.gob.mx/LXVI_leg/curricula.php?dipt=176,https://sitl.diputados.gob.mx/LXVI_leg/fotos_lxviconfondo/096_foto_chica.jpg,https://sitl.diputados.gob.mx/LXVI_leg/images/morena.webp,static/img/diputados_lxvi_raw/012_176_anaya_villegas_sandra.png,static/img/diputados_lxvi_bn/012_176_anaya_villegas_sandra.png,
98,Andrade Zurutuza Daniel,DANIEL ANDRADE ZURUTUZA,Hidalgo,Dtto. 1,Mayoria Relativa,Mayoría Relativa,Hidalgo,1,L-448,MORENA,daniel.andrade@diputados.gob.mx,David Francisco Hernández,False,https://sitl.diputados.gob.mx/LXVI_leg/curricula.php?dipt=98,https://sitl.diputados.gob.mx/LXVI_leg/fotos_lxviconfondo/198_foto_chica.jpg,https://sitl.diputados.gob.mx/LXVI_leg/images/morena.webp,static/img/diputados_lxvi_raw/013_98_andrade_zurutuza_daniel.png,static/img/diputados_lxvi_bn/013_98_andrade_zurutuza_daniel.png,
202,Antonio Altamirano Carol,CAROL ANTONIO ALTAMIRANO,Oaxaca,Dtto. 5,Mayoria Relativa,Mayoría Relativa,Oaxaca,5,K-393,MORENA,carol.antonio@diputados.gob.mx,Oskar Uriel Pérez González,False,https://sitl.diputados.gob.mx/LXVI_leg/curricula.php?dipt=202,https://sitl.diputados.gob.mx/LXVI_leg/fotos_lxviconfondo/433_foto_chica.jpg,https://sitl.diputados.gob.mx/LXVI_leg/images/morena.webp,static/img/diputados_lxvi_raw/014_202_antonio_altamirano_carol.png,static/img/diputados_lxvi_bn/014_202_antonio_altamirano_carol.png,
313,Arellano Ávila Giselle Yunueen,GISELLE YUNUEEN ARELLANO ÁVILA,Jalisco,Circ. 1,Representacion Proporcional,Representación proporcional,,,J-370,MORENA,giselle.arellano@diputados.gob.mx,Yolanda Ávila Saucedo,False,https://sitl.diputados.gob.mx/LXVI_leg/curricula.php?dipt=313,https://sitl.diputados.gob.mx/LXVI_leg/fotos_lxviconfondo/423_foto_chica.jpg,https://sitl.diputados.gob.mx/LXVI_leg/images/morena.webp,static/img/diputados_lxvi_raw/015_313_arellano_avila_giselle_yunueen.png,static/img/diputados_lxvi_bn/015_313_arellano_avila_giselle_yunueen.png,
383,Armendáriz Guerra Carmen Patricia,CARMEN PATRICIA ARMENDÁRIZ GUERRA,Chiapas,Circ. 3,Representacion Proporcional,Representación proporcional,,,K-400,MORENA,carmen.armendariz@diputados.gob.mx,Angélica Ivonne Cisneros Luján,False,https://sitl.diputados.gob.mx/LXVI_leg/curricula.php?dipt=383,https://sitl.diputados.gob.mx/LXVI_leg/fotos_lxviconfondo/143_foto_chica.jpg,https://sitl.diputados.gob.mx/LXVI_leg/images/morena.webp,static/img/diputados_lxvi_raw/016_383_armendariz_guerra_carmen_patricia.png,static/img/diputados_lxvi_bn/016_383_armendariz_guerra_carmen_patricia.png,
274,Armenta Oliveros Magaly,MAGALY ARMENTA OLIVEROS,Veracruz,Dtto. 3,Mayoria Relativa,Mayoría Relativa,Veracruz,3,C-074,MORENA,magaly.armenta@diputados.gob.mx,Deisy Juan Antonio,False,https://sitl.diputados.gob.mx/LXVI_leg/curricula.php?dipt=274,https://sitl.diputados.gob.mx/LXVI_leg/fotos_lxviconfondo/469_foto_chica.jpg,https://sitl.diputados.gob.mx/LXVI_leg/images/morena.webp,static/img/diputados_lxvi_raw/017_274_armenta_oliveros_magaly.png,static/img/diputados_lxvi_bn/017_274_armenta_oliveros_magaly.png,
122,Arreola Lopez Haidyd,HAIDYD ARREOLA LOPEZ,Jalisco,Dtto. 18,Mayoria Relativa,Mayoría Relativa,Jalisco,18,J-368,MORENA,haidyd.arreola@diputados.gob.mx,Arantxa Minerva Arias Mendoza,False,https://sitl.diputados.gob.mx/LXVI_leg/curricula.php?dipt=122,https://sitl.diputados.gob.mx/LXVI_leg/fotos_lxviconfondo/086_foto_chica.jpg,https://sitl.diputados.gob.mx/LXVI_leg/images/morena.webp,static/img/diputados_lxvi_raw/018_122_arreola_lopez_haidyd.png,static/img/diputados_lxvi_bn/018_122_arreola_lopez_haidyd.png,
23,Arreola Trinidad Azucena,AZUCENA ARREOLA TRINIDAD,Chiapas,Dtto. 7,Mayoria Relativa,Mayoría Relativa,Chiapas,7,L-440,MORENA,azucena.arreola@diputados.gob.mx,Macaria García Landa,False,https://sitl.diputados.gob.mx/LXVI_leg/curricula.php?dipt=23,https://sitl.diputados.gob.mx/LXVI_leg/fotos_lxviconfondo/156_foto_chica.jpg,https://sitl.diputados.gob.mx/LXVI_leg/images/morena.webp,static/img/diputados_lxvi_raw/019_23_arreola_trinidad_azucena.png,static/img/diputados_lxvi_bn/019_23_arreola_trinidad_azucena.png,
135,Arzola Vargas Xóchitl Teresa,XÓCHITL TERESA ARZOLA VARGAS,México,Dtto. 11,Mayoria Relativa,Mayoría Relativa,México,11,J-361,MORENA,xochitl.arzola@diputados.gob.mx,María Guadalupe Campillo Martínez,False,https://sitl.diputados.gob.mx/LXVI_leg/curricula.php?dipt=135,https://sitl.diputados.gob.mx/LXVI_leg/fotos_lxviconfondo/060_foto_chica.jpg,https://sitl.diputados.gob.mx/LXVI_leg/images/morena.webp,static/img/diputados_lxvi_raw/020_135_arzola_vargas_xochitl_teresa.png,static/img/diputados_lxvi_bn/020_135_arzola_vargas_xochitl_teresa.png,
428,Asaf Manjarrez Daniel,DANIEL ASAF MANJARREZ,Ciudad de México,Circ. 4,Representacion Proporcional,Representación proporcional,,,G-224,MORENA,daniel.asaf@diputados.gob.mx,José Gonzalo Espina Miranda,False,https://sitl.diputados.gob.mx/LXVI_leg/curricula.php?dipt=428,https://sitl.diputados.gob.mx/LXVI_leg/fotos_lxviconfondo/431_foto_chica.jpg,https://sitl.diputados.gob.mx/LXVI_leg/images/morena.webp,static/img/diputados_lxvi_raw/021_428_asaf_manjarrez_daniel.png,static/img/diputados_lxvi_bn/021_428_asaf_manjarrez_daniel.png,
343,Ávila Anaya Arturo,ARTURO ÁVILA ANAYA,Aguascalientes,Circ. 2,Representacion Proporcional,Representación proporcional,,,I-310,MORENA,francisco.avila@diputados.gob.mx,Uriel Kislev Oliva Núñez,False,https://sitl.diputados.gob.mx/LXVI_leg/curricula.php?dipt=343,https://sitl.diputados.gob.mx/LXVI_leg/fotos_lxviconfondo/210_foto_chica.jpg,https://sitl.diputados.gob.mx/LXVI_leg/images/morena.webp,static/img/diputados_lxvi_raw/022_343_avila_anaya_arturo.png,static/img/diputados_lxvi_bn/022_343_avila_anaya_arturo.png,
810,Ávila Flores Claudia Selene,CLAUDIA SELENE ÁVILA FLORES,Jalisco,Circ. 1,Representacion Proporcional,Representación proporcional,,,M-477,MORENA,claudia.avila@diputados.gob.mx,,False,https://sitl.diputados.gob.mx/LXVI_leg/curricula.php?dipt=810,https://sitl.diputados.gob.mx/LXVI_leg/fotos_lxviconfondo/510_foto_chica.jpg,https://sitl.diputados.gob.mx/LXVI_leg/images/morena.webp,static/img/diputados_lxvi_raw/023_810_avila_flores_claudia_selene.png,static/img/diputados_lxvi_bn/023_810_avila_flores_claudia_selene.png,
233,Ávila Vera Mildred Concepción,MILDRED CONCEPCIÓN ÁVILA VERA,Quintana Roo,Dtto. 4,Mayoria Relativa,Mayoría Relativa,Quintana Roo,4,D-105,MORENA,mildred.avila@diputados.gob.mx,Adriana del Rosario Chan Canul,False,https://sitl.diputados.gob.mx/LXVI_leg/curricula.php?dipt=233,https://sitl.diputados.gob.mx/LXVI_leg/fotos_lxviconfondo/173_foto_chica.jpg,https://sitl.diputados.gob.mx/LXVI_leg/images/morena.webp,static/img/diputados_lxvi_raw/024_233_avila_vera_mildred_concepcion.png,static/img/diputados_lxvi_bn/024_233_avila_vera_mildred_concepcion.png,
149,Avilés Domínguez Leide,LEIDE AVILÉS DOMÍNGUEZ,México,Dtto. 25,Mayoria Relativa,Mayoría Relativa,México,25,I-323,MORENA,leide.aviles@diputados.gob.mx,María Guadalupe Aparicio Balbuena,False,https://sitl.diputados.gob.mx/LXVI_leg/curricula.php?dipt=149,https://sitl.diputados.gob.mx/LXVI_leg/fotos_lxviconfondo/050_foto_chica.jpg,https://sitl.diputados.gob.mx/LXVI_leg/images/morena.webp,static/img/diputados_lxvi_raw/025_149_aviles_dominguez_leide.png,static/img/diputados_lxvi_bn/025_149_aviles_dominguez_leide.png,
242,Ayala Leyva Ana Elizabeth,ANA ELIZABETH AYALA LEYVA,Sinaloa,Dtto. 2,Mayoria Relativa,Mayoría Relativa,Sinaloa,2,C-066,MORENA,ana.ayala@diputados.gob.mx,María Yazmín Meza Ayala,False,https://sitl.diputados.gob.mx/LXVI_leg/curricula.php?dipt=242,https://sitl.diputados.gob.mx/LXVI_leg/fotos_lxviconfondo/074_foto_chica.jpg,https://sitl.diputados.gob.mx/LXVI_leg/images/morena.webp,static/img/diputados_lxvi_raw/026_242_ayala_leyva_ana_elizabeth.png,static/img/diputados_lxvi_bn/026_242_ayala_leyva_ana_elizabeth.png,
248,Baldenebro Arredondo Manuel de Jesús,MANUEL DE JESÚS BALDENEBRO ARREDONDO,Sonora,Dtto. 1,Mayoria Relativa,Mayoría Relativa,Sonora,1,C-067,MORENA,manuel.baldenebro@diputados.gob.mx,Ernesto Roger Munro Jr.,False,https://sitl.diputados.gob.mx/LXVI_leg/curricula.php?dipt=248,https://sitl.diputados.gob.mx/LXVI_leg/fotos_lxviconfondo/033_foto_chica.jpg,https://sitl.diputados.gob.mx/LXVI_leg/images/morena.webp,static/img/diputados_lxvi_raw/027_248_baldenebro_arredondo_manuel_de_jesus.png,static/img/diputados_lxvi_bn/027_248_baldenebro_arredondo_manuel_de_jesus.png,
291,Barrera Puc Rocío Natalí,ROCÍO NATALÍ BARRERA PUC,Yucatán,Dtto. 1,Mayoria Relativa,Mayoría Relativa,Yucatán,1,A-014,MORENA,natali.barrera@diputados.gob.mx,Lidia Noh Torres,False,https://sitl.diputados.gob.mx/LXVI_leg/curricula.php?dipt=291,https://sitl.diputados.gob.mx/LXVI_leg/fotos_lxviconfondo/189_foto_chica.jpg,https://sitl.diputados.gob.mx/LXVI_leg/images/morena.webp,static/img/diputados_lxvi_raw/028_291_barrera_puc_rocio_natali.png,static/img/diputados_lxvi_bn/028_291_barrera_puc_rocio_natali.png,
177,Barrera Vázquez Ariadna,ARIADNA BARRERA VÁZQUEZ,Morelos,Dtto. 2,Mayoria Relativa,Mayoría Relativa,Morelos,2,F-179,MORENA,ariadna.barrera@diputados.gob.mx,Lizzeth Torres Manjarrez,False,https://sitl.diputados.gob.mx/LXVI_leg/curricula.php?dipt=177,https://sitl.diputados.gob.mx/LXVI_leg/fotos_lxviconfondo/110_foto_chica.jpg,https://sitl.diputados.gob.mx/LXVI_leg/images/morena.webp,static/img/diputados_lxvi_raw/029_177_barrera_vazquez_ariadna.png,static/img/diputados_lxvi_bn/029_177_barrera_vazquez_ariadna.png,
16,Basto González Gabriela del Carmen,GABRIELA DEL CARMEN BASTO GONZÁLEZ,Campeche,Dtto. 2,Mayoria Relativa,Mayoría Relativa,Campeche,2,M-493,MORENA,gabriela.basto@diputados.gob.mx,María Jesús Estela Díaz Montes de Oca,False,https://sitl.diputados.gob.mx/LXVI_leg/curricula.php?dipt=16,https://sitl.diputados.gob.mx/LXVI_leg/fotos_lxviconfondo/022_foto_chica.jpg,https://sitl.diputados.gob.mx/LXVI_leg/images/morena.webp,static/img/diputados_lxvi_raw/030_16_basto_gonzalez_gabriela_del_carmen.png,static/img/diputados_lxvi_bn/030_16_basto_gonzalez_gabriela_del_carmen.png,
155,Bautista Bravo Juan Angel,JUAN ANGEL BAUTISTA BRAVO,México,Dtto. 31,Mayoria Relativa,Mayoría Relativa,México,31,I-326,MORENA,juan.bautista@diputados.gob.mx,José Guadalupe González Vargas,False,https://sitl.diputados.gob.mx/LXVI_leg/curricula.php?dipt=155,https://sitl.diputados.gob.mx/LXVI_leg/fotos_lxviconfondo/062_foto_chica.jpg,https://sitl.diputados.gob.mx/LXVI_leg/images/morena.webp,static/img/diputados_lxvi_raw/031_155_bautista_bravo_juan_angel.png,static/img/diputados_lxvi_bn/031_155_bautista_bravo_juan_angel.png,
206,Bautista Peláez María del Carmen,MARÍA DEL CARMEN BAUTISTA PELÁEZ,Oaxaca,Dtto. 9,Mayoria Relativa,Mayoría Relativa,Oaxaca,9,K-392,MORENA,maria.bautista@diputados.gob.mx,Saraí Castellanos Guzmán,False,https://sitl.diputados.gob.mx/LXVI_leg/curricula.php?dipt=206,https://sitl.diputados.gob.mx/LXVI_leg/fotos_lxviconfondo/124_foto_chica.jpg,https://sitl.diputados.gob.mx/LXVI_leg/images/morena.webp,static/img/diputados_lxvi_raw/032_206_bautista_pelaez_maria_del_carmen.png,static/img/diputados_lxvi_bn/032_206_bautista_pelaez_maria_del_carmen.png,
132,Beltrán Reyes Anay,ANAY BELTRÁN REYES,México,Dtto. 8,Mayoria Relativa,Mayoría Relativa,México,8,I-327,MORENA,anay.beltran@diputados.gob.mx,Yessica Juárez García,False,https://sitl.diputados.gob.mx/LXVI_leg/curricula.php?dipt=132,https://sitl.diputados.gob.mx/LXVI_leg/fotos_lxviconfondo/065_foto_chica.jpg,https://sitl.diputados.gob.mx/LXVI_leg/images/morena.webp,static/img/diputados_lxvi_raw/033_132_beltran_reyes_anay.png,static/img/diputados_lxvi_bn/033_132_beltran_reyes_anay.png,
475,Benítez Estrada Rufina,RUFINA BENÍTEZ ESTRADA,Querétaro,Circ. 5,Representacion Proporcional,Representación proporcional,,,D-102,MORENA,rufina.benitez@diputados.gob.mx,--- --- ---,False,https://sitl.diputados.gob.mx/LXVI_leg/curricula.php?dipt=475,https://sitl.diputados.gob.mx/LXVI_leg/fotos_lxviconfondo/264_foto_chica.jpg,https://sitl.diputados.gob.mx/LXVI_leg/images/morena.webp,static/img/diputados_lxvi_raw/034_475_benitez_estrada_rufina.png,static/img/diputados_lxvi_bn/034_475_benitez_estrada_rufina.png,
471,Benítez Tiburcio Mariana,MARIANA BENÍTEZ TIBURCIO,Oaxaca,Circ. 5,Representacion Proporcional,Representación proporcional,,,G-214,MORENA,mariana.benitez@diputados.gob.mx,Susana Cano González,False,https://sitl.diputados.gob.mx/LXVI_leg/curricula.php?dipt=471,https://sitl.diputados.gob.mx/LXVI_leg/fotos_lxviconfondo/320_foto_chica.jpg,https://sitl.diputados.gob.mx/LXVI_leg/images/morena.webp,static/img/diputados_lxvi_raw/035_471_benitez_tiburcio_mariana.png,static/img/diputados_lxvi_bn/035_471_benitez_tiburcio_mariana.png,
109,Blancas Mercado Bruno,BRUNO BLANCAS MERCADO,Jalisco,Dtto. 5,Mayoria Relativa,Mayoría Relativa,Jalisco,5,K-416,MORENA,bruno.blancas@diputados.gob.mx,Luis Fernando Torres Jiménez,False,https://sitl.diputados.gob.mx/LXVI_leg/curricula.php?dipt=109,https://sitl.diputados.gob.mx/LXVI_leg/fotos_lxviconfondo/047_foto_chica.jpg,https://sitl.diputados.gob.mx/LXVI_leg/images/morena.webp,static/img/diputados_lxvi_raw/036_109_blancas_mercado_bruno.png,static/img/diputados_lxvi_bn/036_109_blancas_mercado_bruno.png,
422,Blanco Bravo Cuauhtémoc,CUAUHTÉMOC BLANCO BRAVO,Ciudad de México,Circ. 4,Representacion Proporcional,Representación proporcional,,,F-180,MORENA,cuauhtemoc.blanco@diputados.gob.mx,Sebastián Ramírez Mendoza,False,https://sitl.diputados.gob.mx/LXVI_leg/curricula.php?dipt=422,https://sitl.diputados.gob.mx/LXVI_leg/fotos_lxviconfondo/305_foto_chica.jpg,https://sitl.diputados.gob.mx/LXVI_leg/images/morena.webp,static/img/diputados_lxvi_raw/037_422_blanco_bravo_cuauhtemoc.png,static/img/diputados_lxvi_bn/037_422_blanco_bravo_cuauhtemoc.png,
62,Borrego Adame Francisco Javier,FRANCISCO JAVIER BORREGO ADAME,Coahuila,Dtto. 2,Mayoria Relativa,Mayoría Relativa,Coahuila,2,M-490,MORENA,francisco.borrego@diputados.gob.mx,Silverio Alejandro Hernández Machado,False,https://sitl.diputados.gob.mx/LXVI_leg/curricula.php?dipt=62,https://sitl.diputados.gob.mx/LXVI_leg/fotos_lxviconfondo/055_foto_chica.jpg,https://sitl.diputados.gob.mx/LXVI_leg/images/morena.webp,static/img/diputados_lxvi_raw/038_62_borrego_adame_francisco_javier.png,static/img/diputados_lxvi_bn/038_62_borrego_adame_francisco_javier.png,
293,Brito Zapata Óscar Iván,ÓSCAR IVÁN BRITO ZAPATA,Yucatán,Dtto. 3,Mayoria Relativa,Mayoría Relativa,Yucatán,3,A-015,MORENA,oscar.brito@diputados.gob.mx,José Canto Tamayo,False,https://sitl.diputados.gob.mx/LXVI_leg/curricula.php?dipt=293,https://sitl.diputados.gob.mx/LXVI_leg/fotos_lxviconfondo/145_foto_chica.jpg,https://sitl.diputados.gob.mx/LXVI_leg/images/morena.webp,static/img/diputados_lxvi_raw/039_293_brito_zapata_oscar_ivan.png,static/img/diputados_lxvi_bn/039_293_brito_zapata_oscar_ivan.png,
12,Brown Figueredo Hilda Araceli,HILDA ARACELI BROWN FIGUEREDO,Baja California,Dtto. 9,Mayoria Relativa,Mayoría Relativa,Baja California,9,M-499,MORENA,hilda.brown@diputados.gob.mx,Kenia Abigail Zamudio Aguayo,False,https://sitl.diputados.gob.mx/LXVI_leg/curricula.php?dipt=12,https://sitl.diputados.gob.mx/LXVI_leg/fotos_lxviconfondo/010_foto_chica.jpg,https://sitl.diputados.gob.mx/LXVI_leg/images/morena.webp,static/img/diputados_lxvi_raw/040_12_brown_figueredo_hilda_araceli.png,static/img/diputados_lxvi_bn/040_12_brown_figueredo_hilda_araceli.png,
157,Burgos Hernández Anais Miriam,ANAIS MIRIAM BURGOS HERNÁNDEZ,México,Dtto. 33,Mayoria Relativa,Mayoría Relativa,México,33,I-324,MORENA,anais.burgos@diputados.gob.mx,María Guadalupe de la Rosa León,False,https://sitl.diputados.gob.mx/LXVI_leg/curricula.php?dipt=157,https://sitl.diputados.gob.mx/LXVI_leg/fotos_lxviconfondo/070_foto_chica.jpg,https://sitl.diputados.gob.mx/LXVI_leg/images/morena.webp,static/img/diputados_lxvi_raw/041_157_burgos_hernandez_anais_miriam.png,static/img/diputados_lxvi_bn/041_157_burgos_hernandez_anais_miriam.png,
392,Caamal Cocom Venustiano,VENUSTIANO CAAMAL COCOM,Yucatán,Circ. 3,Representacion Proporcional,Representación proporcional,,,A-013,MORENA,venustiano.caamal@diputados.gob.mx,Eleazar Ortiz Ramírez,False,https://sitl.diputados.gob.mx/LXVI_leg/curricula.php?dipt=392,https://sitl.diputados.gob.mx/LXVI_leg/fotos_lxviconfondo/256_foto_chica.jpg,https://sitl.diputados.gob.mx/LXVI_leg/images/morena.webp,static/img/diputados_lxvi_raw/042_392_caamal_cocom_venustiano.png,static/img/diputados_lxvi_bn/042_392_caamal_cocom_venustiano.png,
314,Cabada Alvidrez Hector Armando,HECTOR ARMANDO CABADA ALVIDREZ,Chihuahua,Circ. 1,Representacion Proporcional,Representación proporcional,,,M-494,MORENA,hector.cabada@diputados.gob.mx,César Christopher Alberto Jiménez López,False,https://sitl.diputados.gob.mx/LXVI_leg/curricula.php?dipt=314,https://sitl.diputados.gob.mx/LXVI_leg/fotos_lxviconfondo/238_foto_chica.jpg,https://sitl.diputados.gob.mx/LXVI_leg/images/morena.webp,static/img/diputados_lxvi_raw/043_314_cabada_alvidrez_hector_armando.png,static/img/diputados_lxvi_bn/043_314_cabada_alvidrez_hector_armando.png,
393,Calcaneo Constantino Karen Yaiti,KAREN YAITI CALCANEO CONSTANTINO,Chiapas,Circ. 3,Representacion Proporcional,Representación proporcional,,,M-481,MORENA,karen.calcaneo@diputados.gob.mx,Mónica Alejandra Gómez Torres,False,https://sitl.diputados.gob.mx/LXVI_leg/curricula.php?dipt=393,https://sitl.diputados.gob.mx/LXVI_leg/fotos_lxviconfondo/418_foto_chica.jpg,https://sitl.diputados.gob.mx/LXVI_leg/images/morena.webp,static/img/diputados_lxvi_raw/044_393_calcaneo_constantino_karen_yaiti.png,static/img/diputados_lxvi_bn/044_393_calcaneo_constantino_karen_yaiti.png,
84,Calderón Díaz Alejandro,ALEJANDRO CALDERÓN DÍAZ,Guanajuato,Dtto. 10,Mayoria Relativa,Mayoría Relativa,Guanajuato,10,K-403,MORENA,alejandro.calderon@diputados.gob.mx,Jaime Aarón Guzmán Pantoja,False,https://sitl.diputados.gob.mx/LXVI_leg/curricula.php?dipt=84,https://sitl.diputados.gob.mx/LXVI_leg/fotos_lxviconfondo/071_foto_chica.jpg,https://sitl.diputados.gob.mx/LXVI_leg/images/morena.webp,static/img/diputados_lxvi_raw/045_84_calderon_diaz_alejandro.png,static/img/diputados_lxvi_bn/045_84_calderon_diaz_alejandro.png,
123,Cárdenas Galván Clara,CLARA CÁRDENAS GALVÁN,Jalisco,Dtto. 19,Mayoria Relativa,Mayoría Relativa,Jalisco,19,K-415,MORENA,clara.cardenas@diputados.gob.mx,Rocío Esquivel Galván,False,https://sitl.diputados.gob.mx/LXVI_leg/curricula.php?dipt=123,https://sitl.diputados.gob.mx/LXVI_leg/fotos_lxviconfondo/032_foto_chica.jpg,https://sitl.diputados.gob.mx/LXVI_leg/images/morena.webp,static/img/diputados_lxvi_raw/046_123_cardenas_galvan_clara.png,static/img/diputados_lxvi_bn/046_123_cardenas_galvan_clara.png,
110,Carranza Gómez Beatriz,BEATRIZ CARRANZA GÓMEZ,Jalisco,Dtto. 6,Mayoria Relativa,Mayoría Relativa,Jalisco,6,K-414,MORENA,beatriz.carranza@diputados.gob.mx,Martha Castañeda Ubaldo,False,https://sitl.diputados.gob.mx/LXVI_leg/curricula.php?dipt=110,https://sitl.diputados.gob.mx/LXVI_leg/fotos_lxviconfondo/084_foto_chica.jpg,https://sitl.diputados.gob.mx/LXVI_leg/images/morena.webp,static/img/diputados_lxvi_raw/047_110_carranza_gomez_beatriz.png,static/img/diputados_lxvi_bn/047_110_carranza_gomez_beatriz.png,
128,Carrasco Godínez Melva,MELVA CARRASCO GODÍNEZ,México,Dtto. 4,Mayoria Relativa,Mayoría Relativa,México,4,J-363,MORENA,melva.carrasco@diputados.gob.mx,Jessica Sarai Aguirre Olguín,False,https://sitl.diputados.gob.mx/LXVI_leg/curricula.php?dipt=128,https://sitl.diputados.gob.mx/LXVI_leg/fotos_lxviconfondo/041_foto_chica.jpg,https://sitl.diputados.gob.mx/LXVI_leg/images/morena.webp,static/img/diputados_lxvi_raw/048_128_carrasco_godinez_melva.png,static/img/diputados_lxvi_bn/048_128_carrasco_godinez_melva.png,
246,Carrazco Macías Olegaria,OLEGARIA CARRAZCO MACÍAS,Sinaloa,Dtto. 6,Mayoria Relativa,Mayoría Relativa,Sinaloa,6,C-064,MORENA,olegaria.carrazco@diputados.gob.mx,Yolanda Rodríguez Sánchez,False,https://sitl.diputados.gob.mx/LXVI_leg/curricula.php?dipt=246,https://sitl.diputados.gob.mx/LXVI_leg/fotos_lxviconfondo/160_foto_chica.jpg,https://sitl.diputados.gob.mx/LXVI_leg/images/morena.webp,static/img/diputados_lxvi_raw/049_246_carrazco_macias_olegaria.png,static/img/diputados_lxvi_bn/049_246_carrazco_macias_olegaria.png,
220,Carrillo Cubillas Mario Miguel,MARIO MIGUEL CARRILLO CUBILLAS,Puebla,Dtto. 13,Mayoria Relativa,Mayoría Relativa,Puebla,13,G-237,MORENA,mario.carrillo@diputados.gob.mx,Omar Zúñiga Lozano,False,https://sitl.diputados.gob.mx/LXVI_leg/curricula.php?dipt=220,https://sitl.diputados.gob.mx/LXVI_leg/fotos_lxviconfondo/141_foto_chica.jpg,https://sitl.diputados.gob.mx/LXVI_leg/images/morena.webp,static/img/diputados_lxvi_raw/050_220_carrillo_cubillas_mario_miguel.png,static/img/diputados_lxvi_bn/050_220_carrillo_cubillas_mario_miguel.png,
213,Carvajal Hidalgo Alejandro,ALEJANDRO CARVAJAL HIDALGO,Puebla,Dtto. 6,Mayoria Relativa,Mayoría Relativa,Puebla,6,H-281,MORENA,alejandro.carvajal@diputados.gob.mx,Heliodoro Luna Vite,False,https://sitl.diputados.gob.mx/LXVI_leg/curricula.php?dipt=213,https://sitl.diputados.gob.mx/LXVI_leg/fotos_lxviconfondo/185_foto_chica.jpg,https://sitl.diputados.gob.mx/LXVI_leg/images/morena.webp,static/img/diputados_lxvi_raw/051_213_carvajal_hidalgo_alejandro.png,static/img/diputados_lxvi_bn/051_213_carvajal_hidalgo_alejandro.png,
113,Castellanos Polanco Favio,FAVIO CASTELLANOS POLANCO,Jalisco,Dtto. 9,Mayoria Relativa,Mayoría Relativa,Jalisco,9,M-471,MORENA,favio.castellanos@diputados.gob.mx,Caleb Adoram Lupián Pérez,False,https://sitl.diputados.gob.mx/LXVI_leg/curricula.php?dipt=113,https://sitl.diputados.gob.mx/LXVI_leg/fotos_lxviconfondo/063_foto_chica.jpg,https://sitl.diputados.gob.mx/LXVI_leg/images/morena.webp,static/img/diputados_lxvi_raw/052_113_castellanos_polanco_favio.png,static/img/diputados_lxvi_bn/052_113_castellanos_polanco_favio.png,
302,Castillo García Gilberto Daniel,GILBERTO DANIEL CASTILLO GARCÍA,Jalisco,Circ. 1,Representacion Proporcional,Representación proporcional,,,K-412,MORENA,gilberto.castillo@diputados.gob.mx,Alfredo Jiménez Noriega,False,https://sitl.diputados.gob.mx/LXVI_leg/curricula.php?dipt=302,https://sitl.diputados.gob.mx/LXVI_leg/fotos_lxviconfondo/239_foto_chica.jpg,https://sitl.diputados.gob.mx/LXVI_leg/images/morena.webp,static/img/diputados_lxvi_raw/053_302_castillo_garcia_gilberto_daniel.png,static/img/diputados_lxvi_bn/053_302_castillo_garcia_gilberto_daniel.png,
124,Castillo Lozano Katia Alejandra,KATIA ALEJANDRA CASTILLO LOZANO,Jalisco,Dtto. 20,Mayoria Relativa,Mayoría Relativa,Jalisco,20,K-410,MORENA,katia.castillo@diputados.gob.mx,Viridiana Guadalupe González Gutiérrez,False,https://sitl.diputados.gob.mx/LXVI_leg/curricula.php?dipt=124,https://sitl.diputados.gob.mx/LXVI_leg/fotos_lxviconfondo/081_foto_chica.jpg,https://sitl.diputados.gob.mx/LXVI_leg/images/morena.webp,static/img/diputados_lxvi_raw/054_124_castillo_lozano_katia_alejandra.png,static/img/diputados_lxvi_bn/054_124_castillo_lozano_katia_alejandra.png,
221,Castillo López Eduardo,EDUARDO CASTILLO LÓPEZ,Puebla,Dtto. 14,Mayoria Relativa,Mayoría Relativa,Puebla,14,G-238,MORENA,eduardo.castillo@diputados.gob.mx,Juan Manuel Vega Suck,False,https://sitl.diputados.gob.mx/LXVI_leg/curricula.php?dipt=221,https://sitl.diputados.gob.mx/LXVI_leg/fotos_lxviconfondo/094_foto_chica.jpg,https://sitl.diputados.gob.mx/LXVI_leg/images/morena.webp,static/img/diputados_lxvi_raw/055_221_castillo_lopez_eduardo.png,static/img/diputados_lxvi_bn/055_221_castillo_lopez_eduardo.png,
237,Castillo Morales Francisco Adrián,FRANCISCO ADRIÁN CASTILLO MORALES,San Luis Potosí,Dtto. 4,Mayoria Relativa,Mayoría Relativa,San Luis Potosí,4,E-139,MORENA,francisco.castillo@diputados.gob.mx,Arturo Alonso García,False,https://sitl.diputados.gob.mx/LXVI_leg/curricula.php?dipt=237,https://sitl.diputados.gob.mx/LXVI_leg/fotos_lxviconfondo/163_foto_chica.jpg,https://sitl.diputados.gob.mx/LXVI_leg/images/morena.webp,static/img/diputados_lxvi_raw/056_237_castillo_morales_francisco_adrian.png,static/img/diputados_lxvi_bn/056_237_castillo_morales_francisco_adrian.png,
434,Castillo Pérez Carlos Alonso,CARLOS ALONSO CASTILLO PÉREZ,Ciudad de México,Circ. 4,Representacion Proporcional,Representación proporcional,,,G-226,MORENA,carlos.castillo@diputados.gob.mx,Haneman Aldegundo Salazar Solorio,False,https://sitl.diputados.gob.mx/LXVI_leg/curricula.php?dipt=434,https://sitl.diputados.gob.mx/LXVI_leg/fotos_lxviconfondo/299_foto_chica.jpg,https://sitl.diputados.gob.mx/LXVI_leg/images/morena.webp,static/img/diputados_lxvi_raw/057_434_castillo_perez_carlos_alonso.png,static/img/diputados_lxvi_bn/057_434_castillo_perez_carlos_alonso.png,
15,Castillo Quintana Elda Esther del Carmen,ELDA ESTHER DEL CARMEN CASTILLO QUINTANA,Campeche,Dtto. 1,Mayoria Relativa,Mayoría Relativa,Campeche,1,M-492,MORENA,elda.castillo@diputados.gob.mx,Karina Guadalupe Graña Sandoval,False,https://sitl.diputados.gob.mx/LXVI_leg/curricula.php?dipt=15,https://sitl.diputados.gob.mx/LXVI_leg/fotos_lxviconfondo/012_foto_chica.jpg,https://sitl.diputados.gob.mx/LXVI_leg/images/morena.webp,static/img/diputados_lxvi_raw/058_15_castillo_quintana_elda_esther_del_carmen.png,static/img/diputados_lxvi_bn/058_15_castillo_quintana_elda_esther_del_carmen.png,
381,Castro Salinas Rosa María,ROSA MARÍA CASTRO SALINAS,Oaxaca,Circ. 3,Representacion Proporcional,Representación proporcional,,,F-192,MORENA,rosamaria.castro@diputados.gob.mx,Gabriela Melina Lira Leal,False,https://sitl.diputados.gob.mx/LXVI_leg/curricula.php?dipt=381,https://sitl.diputados.gob.mx/LXVI_leg/fotos_lxviconfondo/248_foto_chica.jpg,https://sitl.diputados.gob.mx/LXVI_leg/images/morena.webp,static/img/diputados_lxvi_raw/059_381_castro_salinas_rosa_maria.png,static/img/diputados_lxvi_bn/059_381_castro_salinas_rosa_maria.png,
308,Castro Trenti Fernando Jorge,FERNANDO JORGE (LICENCIA) CASTRO TRENTI (LICENCIA),Baja California,Circ. 1,Representacion Proporcional,Representación proporcional,,,J-351,MORENA,fernando.castro@diputados.gob.mx,Hamlet García Almaguer,True,https://sitl.diputados.gob.mx/LXVI_leg/curricula.php?dipt=308,https://sitl.diputados.gob.mx/LXVI_leg/fotos_lxviconfondo/003_foto_chica.jpg,https://sitl.diputados.gob.mx/LXVI_leg/images/morena.webp,static/img/diputados_lxvi_raw/060_308_castro_trenti_fernando_jorge.png,static/img/diputados_lxvi_bn/060_308_castro_trenti_fernando_jorge.png,
67,Castro Villarreal Antonio Lorenzo,ANTONIO LORENZO CASTRO VILLARREAL,Coahuila,Dtto. 7,Mayoria Relativa,Mayoría Relativa,Coahuila,7,M-491,MORENA,antonio.castro@diputados.gob.mx,Alaide Estefanía Yáñez Aguilar,False,https://sitl.diputados.gob.mx/LXVI_leg/curricula.php?dipt=67,https://sitl.diputados.gob.mx/LXVI_leg/fotos_lxviconfondo/039_foto_chica.jpg,https://sitl.diputados.gob.mx/LXVI_leg/images/morena.webp,static/img/diputados_lxvi_raw/061_67_castro_villarreal_antonio_lorenzo.png,static/img/diputados_lxvi_bn/061_67_castro_villarreal_antonio_lorenzo.png,
273,Cervantes de la Cruz Elizabeth,ELIZABETH CERVANTES DE LA CRUZ,Veracruz,Dtto. 2,Mayoria Relativa,Mayoría Relativa,Veracruz,2,C-075,MORENA,elizabeth.cervantes@diputados.gob.mx,Araceli Monroy Razo,False,https://sitl.diputados.gob.mx/LXVI_leg/curricula.php?dipt=273,https://sitl.diputados.gob.mx/LXVI_leg/fotos_lxviconfondo/430_foto_chica.jpg,https://sitl.diputados.gob.mx/LXVI_leg/images/morena.webp,static/img/diputados_lxvi_raw/062_273_cervantes_de_la_cruz_elizabeth.png,static/img/diputados_lxvi_bn/062_273_cervantes_de_la_cruz_elizabeth.png,
348,Chávez Rojas Olga Leticia,OLGA LETICIA CHÁVEZ ROJAS,Nuevo León,Circ. 2,Representacion Proporcional,Representación proporcional,,,G-219,MORENA,olga.chavez@diputados.gob.mx,Carmen Elizabeth García Santos,False,https://sitl.diputados.gob.mx/LXVI_leg/curricula.php?dipt=348,https://sitl.diputados.gob.mx/LXVI_leg/fotos_lxviconfondo/251_foto_chica.jpg,https://sitl.diputados.gob.mx/LXVI_leg/images/morena.webp,static/img/diputados_lxvi_raw/063_348_chavez_rojas_olga_leticia.png,static/img/diputados_lxvi_bn/063_348_chavez_rojas_olga_leticia.png,
102,Cornejo Gómez Astrit Viridiana,ASTRIT VIRIDIANA CORNEJO GÓMEZ,Hidalgo,Dtto. 5,Mayoria Relativa,Mayoría Relativa,Hidalgo,5,K-407,MORENA,astrit.cornejo@diputados.gob.mx,Isamar Chávez Pérez,False,https://sitl.diputados.gob.mx/LXVI_leg/curricula.php?dipt=102,https://sitl.diputados.gob.mx/LXVI_leg/fotos_lxviconfondo/194_foto_chica.jpg,https://sitl.diputados.gob.mx/LXVI_leg/images/morena.webp,static/img/diputados_lxvi_raw/064_102_cornejo_gomez_astrit_viridiana.png,static/img/diputados_lxvi_bn/064_102_cornejo_gomez_astrit_viridiana.png,
136,Corona Arvizu Armando,ARMANDO CORONA ARVIZU,México,Dtto. 12,Mayoria Relativa,Mayoría Relativa,México,12,H-269,MORENA,armando.corona@diputados.gob.mx,Liliana Escobar Benítez,False,https://sitl.diputados.gob.mx/LXVI_leg/curricula.php?dipt=136,https://sitl.diputados.gob.mx/LXVI_leg/fotos_lxviconfondo/037_foto_chica.jpg,https://sitl.diputados.gob.mx/LXVI_leg/images/morena.webp,static/img/diputados_lxvi_raw/065_136_corona_arvizu_armando.png,static/img/diputados_lxvi_bn/065_136_corona_arvizu_armando.png,
288,Corro Mendoza Margarita,MARGARITA CORRO MENDOZA,Veracruz,Dtto. 17,Mayoria Relativa,Mayoría Relativa,Veracruz,17,D-107,MORENA,margarita.corro@diputados.gob.mx,María Isabel Armas Guzmán,False,https://sitl.diputados.gob.mx/LXVI_leg/curricula.php?dipt=288,https://sitl.diputados.gob.mx/LXVI_leg/fotos_lxviconfondo/177_foto_chica.jpg,https://sitl.diputados.gob.mx/LXVI_leg/images/morena.webp,static/img/diputados_lxvi_raw/066_288_corro_mendoza_margarita.png,static/img/diputados_lxvi_bn/066_288_corro_mendoza_margarita.png,
386,Coss y León Zúñiga Humberto,HUMBERTO COSS Y LEÓN ZÚÑIGA,Veracruz,Circ. 3,Representacion Proporcional,Representación proporcional,,,F-184,MORENA,humberto.cossyleon@diputados.gob.mx,Sergio Morales González,False,https://sitl.diputados.gob.mx/LXVI_leg/curricula.php?dipt=386,https://sitl.diputados.gob.mx/LXVI_leg/fotos_lxviconfondo/275_foto_chica.jpg,https://sitl.diputados.gob.mx/LXVI_leg/images/morena.webp,static/img/diputados_lxvi_raw/067_386_coss_y_leon_zuniga_humberto.png,static/img/diputados_lxvi_bn/067_386_coss_y_leon_zuniga_humberto.png,
103,Crespo Arroyo Ricardo,RICARDO CRESPO ARROYO,Hidalgo,Dtto. 6,Mayoria Relativa,Mayoría Relativa,Hidalgo,6,K-405,MORENA,ricardo.crespo@diputados.gob.mx,Ignacio Ángeles Aguilar,False,https://sitl.diputados.gob.mx/LXVI_leg/curricula.php?dipt=103,https://sitl.diputados.gob.mx/LXVI_leg/fotos_lxviconfondo/197_foto_chica.jpg,https://sitl.diputados.gob.mx/LXVI_leg/images/morena.webp,static/img/diputados_lxvi_raw/068_103_crespo_arroyo_ricardo.png,static/img/diputados_lxvi_bn/068_103_crespo_arroyo_ricardo.png,
166,Cruz Lucatero José Luis,JOSÉ LUIS CRUZ LUCATERO,Michoacán,Dtto. 2,Mayoria Relativa,Mayoría Relativa,Michoacán,2,L-446,MORENA,joseluis.cruz@diputados.gob.mx,Ma. Carolina Ceja Araiza,False,https://sitl.diputados.gob.mx/LXVI_leg/curricula.php?dipt=166,https://sitl.diputados.gob.mx/LXVI_leg/fotos_lxviconfondo/083_foto_chica.jpg,https://sitl.diputados.gob.mx/LXVI_leg/images/morena.webp,static/img/diputados_lxvi_raw/069_166_cruz_lucatero_jose_luis.png,static/img/diputados_lxvi_bn/069_166_cruz_lucatero_jose_luis.png,
207,Cruz Mendoza Carmelo,CARMELO CRUZ MENDOZA,Oaxaca,Dtto. 10,Mayoria Relativa,Mayoría Relativa,Oaxaca,10,G-216,MORENA,carmelo.cruz@diputados.gob.mx,Arturo Valadez Gabriel,False,https://sitl.diputados.gob.mx/LXVI_leg/curricula.php?dipt=207,https://sitl.diputados.gob.mx/LXVI_leg/fotos_lxviconfondo/122_foto_chica.jpg,https://sitl.diputados.gob.mx/LXVI_leg/images/morena.webp,static/img/diputados_lxvi_raw/070_207_cruz_mendoza_carmelo.png,static/img/diputados_lxvi_bn/070_207_cruz_mendoza_carmelo.png,
66,Cuevas Sánchez Cintia,CINTIA CUEVAS SÁNCHEZ,Coahuila,Dtto. 6,Mayoria Relativa,Mayoría Relativa,Coahuila,6,I-320,MORENA,cintia.cuevas@diputados.gob.mx,Patricia Isaura Contreras González,False,https://sitl.diputados.gob.mx/LXVI_leg/curricula.php?dipt=66,https://sitl.diputados.gob.mx/LXVI_leg/fotos_lxviconfondo/034_foto_chica.jpg,https://sitl.diputados.gob.mx/LXVI_leg/images/morena.webp,static/img/diputados_lxvi_raw/071_66_cuevas_sanchez_cintia.png,static/img/diputados_lxvi_bn/071_66_cuevas_sanchez_cintia.png,
101,De La Vega Sánchez Alma Lidia,ALMA LIDIA DE LA VEGA SÁNCHEZ,Hidalgo,Dtto. 4,Mayoria Relativa,Mayoría Relativa,Hidalgo,4,K-406,MORENA,lidia.delavega@diputados.gob.mx,Erica Priscila Viveros Estrada,False,https://sitl.diputados.gob.mx/LXVI_leg/curricula.php?dipt=101,https://sitl.diputados.gob.mx/LXVI_leg/fotos_lxviconfondo/207_foto_chica.jpg,https://sitl.diputados.gob.mx/LXVI_leg/images/morena.webp,static/img/diputados_lxvi_raw/072_101_de_la_vega_sanchez_alma_lidia.png,static/img/diputados_lxvi_bn/072_101_de_la_vega_sanchez_alma_lidia.png,
76,De la Vega Vargas Alma Rosa,ALMA ROSA DE LA VEGA VARGAS,Guanajuato,Dtto. 2,Mayoria Relativa,Mayoría Relativa,Guanajuato,2,M-475,MORENA,alma.delavega@diputados.gob.mx,Paola Pamela Laguna Pérez,False,https://sitl.diputados.gob.mx/LXVI_leg/curricula.php?dipt=76,https://sitl.diputados.gob.mx/LXVI_leg/fotos_lxviconfondo/023_foto_chica.jpg,https://sitl.diputados.gob.mx/LXVI_leg/images/morena.webp,static/img/diputados_lxvi_raw/073_76_de_la_vega_vargas_alma_rosa.png,static/img/diputados_lxvi_bn/073_76_de_la_vega_vargas_alma_rosa.png,
18,del Río Zenteno Karina Margarita,KARINA MARGARITA DEL RÍO ZENTENO,Chiapas,Dtto. 2,Mayoria Relativa,Mayoría Relativa,Chiapas,2,L-444,MORENA,karina.delrio@diputados.gob.mx,Magdalena López Ruiz,False,https://sitl.diputados.gob.mx/LXVI_leg/curricula.php?dipt=18,https://sitl.diputados.gob.mx/LXVI_leg/fotos_lxviconfondo/183_foto_chica.jpg,https://sitl.diputados.gob.mx/LXVI_leg/images/morena.webp,static/img/diputados_lxvi_raw/074_18_del_rio_zenteno_karina_margarita.png,static/img/diputados_lxvi_bn/074_18_del_rio_zenteno_karina_margarita.png,
572,Del Valle Ramírez Alejandra,ALEJANDRA DEL VALLE RAMÍREZ,Durango,Dtto. 2,Mayoria Relativa,Mayoría Relativa,Durango,2,I-329,MORENA,alejandra.delvalle@diputados.gob.mx,,False,https://sitl.diputados.gob.mx/LXVI_leg/curricula.php?dipt=572,https://sitl.diputados.gob.mx/LXVI_leg/fotos_lxviconfondo/527_foto_chica.jpg,https://sitl.diputados.gob.mx/LXVI_leg/images/morena.webp,static/img/diputados_lxvi_raw/075_572_del_valle_ramirez_alejandra.png,static/img/diputados_lxvi_bn/075_572_del_valle_ramirez_alejandra.png,
461,Díaz Vilchis Catalina,CATALINA DÍAZ VILCHIS,México,Circ. 5,Representacion Proporcional,Representación proporcional,,,E-145,MORENA,catalina.diaz@diputados.gob.mx,Hilda Canto Arrieta,False,https://sitl.diputados.gob.mx/LXVI_leg/curricula.php?dipt=461,https://sitl.diputados.gob.mx/LXVI_leg/fotos_lxviconfondo/283_foto_chica.jpg,https://sitl.diputados.gob.mx/LXVI_leg/images/morena.webp,static/img/diputados_lxvi_raw/076_461_diaz_vilchis_catalina.png,static/img/diputados_lxvi_bn/076_461_diaz_vilchis_catalina.png,
152,Domínguez Rodríguez Roberto Ángel,ROBERTO ÁNGEL DOMÍNGUEZ RODRÍGUEZ,México,Dtto. 28,Mayoria Relativa,Mayoría Relativa,México,28,I-314,MORENA,roberto.dominguez@diputados.gob.mx,Pedro Eduardo Pineda Delgado,False,https://sitl.diputados.gob.mx/LXVI_leg/curricula.php?dipt=152,https://sitl.diputados.gob.mx/LXVI_leg/fotos_lxviconfondo/052_foto_chica.jpg,https://sitl.diputados.gob.mx/LXVI_leg/images/morena.webp,static/img/diputados_lxvi_raw/077_152_dominguez_rodriguez_roberto_angel.png,static/img/diputados_lxvi_bn/077_152_dominguez_rodriguez_roberto_angel.png,
91,Domínguez Serna Yoloczin Lizbeth,YOLOCZIN LIZBETH DOMÍNGUEZ SERNA,Guerrero,Dtto. 2,Mayoria Relativa,Mayoría Relativa,Guerrero,2,M-484,MORENA,yoloczin.dominguez@diputados.gob.mx,Patricia Guadalupe Pérez Ortega,False,https://sitl.diputados.gob.mx/LXVI_leg/curricula.php?dipt=91,https://sitl.diputados.gob.mx/LXVI_leg/fotos_lxviconfondo/043_foto_chica.jpg,https://sitl.diputados.gob.mx/LXVI_leg/images/morena.webp,static/img/diputados_lxvi_raw/078_91_dominguez_serna_yoloczin_lizbeth.png,static/img/diputados_lxvi_bn/078_91_dominguez_serna_yoloczin_lizbeth.png,
433,Ealy Díaz María Teresa,MARÍA TERESA EALY DÍAZ,Ciudad de México,Circ. 4,Representacion Proporcional,Representación proporcional,,,F-190,MORENA,maria.ealy@diputados.gob.mx,--- --- ---,False,https://sitl.diputados.gob.mx/LXVI_leg/curricula.php?dipt=433,https://sitl.diputados.gob.mx/LXVI_leg/fotos_lxviconfondo/311_foto_chica.jpg,https://sitl.diputados.gob.mx/LXVI_leg/images/morena.webp,static/img/diputados_lxvi_raw/079_433_ealy_diaz_maria_teresa.png,static/img/diputados_lxvi_bn/079_433_ealy_diaz_maria_teresa.png,
972,Ebrard Lestrade Sebastián,SEBASTIÁN EBRARD LESTRADE,México,Circ. 5,Representacion Proporcional,Representación proporcional,,,L-435,MORENA,sebastian.ebrard@diputados.gob.mx,,False,https://sitl.diputados.gob.mx/LXVI_leg/curricula.php?dipt=972,https://sitl.diputados.gob.mx/LXVI_leg/fotos_lxviconfondo/506_foto_chica.jpg,https://sitl.diputados.gob.mx/LXVI_leg/images/morena.webp,static/img/diputados_lxvi_raw/080_972_ebrard_lestrade_sebastian.png,static/img/diputados_lxvi_bn/080_972_ebrard_lestrade_sebastian.png,
287,Escobar García Zenyazen Roberto,ZENYAZEN ROBERTO ESCOBAR GARCÍA,Veracruz,Dtto. 16,Mayoria Relativa,Mayoría Relativa,Veracruz,16,D-110,MORENA,zenyazen.escobar@diputados.gob.mx,Ángel Etiem Jímenez Castañeda,False,https://sitl.diputados.gob.mx/LXVI_leg/curricula.php?dipt=287,https://sitl.diputados.gob.mx/LXVI_leg/fotos_lxviconfondo/176_foto_chica.jpg,https://sitl.diputados.gob.mx/LXVI_leg/images/morena.webp,static/img/diputados_lxvi_raw/081_287_escobar_garcia_zenyazen_roberto.png,static/img/diputados_lxvi_bn/081_287_escobar_garcia_zenyazen_roberto.png,
468,Espino Barrientos Manuel de Jesús,MANUEL DE JESÚS ESPINO BARRIENTOS,Durango,Circ. 5,Representacion Proporcional,Representación proporcional,,,G-230,MORENA,manuel.espino@diputados.gob.mx,Nicolás Alvarado Morales,False,https://sitl.diputados.gob.mx/LXVI_leg/curricula.php?dipt=468,https://sitl.diputados.gob.mx/LXVI_leg/fotos_lxviconfondo/291_foto_chica.jpg,https://sitl.diputados.gob.mx/LXVI_leg/images/morena.webp,static/img/diputados_lxvi_raw/082_468_espino_barrientos_manuel_de_jesus.png,static/img/diputados_lxvi_bn/082_468_espino_barrientos_manuel_de_jesus.png,
22,Esponda Torres Flor de María,FLOR DE MARÍA ESPONDA TORRES,Chiapas,Dtto. 6,Mayoria Relativa,Mayoría Relativa,Chiapas,6,K-401,MORENA,flor.esponda@diputados.gob.mx,Nancy Torija Muñoz,False,https://sitl.diputados.gob.mx/LXVI_leg/curricula.php?dipt=22,https://sitl.diputados.gob.mx/LXVI_leg/fotos_lxviconfondo/196_foto_chica.jpg,https://sitl.diputados.gob.mx/LXVI_leg/images/morena.webp,static/img/diputados_lxvi_raw/083_22_esponda_torres_flor_de_maria.png,static/img/diputados_lxvi_bn/083_22_esponda_torres_flor_de_maria.png,
78,Estrada Domínguez Francisco Javier,FRANCISCO JAVIER ESTRADA DOMÍNGUEZ,Guanajuato,Dtto. 4,Mayoria Relativa,Mayoría Relativa,Guanajuato,4,M-474,MORENA,fjavier.estrada@diputados.gob.mx,Jesús Martín Moreno Martínez,False,https://sitl.diputados.gob.mx/LXVI_leg/curricula.php?dipt=78,https://sitl.diputados.gob.mx/LXVI_leg/fotos_lxviconfondo/018_foto_chica.jpg,https://sitl.diputados.gob.mx/LXVI_leg/images/morena.webp,static/img/diputados_lxvi_raw/084_78_estrada_dominguez_francisco_javier.png,static/img/diputados_lxvi_bn/084_78_estrada_dominguez_francisco_javier.png,
969,Farfán Vázquez Leticia,LETICIA FARFÁN VÁZQUEZ,Michoacán,Circ. 5,Representacion Proporcional,Representación proporcional,,,J-365,MORENA,leticia.farfan@diputados.gob.mx,,False,https://sitl.diputados.gob.mx/LXVI_leg/curricula.php?dipt=969,https://sitl.diputados.gob.mx/LXVI_leg/fotos_lxviconfondo/517_foto_chica.jpg,https://sitl.diputados.gob.mx/LXVI_leg/images/morena.webp,static/img/diputados_lxvi_raw/085_969_farfan_vazquez_leticia.png,static/img/diputados_lxvi_bn/085_969_farfan_vazquez_leticia.png,
435,Fernández Cesar Monica,MONICA FERNÁNDEZ CESAR,Ciudad de México,Circ. 4,Representacion Proporcional,Representación proporcional,,,F-189,MORENA,monica.fernandez@diputados.gob.mx,Sandra Jazmin Miranda Muñoz,False,https://sitl.diputados.gob.mx/LXVI_leg/curricula.php?dipt=435,https://sitl.diputados.gob.mx/LXVI_leg/fotos_lxviconfondo/307_foto_chica.jpg,https://sitl.diputados.gob.mx/LXVI_leg/images/morena.webp,static/img/diputados_lxvi_raw/086_435_fernandez_cesar_monica.png,static/img/diputados_lxvi_bn/086_435_fernandez_cesar_monica.png,
229,Fernández Fuentes Luis Humberto,LUIS HUMBERTO (LICENCIA) FERNÁNDEZ FUENTES (LICENCIA),Querétaro,Dtto. 6,Mayoria Relativa,Mayoría Relativa,Querétaro,6,D-103,MORENA,humberto.fernandez@diputados.gob.mx,Mauricio Alberto Ruiz Olaes,True,https://sitl.diputados.gob.mx/LXVI_leg/curricula.php?dipt=229,https://sitl.diputados.gob.mx/LXVI_leg/fotos_lxviconfondo/009_foto_chica.jpg,https://sitl.diputados.gob.mx/LXVI_leg/images/morena.webp,static/img/diputados_lxvi_raw/087_229_fernandez_fuentes_luis_humberto.png,static/img/diputados_lxvi_bn/087_229_fernandez_fuentes_luis_humberto.png,
10,Fernández Samaniego José Armando,JOSÉ ARMANDO FERNÁNDEZ SAMANIEGO,Baja California,Dtto. 7,Mayoria Relativa,Mayoría Relativa,Baja California,7,L-458,MORENA,armando.fernandez@diputados.gob.mx,Carlos Alonso Angulo Rentería,False,https://sitl.diputados.gob.mx/LXVI_leg/curricula.php?dipt=10,https://sitl.diputados.gob.mx/LXVI_leg/fotos_lxviconfondo/007_foto_chica.jpg,https://sitl.diputados.gob.mx/LXVI_leg/images/morena.webp,static/img/diputados_lxvi_raw/088_10_fernandez_samaniego_jose_armando.png,static/img/diputados_lxvi_bn/088_10_fernandez_samaniego_jose_armando.png,
385,Fernández Sarabia Zayra Linette,ZAYRA LINETTE FERNÁNDEZ SARABIA,Yucatán,Circ. 3,Representacion Proporcional,Representación proporcional,,,A-017,MORENA,zayra.fernandez@diputados.gob.mx,María Adela Balam Uc,False,https://sitl.diputados.gob.mx/LXVI_leg/curricula.php?dipt=385,https://sitl.diputados.gob.mx/LXVI_leg/fotos_lxviconfondo/269_foto_chica.jpg,https://sitl.diputados.gob.mx/LXVI_leg/images/morena.webp,static/img/diputados_lxvi_raw/089_385_fernandez_sarabia_zayra_linette.png,static/img/diputados_lxvi_bn/089_385_fernandez_sarabia_zayra_linette.png,
281,Ferráez Centeno Ana Miriam,ANA MIRIAM FERRÁEZ CENTENO,Veracruz,Dtto. 10,Mayoria Relativa,Mayoría Relativa,Veracruz,10,B-041,MORENA,ana.ferraez@diputados.gob.mx,Rosalinda Galindo Silva,False,https://sitl.diputados.gob.mx/LXVI_leg/curricula.php?dipt=281,https://sitl.diputados.gob.mx/LXVI_leg/fotos_lxviconfondo/166_foto_chica.jpg,https://sitl.diputados.gob.mx/LXVI_leg/images/morena.webp,static/img/diputados_lxvi_raw/090_281_ferraez_centeno_ana_miriam.png,static/img/diputados_lxvi_bn/090_281_ferraez_centeno_ana_miriam.png,
179,Flores Bustamante Juan Ángel,JUAN ÁNGEL FLORES BUSTAMANTE,Morelos,Dtto. 4,Mayoria Relativa,Mayoría Relativa,Morelos,4,F-178,MORENA,angel.flores@diputados.gob.mx,Fidel Demédicis Hidalgo,False,https://sitl.diputados.gob.mx/LXVI_leg/curricula.php?dipt=179,https://sitl.diputados.gob.mx/LXVI_leg/fotos_lxviconfondo/126_foto_chica.jpg,https://sitl.diputados.gob.mx/LXVI_leg/images/morena.webp,static/img/diputados_lxvi_raw/091_179_flores_bustamante_juan_angel.png,static/img/diputados_lxvi_bn/091_179_flores_bustamante_juan_angel.png,
304,Flores Cervantes Hugo Eric,HUGO ERIC FLORES CERVANTES,Baja California,Circ. 1,Representacion Proporcional,Representación proporcional,,,J-355,MORENA,hugo.flores@diputados.gob.mx,Edith Carolina Anda González,False,https://sitl.diputados.gob.mx/LXVI_leg/curricula.php?dipt=304,https://sitl.diputados.gob.mx/LXVI_leg/fotos_lxviconfondo/257_foto_chica.jpg,https://sitl.diputados.gob.mx/LXVI_leg/images/morena.webp,static/img/diputados_lxvi_raw/092_304_flores_cervantes_hugo_eric.png,static/img/diputados_lxvi_bn/092_304_flores_cervantes_hugo_eric.png,
559,Garcés Medina Edén,EDÉN GARCÉS MEDINA,Ciudad de México,Dtto. 21,Mayoria Relativa,Mayoría Relativa,Ciudad de México,21,F-191,MORENA,eden.garces@diputados.gob.mx,,False,https://sitl.diputados.gob.mx/LXVI_leg/curricula.php?dipt=559,https://sitl.diputados.gob.mx/LXVI_leg/fotos_lxviconfondo/516_foto_chica.jpg,https://sitl.diputados.gob.mx/LXVI_leg/images/morena.webp,static/img/diputados_lxvi_raw/093_559_garces_medina_eden.png,static/img/diputados_lxvi_bn/093_559_garces_medina_eden.png,
240,García Antonio Briceyda,BRICEYDA GARCÍA ANTONIO,San Luis Potosí,Dtto. 7,Mayoria Relativa,Mayoría Relativa,San Luis Potosí,7,E-147,MORENA,briceyda.garcia@diputados.gob.mx,Iris Yahel Hernández Ramírez,False,https://sitl.diputados.gob.mx/LXVI_leg/curricula.php?dipt=240,https://sitl.diputados.gob.mx/LXVI_leg/fotos_lxviconfondo/155_foto_chica.jpg,https://sitl.diputados.gob.mx/LXVI_leg/images/morena.webp,static/img/diputados_lxvi_raw/094_240_garcia_antonio_briceyda.png,static/img/diputados_lxvi_bn/094_240_garcia_antonio_briceyda.png,
111,García Hernández Claudia,CLAUDIA GARCÍA HERNÁNDEZ,Jalisco,Dtto. 7,Mayoria Relativa,Mayoría Relativa,Jalisco,7,J-369,MORENA,claudia.garcia@diputados.gob.mx,Verónica Franco Villalobos,False,https://sitl.diputados.gob.mx/LXVI_leg/curricula.php?dipt=111,https://sitl.diputados.gob.mx/LXVI_leg/fotos_lxviconfondo/375_foto_chica.jpg,https://sitl.diputados.gob.mx/LXVI_leg/images/morena.webp,static/img/diputados_lxvi_raw/095_111_garcia_hernandez_claudia.png,static/img/diputados_lxvi_bn/095_111_garcia_hernandez_claudia.png,
56,García Hernández Gabriel,GABRIEL GARCÍA HERNÁNDEZ,Ciudad de México,Dtto. 18,Mayoria Relativa,Mayoría Relativa,Ciudad de México,18,G-234,MORENA,gabriel.hernandez@diputados.gob.mx,Daniel Salazar Núñez,False,https://sitl.diputados.gob.mx/LXVI_leg/curricula.php?dipt=56,https://sitl.diputados.gob.mx/LXVI_leg/fotos_lxviconfondo/162_foto_chica.jpg,https://sitl.diputados.gob.mx/LXVI_leg/images/morena.webp,static/img/diputados_lxvi_raw/096_56_garcia_hernandez_gabriel.png,static/img/diputados_lxvi_bn/096_56_garcia_hernandez_gabriel.png,
212,García Romero Rafaela Vianey,RAFAELA VIANEY GARCÍA ROMERO,Puebla,Dtto. 5,Mayoria Relativa,Mayoría Relativa,Puebla,5,H-276,MORENA,vianey.garcia@diputados.gob.mx,Dulce María Reyes Quiroz,False,https://sitl.diputados.gob.mx/LXVI_leg/curricula.php?dipt=212,https://sitl.diputados.gob.mx/LXVI_leg/fotos_lxviconfondo/120_foto_chica.jpg,https://sitl.diputados.gob.mx/LXVI_leg/images/morena.webp,static/img/diputados_lxvi_raw/097_212_garcia_romero_rafaela_vianey.png,static/img/diputados_lxvi_bn/097_212_garcia_romero_rafaela_vianey.png,
71,García Vidaña Martha Olivia,MARTHA OLIVIA GARCÍA VIDAÑA,Durango,Dtto. 1,Mayoria Relativa,Mayoría Relativa,Durango,1,G-228,MORENA,olivia.garcia@diputados.gob.mx,Marina Medrano Ávila,False,https://sitl.diputados.gob.mx/LXVI_leg/curricula.php?dipt=71,https://sitl.diputados.gob.mx/LXVI_leg/fotos_lxviconfondo/061_foto_chica.jpg,https://sitl.diputados.gob.mx/LXVI_leg/images/morena.webp,static/img/diputados_lxvi_raw/098_71_garcia_vidana_martha_olivia.png,static/img/diputados_lxvi_bn/098_71_garcia_vidana_martha_olivia.png,
138,Garfias Alcantara Claudia Leticia,CLAUDIA LETICIA GARFIAS ALCANTARA,México,Dtto. 14,Mayoria Relativa,Mayoría Relativa,México,14,I-315,MORENA,claudia.garfias@diputados.gob.mx,Cecilia Victoria Villagrán,False,https://sitl.diputados.gob.mx/LXVI_leg/curricula.php?dipt=138,https://sitl.diputados.gob.mx/LXVI_leg/fotos_lxviconfondo/048_foto_chica.jpg,https://sitl.diputados.gob.mx/LXVI_leg/images/morena.webp,static/img/diputados_lxvi_raw/099_138_garfias_alcantara_claudia_leticia.png,static/img/diputados_lxvi_bn/099_138_garfias_alcantara_claudia_leticia.png,
165,Godoy Rangel Leonel,LEONEL GODOY RANGEL,Michoacán,Dtto. 1,Mayoria Relativa,Mayoría Relativa,Michoacán,1,K-395,MORENA,leonel.godoy@diputados.gob.mx,Antonio de Jesús Madriz Estrada,False,https://sitl.diputados.gob.mx/LXVI_leg/curricula.php?dipt=165,https://sitl.diputados.gob.mx/LXVI_leg/fotos_lxviconfondo/114_foto_chica.jpg,https://sitl.diputados.gob.mx/LXVI_leg/images/morena.webp,static/img/diputados_lxvi_raw/100_165_godoy_rangel_leonel.png,static/img/diputados_lxvi_bn/100_165_godoy_rangel_leonel.png,
423,Gómez Maldonado Maiella Martha Gabriela,MAIELLA MARTHA GABRIELA GÓMEZ MALDONADO,Puebla,Circ. 4,Representacion Proporcional,Representación proporcional,,,G-223,MORENA,maiella.gomez@diputados.gob.mx,Luvithelman del Rosario Grajales Gutiérrez,False,https://sitl.diputados.gob.mx/LXVI_leg/curricula.php?dipt=423,https://sitl.diputados.gob.mx/LXVI_leg/fotos_lxviconfondo/258_foto_chica.jpg,https://sitl.diputados.gob.mx/LXVI_leg/images/morena.webp,static/img/diputados_lxvi_raw/101_423_gomez_maldonado_maiella_martha_gabriela.png,static/img/diputados_lxvi_bn/101_423_gomez_maldonado_maiella_martha_gabriela.png,
115,Gómez Pozos Merilyn,MERILYN GÓMEZ POZOS,Jalisco,Dtto. 11,Mayoria Relativa,Mayoría Relativa,Jalisco,11,H-264,MORENA,merilyn.gomez@diputados.gob.mx,Laura Minerva Hernández Herrera,False,https://sitl.diputados.gob.mx/LXVI_leg/curricula.php?dipt=115,https://sitl.diputados.gob.mx/LXVI_leg/fotos_lxviconfondo/002_foto_chica.jpg,https://sitl.diputados.gob.mx/LXVI_leg/images/morena.webp,static/img/diputados_lxvi_raw/102_115_gomez_pozos_merilyn.png,static/img/diputados_lxvi_bn/102_115_gomez_pozos_merilyn.png,
745,González Carrillo Luis Sebastián,LUIS SEBASTIÁN GONZÁLEZ CARRILLO,Sinaloa,Dtto. 5,Mayoria Relativa,Mayoría Relativa,Sinaloa,5,L-441,MORENA,sebastian.gonzalez@diputados.gob.mx,,False,https://sitl.diputados.gob.mx/LXVI_leg/curricula.php?dipt=745,https://sitl.diputados.gob.mx/LXVI_leg/fotos_lxviconfondo/561_foto_chica.jpg,https://sitl.diputados.gob.mx/LXVI_leg/images/morena.webp,static/img/diputados_lxvi_raw/103_745_gonzalez_carrillo_luis_sebastian.png,static/img/diputados_lxvi_bn/103_745_gonzalez_carrillo_luis_sebastian.png,
211,González Hernández Juan Antonio,JUAN ANTONIO GONZÁLEZ HERNÁNDEZ,Puebla,Dtto. 4,Mayoria Relativa,Mayoría Relativa,Puebla,4,G-235,MORENA,juanantonio.gonzalez@diputados.gob.mx,Aurelio Flores Solano,False,https://sitl.diputados.gob.mx/LXVI_leg/curricula.php?dipt=211,https://sitl.diputados.gob.mx/LXVI_leg/fotos_lxviconfondo/091_foto_chica.jpg,https://sitl.diputados.gob.mx/LXVI_leg/images/morena.webp,static/img/diputados_lxvi_raw/104_211_gonzalez_hernandez_juan_antonio.png,static/img/diputados_lxvi_bn/104_211_gonzalez_hernandez_juan_antonio.png,
116,González Pérez Sandra Beatriz,SANDRA BEATRIZ GONZÁLEZ PÉREZ,Jalisco,Dtto. 12,Mayoria Relativa,Mayoría Relativa,Jalisco,12,K-413,MORENA,sandra.gonzalez@diputados.gob.mx,Lucía Ruvalcaba Jiménez,False,https://sitl.diputados.gob.mx/LXVI_leg/curricula.php?dipt=116,https://sitl.diputados.gob.mx/LXVI_leg/fotos_lxviconfondo/078_foto_chica.jpg,https://sitl.diputados.gob.mx/LXVI_leg/images/morena.webp,static/img/diputados_lxvi_raw/105_116_gonzalez_perez_sandra_beatriz.png,static/img/diputados_lxvi_bn/105_116_gonzalez_perez_sandra_beatriz.png,
257,Graniel Zenteno Rosa Margarita,ROSA MARGARITA GRANIEL ZENTENO,Tabasco,Dtto. 3,Mayoria Relativa,Mayoría Relativa,Tabasco,3,B-039,MORENA,rosa.graniel@diputados.gob.mx,María Bárbara López Castañeda,False,https://sitl.diputados.gob.mx/LXVI_leg/curricula.php?dipt=257,https://sitl.diputados.gob.mx/LXVI_leg/fotos_lxviconfondo/144_foto_chica.jpg,https://sitl.diputados.gob.mx/LXVI_leg/images/morena.webp,static/img/diputados_lxvi_raw/106_257_graniel_zenteno_rosa_margarita.png,static/img/diputados_lxvi_bn/106_257_graniel_zenteno_rosa_margarita.png,
396,Guerrero Pérez Eleazar,ELEAZAR GUERRERO PÉREZ,Veracruz,Circ. 3,Representacion Proporcional,Representación proporcional,,,D-106,MORENA,eleazar.guerrero@diputados.gob.mx,Ulises Rodríguez Landa,False,https://sitl.diputados.gob.mx/LXVI_leg/curricula.php?dipt=396,https://sitl.diputados.gob.mx/LXVI_leg/fotos_lxviconfondo/266_foto_chica.jpg,https://sitl.diputados.gob.mx/LXVI_leg/images/morena.webp,static/img/diputados_lxvi_raw/107_396_guerrero_perez_eleazar.png,static/img/diputados_lxvi_bn/107_396_guerrero_perez_eleazar.png,
255,Gutiérrez Bocanegra Julio Ernesto,JULIO ERNESTO GUTIÉRREZ BOCANEGRA,Tabasco,Dtto. 1,Mayoria Relativa,Mayoría Relativa,Tabasco,1,B-040,MORENA,julio.gutierrez@diputados.gob.mx,Luis Romeo Gurría Gurría,False,https://sitl.diputados.gob.mx/LXVI_leg/curricula.php?dipt=255,https://sitl.diputados.gob.mx/LXVI_leg/fotos_lxviconfondo/116_foto_chica.jpg,https://sitl.diputados.gob.mx/LXVI_leg/images/morena.webp,static/img/diputados_lxvi_raw/108_255_gutierrez_bocanegra_julio_ernesto.png,static/img/diputados_lxvi_bn/108_255_gutierrez_bocanegra_julio_ernesto.png,
474,Gutiérrez Luna Sergio Carlos,SERGIO CARLOS GUTIÉRREZ LUNA,Veracruz,Circ. 5,Representacion Proporcional,Representación proporcional,,,P-504,MORENA,sergio.gutierrez@diputados.gob.mx,Luis Euripides Alejandro Flores Pacheco,False,https://sitl.diputados.gob.mx/LXVI_leg/curricula.php?dipt=474,https://sitl.diputados.gob.mx/LXVI_leg/fotos_lxviconfondo/308_foto_chica.jpg,https://sitl.diputados.gob.mx/LXVI_leg/images/morena.webp,static/img/diputados_lxvi_raw/109_474_gutierrez_luna_sergio_carlos.png,static/img/diputados_lxvi_bn/109_474_gutierrez_luna_sergio_carlos.png,
306,Haces Barba Pedro Miguel,PEDRO MIGUEL HACES BARBA,Ciudad de México,Circ. 1,Representacion Proporcional,Representación proporcional,,,I-309,MORENA,pedro.haces@diputados.gob.mx,Erik Ricardo Osornio Medina,False,https://sitl.diputados.gob.mx/LXVI_leg/curricula.php?dipt=306,https://sitl.diputados.gob.mx/LXVI_leg/fotos_lxviconfondo/254_foto_chica.jpg,https://sitl.diputados.gob.mx/LXVI_leg/images/morena.webp,static/img/diputados_lxvi_raw/110_306_haces_barba_pedro_miguel.png,static/img/diputados_lxvi_bn/110_306_haces_barba_pedro_miguel.png,
52,Hernández Mirón Carlos,CARLOS HERNÁNDEZ MIRÓN,Ciudad de México,Dtto. 14,Mayoria Relativa,Mayoría Relativa,Ciudad de México,14,G-233,MORENA,carlos.miron@diputados.gob.mx,Luz Cristina Bravo López,False,https://sitl.diputados.gob.mx/LXVI_leg/curricula.php?dipt=52,https://sitl.diputados.gob.mx/LXVI_leg/fotos_lxviconfondo/059_foto_chica.jpg,https://sitl.diputados.gob.mx/LXVI_leg/images/morena.webp,static/img/diputados_lxvi_raw/111_52_hernandez_miron_carlos.png,static/img/diputados_lxvi_bn/111_52_hernandez_miron_carlos.png,
154,Hernández Pérez César Agustín,CÉSAR AGUSTÍN HERNÁNDEZ PÉREZ,México,Dtto. 30,Mayoria Relativa,Mayoría Relativa,México,30,I-317,MORENA,cesar.hernandez@diputados.gob.mx,Luis Vallejo Valverde,False,https://sitl.diputados.gob.mx/LXVI_leg/curricula.php?dipt=154,https://sitl.diputados.gob.mx/LXVI_leg/fotos_lxviconfondo/080_foto_chica.jpg,https://sitl.diputados.gob.mx/LXVI_leg/images/morena.webp,static/img/diputados_lxvi_raw/112_154_hernandez_perez_cesar_agustin.png,static/img/diputados_lxvi_bn/112_154_hernandez_perez_cesar_agustin.png,
262,Hernández Sáenz Claudia Alejandra,CLAUDIA ALEJANDRA HERNÁNDEZ SÁENZ,Tamaulipas,Dtto. 2,Mayoria Relativa,Mayoría Relativa,Tamaulipas,2,A-011,MORENA,alejandra.hernandez@diputados.gob.mx,Diva Zuleica González Tijerina,False,https://sitl.diputados.gob.mx/LXVI_leg/curricula.php?dipt=262,https://sitl.diputados.gob.mx/LXVI_leg/fotos_lxviconfondo/139_foto_chica.jpg,https://sitl.diputados.gob.mx/LXVI_leg/images/morena.webp,static/img/diputados_lxvi_raw/113_262_hernandez_saenz_claudia_alejandra.png,static/img/diputados_lxvi_bn/113_262_hernandez_saenz_claudia_alejandra.png,
159,Hernández Tapia Arturo Roberto,ARTURO ROBERTO HERNÁNDEZ TAPIA,México,Dtto. 35,Mayoria Relativa,Mayoría Relativa,México,35,I-318,MORENA,arturo.hernandez@diputados.gob.mx,Felipe Vidal Gómez,False,https://sitl.diputados.gob.mx/LXVI_leg/curricula.php?dipt=159,https://sitl.diputados.gob.mx/LXVI_leg/fotos_lxviconfondo/056_foto_chica.jpg,https://sitl.diputados.gob.mx/LXVI_leg/images/morena.webp,static/img/diputados_lxvi_raw/114_159_hernandez_tapia_arturo_roberto.png,static/img/diputados_lxvi_bn/114_159_hernandez_tapia_arturo_roberto.png,
9,Herrera Solórzano Gilberto,GILBERTO HERRERA SOLÓRZANO,Baja California,Dtto. 6,Mayoria Relativa,Mayoría Relativa,Baja California,6,L-456,MORENA,gilberto.herrera@diputados.gob.mx,Alejandra Vianney Padilla Orozco,False,https://sitl.diputados.gob.mx/LXVI_leg/curricula.php?dipt=9,https://sitl.diputados.gob.mx/LXVI_leg/fotos_lxviconfondo/015_foto_chica.jpg,https://sitl.diputados.gob.mx/LXVI_leg/images/morena.webp,static/img/diputados_lxvi_raw/115_9_herrera_solorzano_gilberto.png,static/img/diputados_lxvi_bn/115_9_herrera_solorzano_gilberto.png,
278,Herrera Villavicencio Mónica,MÓNICA HERRERA VILLAVICENCIO,Veracruz,Dtto. 7,Mayoria Relativa,Mayoría Relativa,Veracruz,7,E-146,MORENA,monica.herrera@diputados.gob.mx,Yuriria Vivero Mendoza,False,https://sitl.diputados.gob.mx/LXVI_leg/curricula.php?dipt=278,https://sitl.diputados.gob.mx/LXVI_leg/fotos_lxviconfondo/213_foto_chica.jpg,https://sitl.diputados.gob.mx/LXVI_leg/images/morena.webp,static/img/diputados_lxvi_raw/116_278_herrera_villavicencio_monica.png,static/img/diputados_lxvi_bn/116_278_herrera_villavicencio_monica.png,
87,Higareda Segura Lucero,LUCERO HIGAREDA SEGURA,Guanajuato,Dtto. 13,Mayoria Relativa,Mayoría Relativa,Guanajuato,13,M-473,MORENA,lucero.higareda@diputados.gob.mx,Ivonne Nayeli Cabrera Ramírez,False,https://sitl.diputados.gob.mx/LXVI_leg/curricula.php?dipt=87,https://sitl.diputados.gob.mx/LXVI_leg/fotos_lxviconfondo/024_foto_chica.jpg,https://sitl.diputados.gob.mx/LXVI_leg/images/morena.webp,static/img/diputados_lxvi_raw/117_87_higareda_segura_lucero.png,static/img/diputados_lxvi_bn/117_87_higareda_segura_lucero.png,
254,Higuera Esquer Alma Manuela,ALMA MANUELA HIGUERA ESQUER,Sonora,Dtto. 7,Mayoria Relativa,Mayoría Relativa,Sonora,7,C-070,MORENA,alma.higuera@diputados.gob.mx,Gricelda Lorena Soto Almada,False,https://sitl.diputados.gob.mx/LXVI_leg/curricula.php?dipt=254,https://sitl.diputados.gob.mx/LXVI_leg/fotos_lxviconfondo/154_foto_chica.jpg,https://sitl.diputados.gob.mx/LXVI_leg/images/morena.webp,static/img/diputados_lxvi_raw/118_254_higuera_esquer_alma_manuela.png,static/img/diputados_lxvi_bn/118_254_higuera_esquer_alma_manuela.png,
741,Jaime Ontiveros Sara,SARA JAIME ONTIVEROS,Sinaloa,Dtto. 1,Mayoria Relativa,Mayoría Relativa,Sinaloa,1,D-100,MORENA,sara.jaime@diputados.gob.mx,,False,https://sitl.diputados.gob.mx/LXVI_leg/curricula.php?dipt=741,https://sitl.diputados.gob.mx/LXVI_leg/fotos_lxviconfondo/562_foto_chica.jpg,https://sitl.diputados.gob.mx/LXVI_leg/images/morena.webp,static/img/diputados_lxvi_raw/119_741_jaime_ontiveros_sara.png,static/img/diputados_lxvi_bn/119_741_jaime_ontiveros_sara.png,
41,Jiménez Godoy Gabriela Georgina,GABRIELA GEORGINA JIMÉNEZ GODOY,Ciudad de México,Dtto. 3,Mayoria Relativa,Mayoría Relativa,Ciudad de México,3,I-311,MORENA,georgina.jimenez@diputados.gob.mx,Cristina Aline Galicia Chavarría,False,https://sitl.diputados.gob.mx/LXVI_leg/curricula.php?dipt=41,https://sitl.diputados.gob.mx/LXVI_leg/fotos_lxviconfondo/038_foto_chica.jpg,https://sitl.diputados.gob.mx/LXVI_leg/images/morena.webp,static/img/diputados_lxvi_raw/120_41_jimenez_godoy_gabriela_georgina.png,static/img/diputados_lxvi_bn/120_41_jimenez_godoy_gabriela_georgina.png,
201,Jiménez Vásquez Naty Poob Pijy,NATY POOB PIJY JIMÉNEZ VÁSQUEZ,Oaxaca,Dtto. 4,Mayoria Relativa,Mayoría Relativa,Oaxaca,4,G-215,MORENA,naty.jimenez@diputados.gob.mx,Lucy Hernández Pérez,False,https://sitl.diputados.gob.mx/LXVI_leg/curricula.php?dipt=201,https://sitl.diputados.gob.mx/LXVI_leg/fotos_lxviconfondo/152_foto_chica.jpg,https://sitl.diputados.gob.mx/LXVI_leg/images/morena.webp,static/img/diputados_lxvi_raw/121_201_jimenez_vasquez_naty_poob_pijy.png,static/img/diputados_lxvi_bn/121_201_jimenez_vasquez_naty_poob_pijy.png,
845,Jiménez J. Jesús,J. JESÚS JIMÉNEZ,Zacatecas,Circ. 2,Representacion Proporcional,Representación proporcional,,,G-227,MORENA,j.jesus.jimenez@diputados.gob.mx,,False,https://sitl.diputados.gob.mx/LXVI_leg/curricula.php?dipt=845,https://sitl.diputados.gob.mx/LXVI_leg/fotos_lxviconfondo/545_foto_chica.jpg,https://sitl.diputados.gob.mx/LXVI_leg/images/morena.webp,static/img/diputados_lxvi_raw/122_845_jimenez_j_jesus.png,static/img/diputados_lxvi_bn/122_845_jimenez_j_jesus.png,
199,Juan Carlos Irma,IRMA JUAN CARLOS,Oaxaca,Dtto. 2,Mayoria Relativa,Mayoría Relativa,Oaxaca,2,G-213,MORENA,irma.juan@diputados.gob.mx,Ana Elizabeth Estrada García,False,https://sitl.diputados.gob.mx/LXVI_leg/curricula.php?dipt=199,https://sitl.diputados.gob.mx/LXVI_leg/fotos_lxviconfondo/105_foto_chica.jpg,https://sitl.diputados.gob.mx/LXVI_leg/images/morena.webp,static/img/diputados_lxvi_raw/123_199_juan_carlos_irma.png,static/img/diputados_lxvi_bn/123_199_juan_carlos_irma.png,
258,Lastra Bastar Jaime Humberto,JAIME HUMBERTO LASTRA BASTAR,Tabasco,Dtto. 4,Mayoria Relativa,Mayoría Relativa,Tabasco,4,E-141,MORENA,jaime.lastra@diputados.gob.mx,Emilio Antonio Contreras Martínez de Escobar,False,https://sitl.diputados.gob.mx/LXVI_leg/curricula.php?dipt=258,https://sitl.diputados.gob.mx/LXVI_leg/fotos_lxviconfondo/147_foto_chica.jpg,https://sitl.diputados.gob.mx/LXVI_leg/images/morena.webp,static/img/diputados_lxvi_raw/124_258_lastra_bastar_jaime_humberto.png,static/img/diputados_lxvi_bn/124_258_lastra_bastar_jaime_humberto.png,
770,Lobatón Corona Oscar,OSCAR LOBATÓN CORONA,Tlaxcala,Dtto. 2,Mayoria Relativa,Mayoría Relativa,Tlaxcala,2,H-266,MORENA,oscar.lobaton@diputados.gob.mx,,False,https://sitl.diputados.gob.mx/LXVI_leg/curricula.php?dipt=770,https://sitl.diputados.gob.mx/LXVI_leg/fotos_lxviconfondo/567_foto_chica.jpg,https://sitl.diputados.gob.mx/LXVI_leg/images/morena.webp,static/img/diputados_lxvi_raw/125_770_lobaton_corona_oscar.png,static/img/diputados_lxvi_bn/125_770_lobaton_corona_oscar.png,
466,Lobo Román Víctor Hugo,VÍCTOR HUGO LOBO ROMÁN,Ciudad de México,Circ. 5,Representacion Proporcional,Representación proporcional,,,J-352,MORENA,victor.lobo@diputados.gob.mx,Omar Mariel Tripp Reyna,False,https://sitl.diputados.gob.mx/LXVI_leg/curricula.php?dipt=466,https://sitl.diputados.gob.mx/LXVI_leg/fotos_lxviconfondo/325_foto_chica.jpg,https://sitl.diputados.gob.mx/LXVI_leg/images/morena.webp,static/img/diputados_lxvi_raw/126_466_lobo_roman_victor_hugo.png,static/img/diputados_lxvi_bn/126_466_lobo_roman_victor_hugo.png,
7,López Gorosave Rocío,ROCÍO LÓPEZ GOROSAVE,Baja California,Dtto. 4,Mayoria Relativa,Mayoría Relativa,Baja California,4,M-498,MORENA,rocio.lopez@diputados.gob.mx,Adriana del Pilar Reyes García,False,https://sitl.diputados.gob.mx/LXVI_leg/curricula.php?dipt=7,https://sitl.diputados.gob.mx/LXVI_leg/fotos_lxviconfondo/005_foto_chica.jpg,https://sitl.diputados.gob.mx/LXVI_leg/images/morena.webp,static/img/diputados_lxvi_raw/127_7_lopez_gorosave_rocio.png,static/img/diputados_lxvi_bn/127_7_lopez_gorosave_rocio.png,
465,López Orozco Diana Isela,DIANA ISELA LÓPEZ OROZCO,México,Circ. 5,Representacion Proporcional,Representación proporcional,,,I-319,MORENA,diana.lopez@diputados.gob.mx,Graciela Pérez Romero,False,https://sitl.diputados.gob.mx/LXVI_leg/curricula.php?dipt=465,https://sitl.diputados.gob.mx/LXVI_leg/fotos_lxviconfondo/303_foto_chica.jpg,https://sitl.diputados.gob.mx/LXVI_leg/images/morena.webp,static/img/diputados_lxvi_raw/128_465_lopez_orozco_diana_isela.png,static/img/diputados_lxvi_bn/128_465_lopez_orozco_diana_isela.png,
387,López Santiago Herminia,HERMINIA LÓPEZ SANTIAGO,Oaxaca,Circ. 3,Representacion Proporcional,Representación proporcional,,,L-430,MORENA,herminia.lopez@diputados.gob.mx,Hilda Martínez Santiago,False,https://sitl.diputados.gob.mx/LXVI_leg/curricula.php?dipt=387,https://sitl.diputados.gob.mx/LXVI_leg/fotos_lxviconfondo/253_foto_chica.jpg,https://sitl.diputados.gob.mx/LXVI_leg/images/morena.webp,static/img/diputados_lxvi_raw/129_387_lopez_santiago_herminia.png,static/img/diputados_lxvi_bn/129_387_lopez_santiago_herminia.png,
426,López Vela Jaime Genaro,JAIME GENARO LÓPEZ VELA,Ciudad de México,Circ. 4,Representacion Proporcional,Representación proporcional,,,F-193,MORENA,jaime.lopez@diputados.gob.mx,Marco Antonio Temístocles Villanueva Ramos,False,https://sitl.diputados.gob.mx/LXVI_leg/curricula.php?dipt=426,https://sitl.diputados.gob.mx/LXVI_leg/fotos_lxviconfondo/298_foto_chica.jpg,https://sitl.diputados.gob.mx/LXVI_leg/images/morena.webp,static/img/diputados_lxvi_raw/130_426_lopez_vela_jaime_genaro.png,static/img/diputados_lxvi_bn/130_426_lopez_vela_jaime_genaro.png,
346,López de la Cruz Amalia,AMALIA LÓPEZ DE LA CRUZ,Aguascalientes,Circ. 2,Representacion Proporcional,Representación proporcional,,,A-012,MORENA,amalia.lopez@diputados.gob.mx,Sarahi García Antonio,False,https://sitl.diputados.gob.mx/LXVI_leg/curricula.php?dipt=346,https://sitl.diputados.gob.mx/LXVI_leg/fotos_lxviconfondo/259_foto_chica.jpg,https://sitl.diputados.gob.mx/LXVI_leg/images/morena.webp,static/img/diputados_lxvi_raw/131_346_lopez_de_la_cruz_amalia.png,static/img/diputados_lxvi_bn/131_346_lopez_de_la_cruz_amalia.png,
297,Luévano Cantú María Soledad,MARÍA SOLEDAD LUÉVANO CANTÚ,Zacatecas,Dtto. 1,Mayoria Relativa,Mayoría Relativa,Zacatecas,1,I-313,MORENA,maria.luevano@diputados.gob.mx,Argelia Jetzirah Aragón Galván,False,https://sitl.diputados.gob.mx/LXVI_leg/curricula.php?dipt=297,https://sitl.diputados.gob.mx/LXVI_leg/fotos_lxviconfondo/190_foto_chica.jpg,https://sitl.diputados.gob.mx/LXVI_leg/images/morena.webp,static/img/diputados_lxvi_raw/132_297_luevano_cantu_maria_soledad.png,static/img/diputados_lxvi_bn/132_297_luevano_cantu_maria_soledad.png,
120,Maldonado Chavarín Alberto,ALBERTO MALDONADO CHAVARÍN,Jalisco,Dtto. 16,Mayoria Relativa,Mayoría Relativa,Jalisco,16,L-453,MORENA,alberto.maldonado@diputados.gob.mx,Flavio Mendoza Rodríguez,False,https://sitl.diputados.gob.mx/LXVI_leg/curricula.php?dipt=120,https://sitl.diputados.gob.mx/LXVI_leg/fotos_lxviconfondo/072_foto_chica.jpg,https://sitl.diputados.gob.mx/LXVI_leg/images/morena.webp,static/img/diputados_lxvi_raw/133_120_maldonado_chavarin_alberto.png,static/img/diputados_lxvi_bn/133_120_maldonado_chavarin_alberto.png,
133,Marin Rangel Ivan,IVAN MARIN RANGEL,México,Dtto. 9,Mayoria Relativa,Mayoría Relativa,México,9,J-339,MORENA,ivan.marin@diputados.gob.mx,Viridiana García González,False,https://sitl.diputados.gob.mx/LXVI_leg/curricula.php?dipt=133,https://sitl.diputados.gob.mx/LXVI_leg/fotos_lxviconfondo/495_foto_chica.jpg,https://sitl.diputados.gob.mx/LXVI_leg/images/morena.webp,static/img/diputados_lxvi_raw/134_133_marin_rangel_ivan.png,static/img/diputados_lxvi_bn/134_133_marin_rangel_ivan.png,
311,Martínez Montaño Karina Isabel,KARINA ISABEL MARTÍNEZ MONTAÑO,Sinaloa,Circ. 1,Representacion Proporcional,Representación proporcional,,,D-099,MORENA,karina.martinez@diputados.gob.mx,Rosa María Hernández Madero,False,https://sitl.diputados.gob.mx/LXVI_leg/curricula.php?dipt=311,https://sitl.diputados.gob.mx/LXVI_leg/fotos_lxviconfondo/247_foto_chica.jpg,https://sitl.diputados.gob.mx/LXVI_leg/images/morena.webp,static/img/diputados_lxvi_raw/135_311_martinez_montano_karina_isabel.png,static/img/diputados_lxvi_bn/135_311_martinez_montano_karina_isabel.png,
432,Mayer Bretón Sergio,SERGIO MAYER BRETÓN,Ciudad de México,Circ. 4,Representacion Proporcional,Representación proporcional,,,F-185,MORENA,sergio.mayer@diputados.gob.mx,Luis Morales Flores,False,https://sitl.diputados.gob.mx/LXVI_leg/curricula.php?dipt=432,https://sitl.diputados.gob.mx/LXVI_leg/fotos_lxviconfondo/314_foto_chica.jpg,https://sitl.diputados.gob.mx/LXVI_leg/images/morena.webp,static/img/diputados_lxvi_raw/136_432_mayer_breton_sergio.png,static/img/diputados_lxvi_bn/136_432_mayer_breton_sergio.png,
799,Mejía Haro Antonio,ANTONIO MEJÍA HARO,Zacatecas,Dtto. 3,Mayoria Relativa,Mayoría Relativa,Zacatecas,3,M-486,MORENA,antonio.mejia@diputados.gob.mx,,False,https://sitl.diputados.gob.mx/LXVI_leg/curricula.php?dipt=799,https://sitl.diputados.gob.mx/LXVI_leg/fotos_lxviconfondo/565_foto_chica.jpg,https://sitl.diputados.gob.mx/LXVI_leg/images/morena.webp,static/img/diputados_lxvi_raw/137_799_mejia_haro_antonio.png,static/img/diputados_lxvi_bn/137_799_mejia_haro_antonio.png,
547,Mejía Méndez Roberto,ROBERTO MEJÍA MÉNDEZ,Ciudad de México,Dtto. 9,Mayoria Relativa,Mayoría Relativa,Ciudad de México,9,G-231,MORENA,roberto.mejia@diputados.gob.mx,,False,https://sitl.diputados.gob.mx/LXVI_leg/curricula.php?dipt=547,https://sitl.diputados.gob.mx/LXVI_leg/fotos_lxviconfondo/544_foto_chica.jpg,https://sitl.diputados.gob.mx/LXVI_leg/images/morena.webp,static/img/diputados_lxvi_raw/138_547_mejia_mendez_roberto.png,static/img/diputados_lxvi_bn/138_547_mejia_mendez_roberto.png,
462,Mendoza Arce Fernando,FERNANDO MENDOZA ARCE,México,Circ. 5,Representacion Proporcional,Representación proporcional,,,G-229,MORENA,fernando.mendoza@diputados.gob.mx,Marcos Pavel Ramírez Acevedo,False,https://sitl.diputados.gob.mx/LXVI_leg/curricula.php?dipt=462,https://sitl.diputados.gob.mx/LXVI_leg/fotos_lxviconfondo/280_foto_chica.jpg,https://sitl.diputados.gob.mx/LXVI_leg/images/morena.webp,static/img/diputados_lxvi_raw/139_462_mendoza_arce_fernando.png,static/img/diputados_lxvi_bn/139_462_mendoza_arce_fernando.png,
429,Mendoza Ramírez Eunice Abigail,EUNICE ABIGAIL MENDOZA RAMÍREZ,Hidalgo,Circ. 4,Representacion Proporcional,Representación proporcional,,,L-449,MORENA,eunice.mendoza@diputados.gob.mx,Nayairi Arce López,False,https://sitl.diputados.gob.mx/LXVI_leg/curricula.php?dipt=429,https://sitl.diputados.gob.mx/LXVI_leg/fotos_lxviconfondo/288_foto_chica.jpg,https://sitl.diputados.gob.mx/LXVI_leg/images/morena.webp,static/img/diputados_lxvi_raw/140_429_mendoza_ramirez_eunice_abigail.png,static/img/diputados_lxvi_bn/140_429_mendoza_ramirez_eunice_abigail.png,
252,Mendoza Ruiz Jacobo,JACOBO MENDOZA RUIZ,Sonora,Dtto. 5,Mayoria Relativa,Mayoría Relativa,Sonora,5,C-071,MORENA,jacobo.mendoza@diputados.gob.mx,Karina Teresita Zárate Félix,False,https://sitl.diputados.gob.mx/LXVI_leg/curricula.php?dipt=252,https://sitl.diputados.gob.mx/LXVI_leg/fotos_lxviconfondo/119_foto_chica.jpg,https://sitl.diputados.gob.mx/LXVI_leg/images/morena.webp,static/img/diputados_lxvi_raw/141_252_mendoza_ruiz_jacobo.png,static/img/diputados_lxvi_bn/141_252_mendoza_ruiz_jacobo.png,
118,Michel López Marcela,MARCELA MICHEL LÓPEZ,Jalisco,Dtto. 14,Mayoria Relativa,Mayoría Relativa,Jalisco,14,K-411,MORENA,marcela.michel@diputados.gob.mx,María Elena Ortega González,False,https://sitl.diputados.gob.mx/LXVI_leg/curricula.php?dipt=118,https://sitl.diputados.gob.mx/LXVI_leg/fotos_lxviconfondo/448_foto_chica.jpg,https://sitl.diputados.gob.mx/LXVI_leg/images/morena.webp,static/img/diputados_lxvi_raw/142_118_michel_lopez_marcela.png,static/img/diputados_lxvi_bn/142_118_michel_lopez_marcela.png,
279,Mier Acolt Jorge Alberto,JORGE ALBERTO MIER ACOLT,Veracruz,Dtto. 8,Mayoria Relativa,Mayoría Relativa,Veracruz,8,D-109,MORENA,jorge.mier@diputados.gob.mx,Luis Manuel Cervantes Alfonseca,False,https://sitl.diputados.gob.mx/LXVI_leg/curricula.php?dipt=279,https://sitl.diputados.gob.mx/LXVI_leg/fotos_lxviconfondo/178_foto_chica.jpg,https://sitl.diputados.gob.mx/LXVI_leg/images/morena.webp,static/img/diputados_lxvi_raw/143_279_mier_acolt_jorge_alberto.png,static/img/diputados_lxvi_bn/143_279_mier_acolt_jorge_alberto.png,
215,Mier Bañuelos Carlos Ignacio,CARLOS IGNACIO MIER BAÑUELOS,Puebla,Dtto. 8,Mayoria Relativa,Mayoría Relativa,Puebla,8,J-356,MORENA,carlos.mier@diputados.gob.mx,Eduardo Barojas Huerta,False,https://sitl.diputados.gob.mx/LXVI_leg/curricula.php?dipt=215,https://sitl.diputados.gob.mx/LXVI_leg/fotos_lxviconfondo/132_foto_chica.jpg,https://sitl.diputados.gob.mx/LXVI_leg/images/morena.webp,static/img/diputados_lxvi_raw/144_215_mier_banuelos_carlos_ignacio.png,static/img/diputados_lxvi_bn/144_215_mier_banuelos_carlos_ignacio.png,
145,Millán Contreras Iván,IVÁN MILLÁN CONTRERAS,México,Dtto. 21,Mayoria Relativa,Mayoría Relativa,México,21,I-321,MORENA,ivan.millan@diputados.gob.mx,Gabriela Calleja Corona,False,https://sitl.diputados.gob.mx/LXVI_leg/curricula.php?dipt=145,https://sitl.diputados.gob.mx/LXVI_leg/fotos_lxviconfondo/051_foto_chica.jpg,https://sitl.diputados.gob.mx/LXVI_leg/images/morena.webp,static/img/diputados_lxvi_raw/145_145_millan_contreras_ivan.png,static/img/diputados_lxvi_bn/145_145_millan_contreras_ivan.png,
259,Milland Pérez Beatriz,BEATRIZ MILLAND PÉREZ,Tabasco,Dtto. 5,Mayoria Relativa,Mayoría Relativa,Tabasco,5,B-038,MORENA,beatriz.milland@diputados.gob.mx,Vanessa Díaz Domínguez,False,https://sitl.diputados.gob.mx/LXVI_leg/curricula.php?dipt=259,https://sitl.diputados.gob.mx/LXVI_leg/fotos_lxviconfondo/157_foto_chica.jpg,https://sitl.diputados.gob.mx/LXVI_leg/images/morena.webp,static/img/diputados_lxvi_raw/146_259_milland_perez_beatriz.png,static/img/diputados_lxvi_bn/146_259_milland_perez_beatriz.png,
260,Mollinedo Cano Tey,TEY MOLLINEDO CANO,Tabasco,Dtto. 6,Mayoria Relativa,Mayoría Relativa,Tabasco,6,E-142,MORENA,tey.mollinedo@diputados.gob.mx,María Consuelo Cornelio Alcudia,False,https://sitl.diputados.gob.mx/LXVI_leg/curricula.php?dipt=260,https://sitl.diputados.gob.mx/LXVI_leg/fotos_lxviconfondo/151_foto_chica.jpg,https://sitl.diputados.gob.mx/LXVI_leg/images/morena.webp,static/img/diputados_lxvi_raw/147_260_mollinedo_cano_tey.png,static/img/diputados_lxvi_bn/147_260_mollinedo_cano_tey.png,
341,Monreal Ávila Ricardo,RICARDO MONREAL ÁVILA,Zacatecas,Circ. 2,Representacion Proporcional,Representación proporcional,,,I-308,MORENA,ricardo.monreal@diputados.gob.mx,Rodolfo González Valderrama,False,https://sitl.diputados.gob.mx/LXVI_leg/curricula.php?dipt=341,https://sitl.diputados.gob.mx/LXVI_leg/fotos_lxviconfondo/252_foto_chica.jpg,https://sitl.diputados.gob.mx/LXVI_leg/images/morena.webp,static/img/diputados_lxvi_raw/148_341_monreal_avila_ricardo.png,static/img/diputados_lxvi_bn/148_341_monreal_avila_ricardo.png,
90,Mora Eguiluz Celeste,CELESTE MORA EGUILUZ,Guerrero,Dtto. 1,Mayoria Relativa,Mayoría Relativa,Guerrero,1,M-485,MORENA,celeste.mora@diputados.gob.mx,Cecilia Monserrat Nieto Arias,False,https://sitl.diputados.gob.mx/LXVI_leg/curricula.php?dipt=90,https://sitl.diputados.gob.mx/LXVI_leg/fotos_lxviconfondo/135_foto_chica.jpg,https://sitl.diputados.gob.mx/LXVI_leg/images/morena.webp,static/img/diputados_lxvi_raw/149_90_mora_eguiluz_celeste.png,static/img/diputados_lxvi_bn/149_90_mora_eguiluz_celeste.png,
349,Morales Mendoza Gabino,GABINO MORALES MENDOZA,San Luis Potosí,Circ. 2,Representacion Proporcional,Representación proporcional,,,E-138,MORENA,gabino.morales@diputados.gob.mx,Enrique Serrano Contreras,False,https://sitl.diputados.gob.mx/LXVI_leg/curricula.php?dipt=349,https://sitl.diputados.gob.mx/LXVI_leg/fotos_lxviconfondo/263_foto_chica.jpg,https://sitl.diputados.gob.mx/LXVI_leg/images/morena.webp,static/img/diputados_lxvi_raw/150_349_morales_mendoza_gabino.png,static/img/diputados_lxvi_bn/150_349_morales_mendoza_gabino.png,
921,Morales Rubio María Guadalupe,MARÍA GUADALUPE MORALES RUBIO,Ciudad de México,Circ. 4,Representacion Proporcional,Representación proporcional,,,E-140,MORENA,mariagpe.morales@diputados.gob.mx,,False,https://sitl.diputados.gob.mx/LXVI_leg/curricula.php?dipt=921,https://sitl.diputados.gob.mx/LXVI_leg/fotos_lxviconfondo/512_foto_chica.jpg,https://sitl.diputados.gob.mx/LXVI_leg/images/morena.webp,static/img/diputados_lxvi_raw/151_921_morales_rubio_maria_guadalupe.png,static/img/diputados_lxvi_bn/151_921_morales_rubio_maria_guadalupe.png,
69,Morán Sánchez Leoncio Alfonso,LEONCIO ALFONSO MORÁN SÁNCHEZ,Colima,Dtto. 1,Mayoria Relativa,Mayoría Relativa,Colima,1,F-187,MORENA,leoncio.moran@diputados.gob.mx,Alán Fabricio Soto García,False,https://sitl.diputados.gob.mx/LXVI_leg/curricula.php?dipt=69,https://sitl.diputados.gob.mx/LXVI_leg/fotos_lxviconfondo/057_foto_chica.jpg,https://sitl.diputados.gob.mx/LXVI_leg/images/morena.webp,static/img/diputados_lxvi_raw/152_69_moran_sanchez_leoncio_alfonso.png,static/img/diputados_lxvi_bn/152_69_moran_sanchez_leoncio_alfonso.png,
307,Moreno Méndez Dora Alicia,DORA ALICIA MORENO MÉNDEZ,Sonora,Circ. 1,Representacion Proporcional,Representación proporcional,,,C-068,MORENA,dora.moreno@diputados.gob.mx,Yolanda Aguilar Páez,False,https://sitl.diputados.gob.mx/LXVI_leg/curricula.php?dipt=307,https://sitl.diputados.gob.mx/LXVI_leg/fotos_lxviconfondo/246_foto_chica.jpg,https://sitl.diputados.gob.mx/LXVI_leg/images/morena.webp,static/img/diputados_lxvi_raw/153_307_moreno_mendez_dora_alicia.png,static/img/diputados_lxvi_bn/153_307_moreno_mendez_dora_alicia.png,
6,Moreno Ramírez Claudia Lisbeth,CLAUDIA LISBETH MORENO RAMÍREZ,Baja California,Dtto. 3,Mayoria Relativa,Mayoría Relativa,Baja California,3,M-497,MORENA,lisbeth.moreno@diputados.gob.mx,Cecilia García Ovalles,False,https://sitl.diputados.gob.mx/LXVI_leg/curricula.php?dipt=6,https://sitl.diputados.gob.mx/LXVI_leg/fotos_lxviconfondo/008_foto_chica.jpg,https://sitl.diputados.gob.mx/LXVI_leg/images/morena.webp,static/img/diputados_lxvi_raw/154_6_moreno_ramirez_claudia_lisbeth.png,static/img/diputados_lxvi_bn/154_6_moreno_ramirez_claudia_lisbeth.png,
430,Moreno Rivera Julio César,JULIO CÉSAR MORENO RIVERA,Ciudad de México,Circ. 4,Representacion Proporcional,Representación proporcional,,,K-396,MORENA,julio.moreno@diputados.gob.mx,Enrique Taboada Sánchez,False,https://sitl.diputados.gob.mx/LXVI_leg/curricula.php?dipt=430,https://sitl.diputados.gob.mx/LXVI_leg/fotos_lxviconfondo/312_foto_chica.jpg,https://sitl.diputados.gob.mx/LXVI_leg/images/morena.webp,static/img/diputados_lxvi_raw/155_430_moreno_rivera_julio_cesar.png,static/img/diputados_lxvi_bn/155_430_moreno_rivera_julio_cesar.png,
27,Moreno Villatoro Rosario del Carmen,ROSARIO DEL CARMEN MORENO VILLATORO,Chiapas,Dtto. 11,Mayoria Relativa,Mayoría Relativa,Chiapas,11,M-480,MORENA,rosario.moreno@diputados.gob.mx,Renata Stefania Camacho Solís,False,https://sitl.diputados.gob.mx/LXVI_leg/curricula.php?dipt=27,https://sitl.diputados.gob.mx/LXVI_leg/fotos_lxviconfondo/179_foto_chica.jpg,https://sitl.diputados.gob.mx/LXVI_leg/images/morena.webp,static/img/diputados_lxvi_raw/156_27_moreno_villatoro_rosario_del_carmen.png,static/img/diputados_lxvi_bn/156_27_moreno_villatoro_rosario_del_carmen.png,
30,Murguía Lardizábal Daniel,DANIEL MURGUÍA LARDIZÁBAL,Chihuahua,Dtto. 1,Mayoria Relativa,Mayoría Relativa,Chihuahua,1,M-495,MORENA,daniel.murguia@diputados.gob.mx,Severiano Roberto Hernández Ríos,False,https://sitl.diputados.gob.mx/LXVI_leg/curricula.php?dipt=30,https://sitl.diputados.gob.mx/LXVI_leg/fotos_lxviconfondo/419_foto_chica.jpg,https://sitl.diputados.gob.mx/LXVI_leg/images/morena.webp,static/img/diputados_lxvi_raw/157_30_murguia_lardizabal_daniel.png,static/img/diputados_lxvi_bn/157_30_murguia_lardizabal_daniel.png,
382,Muñiz Cabrera Kenia Gisell,KENIA GISELL MUÑIZ CABRERA,Veracruz,Circ. 3,Representacion Proporcional,Representación proporcional,,,E-150,MORENA,kenia.muniz@diputados.gob.mx,María Patricia Couoh Baas,False,https://sitl.diputados.gob.mx/LXVI_leg/curricula.php?dipt=382,https://sitl.diputados.gob.mx/LXVI_leg/fotos_lxviconfondo/274_foto_chica.jpg,https://sitl.diputados.gob.mx/LXVI_leg/images/morena.webp,static/img/diputados_lxvi_raw/158_382_muniz_cabrera_kenia_gisell.png,static/img/diputados_lxvi_bn/158_382_muniz_cabrera_kenia_gisell.png,
847,Narro Céspedes José,JOSÉ (LICENCIA) NARRO CÉSPEDES (LICENCIA),Zacatecas,Circ. 2,Representacion Proporcional,Representación proporcional,,,G-220,MORENA,jose.narro@diputados.gob.mx,,True,https://sitl.diputados.gob.mx/LXVI_leg/curricula.php?dipt=847,https://sitl.diputados.gob.mx/LXVI_leg/fotos_lxviconfondo/507_foto_chica.jpg,https://sitl.diputados.gob.mx/LXVI_leg/images/morena.webp,static/img/diputados_lxvi_raw/159_847_narro_cespedes_jose.png,static/img/diputados_lxvi_bn/159_847_narro_cespedes_jose.png,
266,Narro Panameño Blanca Araceli,BLANCA ARACELI NARRO PANAMEÑO,Tamaulipas,Dtto. 6,Mayoria Relativa,Mayoría Relativa,Tamaulipas,6,A-010,MORENA,blanca.narro@diputados.gob.mx,María Fernanda Rincón Proctor,False,https://sitl.diputados.gob.mx/LXVI_leg/curricula.php?dipt=266,https://sitl.diputados.gob.mx/LXVI_leg/fotos_lxviconfondo/049_foto_chica.jpg,https://sitl.diputados.gob.mx/LXVI_leg/images/morena.webp,static/img/diputados_lxvi_raw/160_266_narro_panameno_blanca_araceli.png,static/img/diputados_lxvi_bn/160_266_narro_panameno_blanca_araceli.png,
637,Navarrete Rivera Alma Delia,ALMA DELIA NAVARRETE RIVERA,México,Dtto. 13,Mayoria Relativa,Mayoría Relativa,México,13,J-364,MORENA,alma.navarrete@diputados.gob.mx,,False,https://sitl.diputados.gob.mx/LXVI_leg/curricula.php?dipt=637,https://sitl.diputados.gob.mx/LXVI_leg/fotos_lxviconfondo/523_foto_chica.jpg,https://sitl.diputados.gob.mx/LXVI_leg/images/morena.webp,static/img/diputados_lxvi_raw/161_637_navarrete_rivera_alma_delia.png,static/img/diputados_lxvi_bn/161_637_navarrete_rivera_alma_delia.png,
182,Navarro Pérez Beatriz Andrea,BEATRIZ ANDREA NAVARRO PÉREZ,Nayarit,Dtto. 2,Mayoria Relativa,Mayoría Relativa,Nayarit,2,B-037,MORENA,beatriz.navarro@diputados.gob.mx,Irma Graciana Arjona Crespo,False,https://sitl.diputados.gob.mx/LXVI_leg/curricula.php?dipt=182,https://sitl.diputados.gob.mx/LXVI_leg/fotos_lxviconfondo/128_foto_chica.jpg,https://sitl.diputados.gob.mx/LXVI_leg/images/morena.webp,static/img/diputados_lxvi_raw/162_182_navarro_perez_beatriz_andrea.png,static/img/diputados_lxvi_bn/162_182_navarro_perez_beatriz_andrea.png,
298,Olguín Serna Julia Arcelia,JULIA ARCELIA (LICENCIA) OLGUÍN SERNA (LICENCIA),Zacatecas,Dtto. 2,Mayoria Relativa,Mayoría Relativa,Zacatecas,2,J-353,MORENA,julia.olguin@diputados.gob.mx,Edna Berenice López Hernández,True,https://sitl.diputados.gob.mx/LXVI_leg/curricula.php?dipt=298,https://sitl.diputados.gob.mx/LXVI_leg/fotos_lxviconfondo/240_foto_chica.jpg,https://sitl.diputados.gob.mx/LXVI_leg/images/morena.webp,static/img/diputados_lxvi_raw/163_298_olguin_serna_julia_arcelia.png,static/img/diputados_lxvi_bn/163_298_olguin_serna_julia_arcelia.png,
424,Olivares Cerda Arturo,ARTURO OLIVARES CERDA,Ciudad de México,Circ. 4,Representacion Proporcional,Representación proporcional,,,H-274,MORENA,arturo.olivares@diputados.gob.mx,Rafael Olivos Hernández,False,https://sitl.diputados.gob.mx/LXVI_leg/curricula.php?dipt=424,https://sitl.diputados.gob.mx/LXVI_leg/fotos_lxviconfondo/294_foto_chica.jpg,https://sitl.diputados.gob.mx/LXVI_leg/images/morena.webp,static/img/diputados_lxvi_raw/164_424_olivares_cerda_arturo.png,static/img/diputados_lxvi_bn/164_424_olivares_cerda_arturo.png,
384,Oliver Cen Luis Arturo,LUIS ARTURO OLIVER CEN,Yucatán,Circ. 3,Representacion Proporcional,Representación proporcional,,,F-183,MORENA,luis.oliver@diputados.gob.mx,Ángel Prior Valencia,False,https://sitl.diputados.gob.mx/LXVI_leg/curricula.php?dipt=384,https://sitl.diputados.gob.mx/LXVI_leg/fotos_lxviconfondo/272_foto_chica.jpg,https://sitl.diputados.gob.mx/LXVI_leg/images/morena.webp,static/img/diputados_lxvi_raw/165_384_oliver_cen_luis_arturo.png,static/img/diputados_lxvi_bn/165_384_oliver_cen_luis_arturo.png,
222,Orozco Caballero María del Rosario,MARÍA DEL ROSARIO OROZCO CABALLERO,Puebla,Dtto. 15,Mayoria Relativa,Mayoría Relativa,Puebla,15,H-278,MORENA,maria.orozco@diputados.gob.mx,Paulina Enecoiz Garci Crespo,False,https://sitl.diputados.gob.mx/LXVI_leg/curricula.php?dipt=222,https://sitl.diputados.gob.mx/LXVI_leg/fotos_lxviconfondo/017_foto_chica.jpg,https://sitl.diputados.gob.mx/LXVI_leg/images/morena.webp,static/img/diputados_lxvi_raw/166_222_orozco_caballero_maria_del_rosario.png,static/img/diputados_lxvi_bn/166_222_orozco_caballero_maria_del_rosario.png,
168,Ortega Tiburcio Rosa Guadalupe,ROSA GUADALUPE ORTEGA TIBURCIO,Michoacán,Dtto. 4,Mayoria Relativa,Mayoría Relativa,Michoacán,4,L-447,MORENA,rosa.ortega@diputados.gob.mx,Alma Rocío López Castellanos,False,https://sitl.diputados.gob.mx/LXVI_leg/curricula.php?dipt=168,https://sitl.diputados.gob.mx/LXVI_leg/fotos_lxviconfondo/079_foto_chica.jpg,https://sitl.diputados.gob.mx/LXVI_leg/images/morena.webp,static/img/diputados_lxvi_raw/167_168_ortega_tiburcio_rosa_guadalupe.png,static/img/diputados_lxvi_bn/167_168_ortega_tiburcio_rosa_guadalupe.png,
351,Oseguera Kernion Adrián,ADRIÁN OSEGUERA KERNION,Tamaulipas,Circ. 2,Representacion Proporcional,Representación proporcional,,,L-434,MORENA,adrian.oseguera@diputados.gob.mx,Juan Carlos Pastrana Mancera,False,https://sitl.diputados.gob.mx/LXVI_leg/curricula.php?dipt=351,https://sitl.diputados.gob.mx/LXVI_leg/fotos_lxviconfondo/261_foto_chica.jpg,https://sitl.diputados.gob.mx/LXVI_leg/images/morena.webp,static/img/diputados_lxvi_raw/168_351_oseguera_kernion_adrian.png,static/img/diputados_lxvi_bn/168_351_oseguera_kernion_adrian.png,
397,Osorio Ferral Bertha,BERTHA OSORIO FERRAL,Veracruz,Circ. 3,Representacion Proporcional,Representación proporcional,,,E-149,MORENA,bertha.osorio@diputados.gob.mx,Yolanda Alonso De los Santos,False,https://sitl.diputados.gob.mx/LXVI_leg/curricula.php?dipt=397,https://sitl.diputados.gob.mx/LXVI_leg/fotos_lxviconfondo/262_foto_chica.jpg,https://sitl.diputados.gob.mx/LXVI_leg/images/morena.webp,static/img/diputados_lxvi_raw/169_397_osorio_ferral_bertha.png,static/img/diputados_lxvi_bn/169_397_osorio_ferral_bertha.png,
100,P. Ángeles Moreno Tatiana Tonantzin,TATIANA TONANTZIN P. ÁNGELES MORENO,Hidalgo,Dtto. 3,Mayoria Relativa,Mayoría Relativa,Hidalgo,3,M-472,MORENA,tatiana.angeles@diputados.gob.mx,Amalia Yeritxhé Quiroz Granados,False,https://sitl.diputados.gob.mx/LXVI_leg/curricula.php?dipt=100,https://sitl.diputados.gob.mx/LXVI_leg/fotos_lxviconfondo/195_foto_chica.jpg,https://sitl.diputados.gob.mx/LXVI_leg/images/morena.webp,static/img/diputados_lxvi_raw/170_100_p_angeles_moreno_tatiana_tonantzin.png,static/img/diputados_lxvi_bn/170_100_p_angeles_moreno_tatiana_tonantzin.png,
42,Padierna Luna María de los Dolores,MARÍA DE LOS DOLORES PADIERNA LUNA,Ciudad de México,Dtto. 4,Mayoria Relativa,Mayoría Relativa,Ciudad de México,4,H-268,MORENA,maria.padierna@diputados.gob.mx,Mayté Camacho Flores,False,https://sitl.diputados.gob.mx/LXVI_leg/curricula.php?dipt=42,https://sitl.diputados.gob.mx/LXVI_leg/fotos_lxviconfondo/004_foto_chica.jpg,https://sitl.diputados.gob.mx/LXVI_leg/images/morena.webp,static/img/diputados_lxvi_raw/171_42_padierna_luna_maria_de_los_dolores.png,static/img/diputados_lxvi_bn/171_42_padierna_luna_maria_de_los_dolores.png,
686,Palacios Medina Sandra Patricia,SANDRA PATRICIA PALACIOS MEDINA,Nuevo León,Dtto. 3,Mayoria Relativa,Mayoría Relativa,Nuevo León,3,G-218,MORENA,sandra.palacios@diputados.gob.mx,,False,https://sitl.diputados.gob.mx/LXVI_leg/curricula.php?dipt=686,https://sitl.diputados.gob.mx/LXVI_leg/fotos_lxviconfondo/515_foto_chica.jpg,https://sitl.diputados.gob.mx/LXVI_leg/images/morena.webp,static/img/diputados_lxvi_raw/172_686_palacios_medina_sandra_patricia.png,static/img/diputados_lxvi_bn/172_686_palacios_medina_sandra_patricia.png,
312,Palacios Rodríguez Carlos Ventura,CARLOS VENTURA PALACIOS RODRÍGUEZ,Jalisco,Circ. 1,Representacion Proporcional,Representación proporcional,,,L-433,MORENA,carlos.palacios@diputados.gob.mx,José Ignacio Aguado Hernández,False,https://sitl.diputados.gob.mx/LXVI_leg/curricula.php?dipt=312,https://sitl.diputados.gob.mx/LXVI_leg/fotos_lxviconfondo/249_foto_chica.jpg,https://sitl.diputados.gob.mx/LXVI_leg/images/morena.webp,static/img/diputados_lxvi_raw/173_312_palacios_rodriguez_carlos_ventura.png,static/img/diputados_lxvi_bn/173_312_palacios_rodriguez_carlos_ventura.png,
305,Palomar González Mayra Dolores,MAYRA DOLORES PALOMAR GONZÁLEZ,Jalisco,Circ. 1,Representacion Proporcional,Representación proporcional,,,L-432,MORENA,mayra.palomar@diputados.gob.mx,Diana Yovanka Cobos Anaya,False,https://sitl.diputados.gob.mx/LXVI_leg/curricula.php?dipt=305,https://sitl.diputados.gob.mx/LXVI_leg/fotos_lxviconfondo/250_foto_chica.jpg,https://sitl.diputados.gob.mx/LXVI_leg/images/morena.webp,static/img/diputados_lxvi_raw/174_305_palomar_gonzalez_mayra_dolores.png,static/img/diputados_lxvi_bn/174_305_palomar_gonzalez_mayra_dolores.png,
724,Peniche Vera Rebeca del Rocío,REBECA DEL ROCÍO PENICHE VERA,Querétaro,Dtto. 1,Mayoria Relativa,Mayoría Relativa,Querétaro,1,D-101,MORENA,rebeca.peniche@diputados.gob.mx,,False,https://sitl.diputados.gob.mx/LXVI_leg/curricula.php?dipt=724,https://sitl.diputados.gob.mx/LXVI_leg/fotos_lxviconfondo/564_foto_chica.jpg,https://sitl.diputados.gob.mx/LXVI_leg/images/morena.webp,static/img/diputados_lxvi_raw/175_724_peniche_vera_rebeca_del_rocio.png,static/img/diputados_lxvi_bn/175_724_peniche_vera_rebeca_del_rocio.png,
543,Perea Cruz Jesús Irugami,JESÚS IRUGAMI PEREA CRUZ,Ciudad de México,Dtto. 5,Mayoria Relativa,Mayoría Relativa,Ciudad de México,5,G-225,MORENA,irugami.perea@diputados.gob.mx,,False,https://sitl.diputados.gob.mx/LXVI_leg/curricula.php?dipt=543,https://sitl.diputados.gob.mx/LXVI_leg/fotos_lxviconfondo/528_foto_chica.jpg,https://sitl.diputados.gob.mx/LXVI_leg/images/morena.webp,static/img/diputados_lxvi_raw/176_543_perea_cruz_jesus_irugami.png,static/img/diputados_lxvi_bn/176_543_perea_cruz_jesus_irugami.png,
277,Pérez Bernabe Jaime Humberto,JAIME HUMBERTO PÉREZ BERNABE,Veracruz,Dtto. 6,Mayoria Relativa,Mayoría Relativa,Veracruz,6,B-045,MORENA,jaime.perez@diputados.gob.mx,Victoria Méndez San Agustín,False,https://sitl.diputados.gob.mx/LXVI_leg/curricula.php?dipt=277,https://sitl.diputados.gob.mx/LXVI_leg/fotos_lxviconfondo/073_foto_chica.jpg,https://sitl.diputados.gob.mx/LXVI_leg/images/morena.webp,static/img/diputados_lxvi_raw/177_277_perez_bernabe_jaime_humberto.png,static/img/diputados_lxvi_bn/177_277_perez_bernabe_jaime_humberto.png,
217,Pérez Popoca María Fabiola Karina,MARÍA FABIOLA KARINA PÉREZ POPOCA,Puebla,Dtto. 10,Mayoria Relativa,Mayoría Relativa,Puebla,10,H-282,MORENA,karina.perez@diputados.gob.mx,Maribel Flores García,False,https://sitl.diputados.gob.mx/LXVI_leg/curricula.php?dipt=217,https://sitl.diputados.gob.mx/LXVI_leg/fotos_lxviconfondo/112_foto_chica.jpg,https://sitl.diputados.gob.mx/LXVI_leg/images/morena.webp,static/img/diputados_lxvi_raw/178_217_perez_popoca_maria_fabiola_karina.png,static/img/diputados_lxvi_bn/178_217_perez_popoca_maria_fabiola_karina.png,
256,Peña Vidal Iván,IVÁN PEÑA VIDAL,Tabasco,Dtto. 2,Mayoria Relativa,Mayoría Relativa,Tabasco,2,B-035,MORENA,ivan.pena@diputados.gob.mx,Mayra Paloma López Hidalgo,False,https://sitl.diputados.gob.mx/LXVI_leg/curricula.php?dipt=256,https://sitl.diputados.gob.mx/LXVI_leg/fotos_lxviconfondo/146_foto_chica.jpg,https://sitl.diputados.gob.mx/LXVI_leg/images/morena.webp,static/img/diputados_lxvi_raw/179_256_pena_vidal_ivan.png,static/img/diputados_lxvi_bn/179_256_pena_vidal_ivan.png,
970,Peña Villa José Alejandro,JOSÉ ALEJANDRO PEÑA VILLA,México,Circ. 5,Representacion Proporcional,Representación proporcional,,,L-442,MORENA,josealejandro.pena@diputados.gob.mx,,False,https://sitl.diputados.gob.mx/LXVI_leg/curricula.php?dipt=970,https://sitl.diputados.gob.mx/LXVI_leg/fotos_lxviconfondo/509_foto_chica.jpg,https://sitl.diputados.gob.mx/LXVI_leg/images/morena.webp,static/img/diputados_lxvi_raw/180_970_pena_villa_jose_alejandro.png,static/img/diputados_lxvi_bn/180_970_pena_villa_jose_alejandro.png,
54,Piceno Carina,CARINA PICENO,Ciudad de México,Dtto. 16,Mayoria Relativa,Mayoría Relativa,Ciudad de México,16,F-182,MORENA,carina.piceno@diputados.gob.mx,María Guadalupe Juárez Hernández,False,https://sitl.diputados.gob.mx/LXVI_leg/curricula.php?dipt=54,https://sitl.diputados.gob.mx/LXVI_leg/fotos_lxviconfondo/030_foto_chica.jpg,https://sitl.diputados.gob.mx/LXVI_leg/images/morena.webp,static/img/diputados_lxvi_raw/181_54_piceno_carina.png,static/img/diputados_lxvi_bn/181_54_piceno_carina.png,
388,Polanco Morales Aniceto,ANICETO POLANCO MORALES,Guerrero,Circ. 3,Representacion Proporcional,Representación proporcional,,,A-019,MORENA,aniceto.polanco@diputados.gob.mx,Jesús Kevin Ruiz Moran,False,https://sitl.diputados.gob.mx/LXVI_leg/curricula.php?dipt=388,https://sitl.diputados.gob.mx/LXVI_leg/fotos_lxviconfondo/260_foto_chica.jpg,https://sitl.diputados.gob.mx/LXVI_leg/images/morena.webp,static/img/diputados_lxvi_raw/182_388_polanco_morales_aniceto.png,static/img/diputados_lxvi_bn/182_388_polanco_morales_aniceto.png,
244,Pompa Robles Felicita,FELICITA POMPA ROBLES,Sinaloa,Dtto. 4,Mayoria Relativa,Mayoría Relativa,Sinaloa,4,D-098,MORENA,felicita.pompa@diputados.gob.mx,Astrid Arely Soto Nuño,False,https://sitl.diputados.gob.mx/LXVI_leg/curricula.php?dipt=244,https://sitl.diputados.gob.mx/LXVI_leg/fotos_lxviconfondo/016_foto_chica.jpg,https://sitl.diputados.gob.mx/LXVI_leg/images/morena.webp,static/img/diputados_lxvi_raw/183_244_pompa_robles_felicita.png,static/img/diputados_lxvi_bn/183_244_pompa_robles_felicita.png,
181,Porras Baylón Any Marilú,ANY MARILÚ PORRAS BAYLÓN,Nayarit,Dtto. 1,Mayoria Relativa,Mayoría Relativa,Nayarit,1,B-036,MORENA,any.porras@diputados.gob.mx,Elisa Maley Woo Barajas,False,https://sitl.diputados.gob.mx/LXVI_leg/curricula.php?dipt=181,https://sitl.diputados.gob.mx/LXVI_leg/fotos_lxviconfondo/106_foto_chica.jpg,https://sitl.diputados.gob.mx/LXVI_leg/images/morena.webp,static/img/diputados_lxvi_raw/184_181_porras_baylon_any_marilu.png,static/img/diputados_lxvi_bn/184_181_porras_baylon_any_marilu.png,
82,Prieto Gallardo Ernesto Alejandro,ERNESTO ALEJANDRO PRIETO GALLARDO,Guanajuato,Dtto. 8,Mayoria Relativa,Mayoría Relativa,Guanajuato,8,J-357,MORENA,ernesto.prieto@diputados.gob.mx,Jesús Serrano Cantador,False,https://sitl.diputados.gob.mx/LXVI_leg/curricula.php?dipt=82,https://sitl.diputados.gob.mx/LXVI_leg/fotos_lxviconfondo/090_foto_chica.jpg,https://sitl.diputados.gob.mx/LXVI_leg/images/morena.webp,static/img/diputados_lxvi_raw/185_82_prieto_gallardo_ernesto_alejandro.png,static/img/diputados_lxvi_bn/185_82_prieto_gallardo_ernesto_alejandro.png,
249,Pujol Irastorza Jesús Antonio,JESÚS ANTONIO PUJOL IRASTORZA,Sonora,Dtto. 2,Mayoria Relativa,Mayoría Relativa,Sonora,2,C-069,MORENA,jesus.pujol@diputados.gob.mx,Ramón Antonio Baldenebro Garduño,False,https://sitl.diputados.gob.mx/LXVI_leg/curricula.php?dipt=249,https://sitl.diputados.gob.mx/LXVI_leg/fotos_lxviconfondo/171_foto_chica.jpg,https://sitl.diputados.gob.mx/LXVI_leg/images/morena.webp,static/img/diputados_lxvi_raw/186_249_pujol_irastorza_jesus_antonio.png,static/img/diputados_lxvi_bn/186_249_pujol_irastorza_jesus_antonio.png,
191,Quiroz Gallegos Adriana Belinda,ADRIANA BELINDA QUIROZ GALLEGOS,Nuevo León,Dtto. 8,Mayoria Relativa,Mayoría Relativa,Nuevo León,8,G-222,MORENA,adriana.quiroz@diputados.gob.mx,Karla María González Martínez,False,https://sitl.diputados.gob.mx/LXVI_leg/curricula.php?dipt=191,https://sitl.diputados.gob.mx/LXVI_leg/fotos_lxviconfondo/159_foto_chica.jpg,https://sitl.diputados.gob.mx/LXVI_leg/images/morena.webp,static/img/diputados_lxvi_raw/187_191_quiroz_gallegos_adriana_belinda.png,static/img/diputados_lxvi_bn/187_191_quiroz_gallegos_adriana_belinda.png,
285,Ramírez Cisneros Jessica,JESSICA RAMÍREZ CISNEROS,Veracruz,Dtto. 14,Mayoria Relativa,Mayoría Relativa,Veracruz,14,B-044,MORENA,jessica.ramirez@diputados.gob.mx,María Eugenia Ross González,False,https://sitl.diputados.gob.mx/LXVI_leg/curricula.php?dipt=285,https://sitl.diputados.gob.mx/LXVI_leg/fotos_lxviconfondo/309_foto_chica.jpg,https://sitl.diputados.gob.mx/LXVI_leg/images/morena.webp,static/img/diputados_lxvi_raw/188_285_ramirez_cisneros_jessica.png,static/img/diputados_lxvi_bn/188_285_ramirez_cisneros_jessica.png,
464,Ramírez Cuéllar Alfonso,ALFONSO RAMÍREZ CUÉLLAR,Zacatecas,Circ. 5,Representacion Proporcional,Representación proporcional,,,I-312,MORENA,alfonso.ramirez@diputados.gob.mx,Edgar Puga Morales,False,https://sitl.diputados.gob.mx/LXVI_leg/curricula.php?dipt=464,https://sitl.diputados.gob.mx/LXVI_leg/fotos_lxviconfondo/371_foto_chica.jpg,https://sitl.diputados.gob.mx/LXVI_leg/images/morena.webp,static/img/diputados_lxvi_raw/189_464_ramirez_cuellar_alfonso.png,static/img/diputados_lxvi_bn/189_464_ramirez_cuellar_alfonso.png,
21,Ramírez Guzmán Emilio Ramón,EMILIO RAMÓN RAMÍREZ GUZMÁN,Chiapas,Dtto. 5,Mayoria Relativa,Mayoría Relativa,Chiapas,5,M-482,MORENA,emilio.ramirez@diputados.gob.mx,Lucia Luna Gómez,False,https://sitl.diputados.gob.mx/LXVI_leg/curricula.php?dipt=21,https://sitl.diputados.gob.mx/LXVI_leg/fotos_lxviconfondo/180_foto_chica.jpg,https://sitl.diputados.gob.mx/LXVI_leg/images/morena.webp,static/img/diputados_lxvi_raw/190_21_ramirez_guzman_emilio_ramon.png,static/img/diputados_lxvi_bn/190_21_ramirez_guzman_emilio_ramon.png,
45,Rendón Gómez Juan Guillermo,JUAN GUILLERMO RENDÓN GÓMEZ,Ciudad de México,Dtto. 7,Mayoria Relativa,Mayoría Relativa,Ciudad de México,7,H-272,MORENA,juan.rendon@diputados.gob.mx,Fernando Gómez Rodríguez,False,https://sitl.diputados.gob.mx/LXVI_leg/curricula.php?dipt=45,https://sitl.diputados.gob.mx/LXVI_leg/fotos_lxviconfondo/021_foto_chica.jpg,https://sitl.diputados.gob.mx/LXVI_leg/images/morena.webp,static/img/diputados_lxvi_raw/191_45_rendon_gomez_juan_guillermo.png,static/img/diputados_lxvi_bn/191_45_rendon_gomez_juan_guillermo.png,
710,Reyes Cabrera Norma Sirley,NORMA SIRLEY REYES CABRERA,Puebla,Dtto. 3,Mayoria Relativa,Mayoría Relativa,Puebla,3,G-236,MORENA,norma.reyes@diputados.gob.mx,,False,https://sitl.diputados.gob.mx/LXVI_leg/curricula.php?dipt=710,https://sitl.diputados.gob.mx/LXVI_leg/fotos_lxviconfondo/558_foto_chica.jpg,https://sitl.diputados.gob.mx/LXVI_leg/images/morena.webp,static/img/diputados_lxvi_raw/192_710_reyes_cabrera_norma_sirley.png,static/img/diputados_lxvi_bn/192_710_reyes_cabrera_norma_sirley.png,
389,Rincón Chanona Sonia,SONIA RINCÓN CHANONA,Chiapas,Circ. 3,Representacion Proporcional,Representación proporcional,,,M-479,MORENA,sonia.rincon@diputados.gob.mx,Merida Mar Domínguez,False,https://sitl.diputados.gob.mx/LXVI_leg/curricula.php?dipt=389,https://sitl.diputados.gob.mx/LXVI_leg/fotos_lxviconfondo/318_foto_chica.jpg,https://sitl.diputados.gob.mx/LXVI_leg/images/morena.webp,static/img/diputados_lxvi_raw/193_389_rincon_chanona_sonia.png,static/img/diputados_lxvi_bn/193_389_rincon_chanona_sonia.png,
214,Rivera Vivanco Claudia,CLAUDIA RIVERA VIVANCO,Puebla,Dtto. 7,Mayoria Relativa,Mayoría Relativa,Puebla,7,H-280,MORENA,claudia.rivera@diputados.gob.mx,María Catalina Pérez Osorio,False,https://sitl.diputados.gob.mx/LXVI_leg/curricula.php?dipt=214,https://sitl.diputados.gob.mx/LXVI_leg/fotos_lxviconfondo/095_foto_chica.jpg,https://sitl.diputados.gob.mx/LXVI_leg/images/morena.webp,static/img/diputados_lxvi_raw/194_214_rivera_vivanco_claudia.png,static/img/diputados_lxvi_bn/194_214_rivera_vivanco_claudia.png,
544,Rodríguez Díaz de León Rosa Alejandra,ROSA ALEJANDRA RODRÍGUEZ DÍAZ DE LEÓN,Ciudad de México,Dtto. 6,Mayoria Relativa,Mayoría Relativa,Ciudad de México,6,F-188,MORENA,rosa.rodriguez@diputados.gob.mx,,False,https://sitl.diputados.gob.mx/LXVI_leg/curricula.php?dipt=544,https://sitl.diputados.gob.mx/LXVI_leg/fotos_lxviconfondo/566_foto_chica.jpg,https://sitl.diputados.gob.mx/LXVI_leg/images/morena.webp,static/img/diputados_lxvi_raw/195_544_rodriguez_diaz_de_leon_rosa_alejandra.png,static/img/diputados_lxvi_bn/195_544_rodriguez_diaz_de_leon_rosa_alejandra.png,
395,Rodríguez Pérez Luz María,LUZ MARÍA RODRÍGUEZ PÉREZ,Oaxaca,Circ. 3,Representacion Proporcional,Representación proporcional,,,K-391,MORENA,luzmaria.rodriguez@diputados.gob.mx,Nadia Trejo Montero,False,https://sitl.diputados.gob.mx/LXVI_leg/curricula.php?dipt=395,https://sitl.diputados.gob.mx/LXVI_leg/fotos_lxviconfondo/271_foto_chica.jpg,https://sitl.diputados.gob.mx/LXVI_leg/images/morena.webp,static/img/diputados_lxvi_raw/196_395_rodriguez_perez_luz_maria.png,static/img/diputados_lxvi_bn/196_395_rodriguez_perez_luz_maria.png,
344,Romero Gomez Petra,PETRA ROMERO GOMEZ,Nuevo León,Circ. 2,Representacion Proporcional,Representación proporcional,,,G-221,MORENA,petra.romero@diputados.gob.mx,Nallely Martínez Mares,False,https://sitl.diputados.gob.mx/LXVI_leg/curricula.php?dipt=344,https://sitl.diputados.gob.mx/LXVI_leg/fotos_lxviconfondo/243_foto_chica.jpg,https://sitl.diputados.gob.mx/LXVI_leg/images/morena.webp,static/img/diputados_lxvi_raw/197_344_romero_gomez_petra.png,static/img/diputados_lxvi_bn/197_344_romero_gomez_petra.png,
86,Rosales Cruz María Magdalena,MARÍA MAGDALENA ROSALES CRUZ,Guanajuato,Dtto. 12,Mayoria Relativa,Mayoría Relativa,Guanajuato,12,J-358,MORENA,mmagdalena.rosales@diputados.gob.mx,Ymelda Lara Trejo,False,https://sitl.diputados.gob.mx/LXVI_leg/curricula.php?dipt=86,https://sitl.diputados.gob.mx/LXVI_leg/fotos_lxviconfondo/066_foto_chica.jpg,https://sitl.diputados.gob.mx/LXVI_leg/images/morena.webp,static/img/diputados_lxvi_raw/198_86_rosales_cruz_maria_magdalena.png,static/img/diputados_lxvi_bn/198_86_rosales_cruz_maria_magdalena.png,
437,Rosete María,MARÍA ROSETE,Ciudad de México,Circ. 4,Representacion Proporcional,Representación proporcional,,,M-478,MORENA,maria.rosete@diputados.gob.mx,Manola Zabalza Aldama,False,https://sitl.diputados.gob.mx/LXVI_leg/curricula.php?dipt=437,https://sitl.diputados.gob.mx/LXVI_leg/fotos_lxviconfondo/292_foto_chica.jpg,https://sitl.diputados.gob.mx/LXVI_leg/images/morena.webp,static/img/diputados_lxvi_raw/199_437_rosete_maria.png,static/img/diputados_lxvi_bn/199_437_rosete_maria.png,
104,Rubio Sánchez Mirna María de la Luz,MIRNA MARÍA DE LA LUZ RUBIO SÁNCHEZ,Hidalgo,Dtto. 7,Mayoria Relativa,Mayoría Relativa,Hidalgo,7,K-408,MORENA,mariadelaluz.rubio@diputados.gob.mx,Libia Nury Campoy Sánchez,False,https://sitl.diputados.gob.mx/LXVI_leg/curricula.php?dipt=104,https://sitl.diputados.gob.mx/LXVI_leg/fotos_lxviconfondo/193_foto_chica.jpg,https://sitl.diputados.gob.mx/LXVI_leg/images/morena.webp,static/img/diputados_lxvi_raw/200_104_rubio_sanchez_mirna_maria_de_la_luz.png,static/img/diputados_lxvi_bn/200_104_rubio_sanchez_mirna_maria_de_la_luz.png,
4,Ruiz López Alma Laura,ALMA LAURA RUIZ LÓPEZ,Baja California,Dtto. 1,Mayoria Relativa,Mayoría Relativa,Baja California,1,M-500,MORENA,alma.ruiz@diputados.gob.mx,Alma Alejandra García Aguilar Robles,False,https://sitl.diputados.gob.mx/LXVI_leg/curricula.php?dipt=4,https://sitl.diputados.gob.mx/LXVI_leg/fotos_lxviconfondo/013_foto_chica.jpg,https://sitl.diputados.gob.mx/LXVI_leg/images/morena.webp,static/img/diputados_lxvi_raw/201_4_ruiz_lopez_alma_laura.png,static/img/diputados_lxvi_bn/201_4_ruiz_lopez_alma_laura.png,
144,Ruiz Páez Montserrat,MONTSERRAT RUIZ PÁEZ,México,Dtto. 20,Mayoria Relativa,Mayoría Relativa,México,20,I-322,MORENA,montserrat.ruiz@diputados.gob.mx,Valeria Ximena Cisneros Bravo,False,https://sitl.diputados.gob.mx/LXVI_leg/curricula.php?dipt=144,https://sitl.diputados.gob.mx/LXVI_leg/fotos_lxviconfondo/077_foto_chica.jpg,https://sitl.diputados.gob.mx/LXVI_leg/images/morena.webp,static/img/diputados_lxvi_raw/202_144_ruiz_paez_montserrat.png,static/img/diputados_lxvi_bn/202_144_ruiz_paez_montserrat.png,
296,Saiden Quiroz Jessica,JESSICA SAIDEN QUIROZ,Yucatán,Dtto. 6,Mayoria Relativa,Mayoría Relativa,Yucatán,6,J-354,MORENA,jessica.saiden@diputados.gob.mx,Norma Alejandrina Martínez Gil,False,https://sitl.diputados.gob.mx/LXVI_leg/curricula.php?dipt=296,https://sitl.diputados.gob.mx/LXVI_leg/fotos_lxviconfondo/232_foto_chica.jpg,https://sitl.diputados.gob.mx/LXVI_leg/images/morena.webp,static/img/diputados_lxvi_raw/203_296_saiden_quiroz_jessica.png,static/img/diputados_lxvi_bn/203_296_saiden_quiroz_jessica.png,
350,Salgado Ponce Magda Erika,MAGDA ERIKA SALGADO PONCE,Morelos,Circ. 2,Representacion Proporcional,Representación proporcional,,,E-137,MORENA,magda.salgado@diputados.gob.mx,Rossana Gómez Díaz,False,https://sitl.diputados.gob.mx/LXVI_leg/curricula.php?dipt=350,https://sitl.diputados.gob.mx/LXVI_leg/fotos_lxviconfondo/276_foto_chica.jpg,https://sitl.diputados.gob.mx/LXVI_leg/images/morena.webp,static/img/diputados_lxvi_raw/204_350_salgado_ponce_magda_erika.png,static/img/diputados_lxvi_bn/204_350_salgado_ponce_magda_erika.png,
5,Sánchez Arredondo Nancy Guadalupe,NANCY GUADALUPE SÁNCHEZ ARREDONDO,Baja California,Dtto. 2,Mayoria Relativa,Mayoría Relativa,Baja California,2,L-455,MORENA,nancy.sanchez@diputados.gob.mx,María Sandra Victoria Caldera,False,https://sitl.diputados.gob.mx/LXVI_leg/curricula.php?dipt=5,https://sitl.diputados.gob.mx/LXVI_leg/fotos_lxviconfondo/230_foto_chica.jpg,https://sitl.diputados.gob.mx/LXVI_leg/images/morena.webp,static/img/diputados_lxvi_raw/205_5_sanchez_arredondo_nancy_guadalupe.png,static/img/diputados_lxvi_bn/205_5_sanchez_arredondo_nancy_guadalupe.png,
96,Sánchez Barrios Carlos,CARLOS SÁNCHEZ BARRIOS,Guerrero,Dtto. 7,Mayoria Relativa,Mayoría Relativa,Guerrero,7,M-488,MORENA,carlos.sanchezb@diputados.gob.mx,Usi Nataly Guerrero Bravo,False,https://sitl.diputados.gob.mx/LXVI_leg/curricula.php?dipt=96,https://sitl.diputados.gob.mx/LXVI_leg/fotos_lxviconfondo/085_foto_chica.jpg,https://sitl.diputados.gob.mx/LXVI_leg/images/morena.webp,static/img/diputados_lxvi_raw/206_96_sanchez_barrios_carlos.png,static/img/diputados_lxvi_bn/206_96_sanchez_barrios_carlos.png,
51,Sánchez Cervantes Francisco Javier,FRANCISCO JAVIER SÁNCHEZ CERVANTES,Ciudad de México,Dtto. 13,Mayoria Relativa,Mayoría Relativa,Ciudad de México,13,G-232,MORENA,javier.sanchez@diputados.gob.mx,Ernesto Palizada Valencia,False,https://sitl.diputados.gob.mx/LXVI_leg/curricula.php?dipt=51,https://sitl.diputados.gob.mx/LXVI_leg/fotos_lxviconfondo/014_foto_chica.jpg,https://sitl.diputados.gob.mx/LXVI_leg/images/morena.webp,static/img/diputados_lxvi_raw/207_51_sanchez_cervantes_francisco_javier.png,static/img/diputados_lxvi_bn/207_51_sanchez_cervantes_francisco_javier.png,
204,Sánchez López Gloria,GLORIA SÁNCHEZ LÓPEZ,Oaxaca,Dtto. 7,Mayoria Relativa,Mayoría Relativa,Oaxaca,7,L-431,MORENA,gloria.sanchez@diputados.gob.mx,Migdalia Regalado Velásquez,False,https://sitl.diputados.gob.mx/LXVI_leg/curricula.php?dipt=204,https://sitl.diputados.gob.mx/LXVI_leg/fotos_lxviconfondo/031_foto_chica.jpg,https://sitl.diputados.gob.mx/LXVI_leg/images/morena.webp,static/img/diputados_lxvi_raw/208_204_sanchez_lopez_gloria.png,static/img/diputados_lxvi_bn/208_204_sanchez_lopez_gloria.png,
292,Sánchez Reyes Jorge Luis,JORGE LUIS SÁNCHEZ REYES,Yucatán,Dtto. 2,Mayoria Relativa,Mayoría Relativa,Yucatán,2,A-016,MORENA,jorgeluis.sanchez@diputados.gob.mx,Fátima del Rosario Perera Salazar,False,https://sitl.diputados.gob.mx/LXVI_leg/curricula.php?dipt=292,https://sitl.diputados.gob.mx/LXVI_leg/fotos_lxviconfondo/192_foto_chica.jpg,https://sitl.diputados.gob.mx/LXVI_leg/images/morena.webp,static/img/diputados_lxvi_raw/209_292_sanchez_reyes_jorge_luis.png,static/img/diputados_lxvi_bn/209_292_sanchez_reyes_jorge_luis.png,
508,Sánchez Rodelo Karla Patricia,KARLA PATRICIA SÁNCHEZ RODELO,Baja California,Dtto. 5,Mayoria Relativa,Mayoría Relativa,Baja California,5,L-457,MORENA,karla.sanchez@diputados.gob.mx,,False,https://sitl.diputados.gob.mx/LXVI_leg/curricula.php?dipt=508,https://sitl.diputados.gob.mx/LXVI_leg/fotos_lxviconfondo/556_foto_chica.jpg,https://sitl.diputados.gob.mx/LXVI_leg/images/morena.webp,static/img/diputados_lxvi_raw/210_508_sanchez_rodelo_karla_patricia.png,static/img/diputados_lxvi_bn/210_508_sanchez_rodelo_karla_patricia.png,
431,Sánchez Cordero Dávila Olga María,OLGA MARÍA SÁNCHEZ CORDERO DÁVILA,Ciudad de México,Circ. 4,Representacion Proporcional,Representación proporcional,,,K-399,MORENA,olga.sanchezcordero@diputados.gob.mx,Silvia Lorena Villavicencio Ayala,False,https://sitl.diputados.gob.mx/LXVI_leg/curricula.php?dipt=431,https://sitl.diputados.gob.mx/LXVI_leg/fotos_lxviconfondo/277_foto_chica.jpg,https://sitl.diputados.gob.mx/LXVI_leg/images/morena.webp,static/img/diputados_lxvi_raw/211_431_sanchez_cordero_davila_olga_maria.png,static/img/diputados_lxvi_bn/211_431_sanchez_cordero_davila_olga_maria.png,
208,Santander Soto Gissel,GISSEL SANTANDER SOTO,Puebla,Dtto. 1,Mayoria Relativa,Mayoría Relativa,Puebla,1,H-277,MORENA,gissel.santander@diputados.gob.mx,Laura Ivonne Zapata Martínez,False,https://sitl.diputados.gob.mx/LXVI_leg/curricula.php?dipt=208,https://sitl.diputados.gob.mx/LXVI_leg/fotos_lxviconfondo/100_foto_chica.jpg,https://sitl.diputados.gob.mx/LXVI_leg/images/morena.webp,static/img/diputados_lxvi_raw/212_208_santander_soto_gissel.png,static/img/diputados_lxvi_bn/212_208_santander_soto_gissel.png,
25,Santiago Rodríguez Guillermo Rafael,GUILLERMO RAFAEL SANTIAGO RODRÍGUEZ,Chiapas,Dtto. 9,Mayoria Relativa,Mayoría Relativa,Chiapas,9,L-443,MORENA,guillermo.santiago@diputados.gob.mx,Raúl Eduardo Bonifaz Moedano,False,https://sitl.diputados.gob.mx/LXVI_leg/curricula.php?dipt=25,https://sitl.diputados.gob.mx/LXVI_leg/fotos_lxviconfondo/188_foto_chica.jpg,https://sitl.diputados.gob.mx/LXVI_leg/images/morena.webp,static/img/diputados_lxvi_raw/213_25_santiago_rodriguez_guillermo_rafael.png,static/img/diputados_lxvi_bn/213_25_santiago_rodriguez_guillermo_rafael.png,
473,Savala Díaz Rosalinda,ROSALINDA SAVALA DÍAZ,Michoacán,Circ. 5,Representacion Proporcional,Representación proporcional,,,L-450,MORENA,rosalinda.savala@diputados.gob.mx,Alma Elizabeth Vilchis Sandoval,False,https://sitl.diputados.gob.mx/LXVI_leg/curricula.php?dipt=473,https://sitl.diputados.gob.mx/LXVI_leg/fotos_lxviconfondo/286_foto_chica.jpg,https://sitl.diputados.gob.mx/LXVI_leg/images/morena.webp,static/img/diputados_lxvi_raw/214_473_savala_diaz_rosalinda.png,static/img/diputados_lxvi_bn/214_473_savala_diaz_rosalinda.png,
49,Segura Trejo Elena Edith,ELENA EDITH SEGURA TREJO,Ciudad de México,Dtto. 11,Mayoria Relativa,Mayoría Relativa,Ciudad de México,11,F-186,MORENA,elena.segura@diputados.gob.mx,Graciela Martínez Ortega,False,https://sitl.diputados.gob.mx/LXVI_leg/curricula.php?dipt=49,https://sitl.diputados.gob.mx/LXVI_leg/fotos_lxviconfondo/027_foto_chica.jpg,https://sitl.diputados.gob.mx/LXVI_leg/images/morena.webp,static/img/diputados_lxvi_raw/215_49_segura_trejo_elena_edith.png,static/img/diputados_lxvi_bn/215_49_segura_trejo_elena_edith.png,
309,Sepúlveda García Nadia Yadira,NADIA YADIRA SEPÚLVEDA GARCÍA,Jalisco,Circ. 1,Representacion Proporcional,Representación proporcional,,,J-371,MORENA,nadia.sepulveda@diputados.gob.mx,Cipriana Jurado Herrera,False,https://sitl.diputados.gob.mx/LXVI_leg/curricula.php?dipt=309,https://sitl.diputados.gob.mx/LXVI_leg/fotos_lxviconfondo/245_foto_chica.jpg,https://sitl.diputados.gob.mx/LXVI_leg/images/morena.webp,static/img/diputados_lxvi_raw/216_309_sepulveda_garcia_nadia_yadira.png,static/img/diputados_lxvi_bn/216_309_sepulveda_garcia_nadia_yadira.png,
169,Shember Domínguez Delhi Miroslava,DELHI MIROSLAVA SHEMBER DOMÍNGUEZ,Michoacán,Dtto. 5,Mayoria Relativa,Mayoría Relativa,Michoacán,5,L-438,MORENA,delhi.shember@diputados.gob.mx,Anayeli Silva Pérez,False,https://sitl.diputados.gob.mx/LXVI_leg/curricula.php?dipt=169,https://sitl.diputados.gob.mx/LXVI_leg/fotos_lxviconfondo/088_foto_chica.jpg,https://sitl.diputados.gob.mx/LXVI_leg/images/morena.webp,static/img/diputados_lxvi_raw/217_169_shember_dominguez_delhi_miroslava.png,static/img/diputados_lxvi_bn/217_169_shember_dominguez_delhi_miroslava.png,
390,Sibaja Mendoza Aciel,ACIEL SIBAJA MENDOZA,Oaxaca,Circ. 3,Representacion Proporcional,Representación proporcional,,,G-217,MORENA,aciel.sibaja@diputados.gob.mx,José Asunción Picazo Blanco,False,https://sitl.diputados.gob.mx/LXVI_leg/curricula.php?dipt=390,https://sitl.diputados.gob.mx/LXVI_leg/fotos_lxviconfondo/204_foto_chica.jpg,https://sitl.diputados.gob.mx/LXVI_leg/images/morena.webp,static/img/diputados_lxvi_raw/218_390_sibaja_mendoza_aciel.png,static/img/diputados_lxvi_bn/218_390_sibaja_mendoza_aciel.png,
463,Silva Santiago María Damaris,MARÍA DAMARIS SILVA SANTIAGO,Michoacán,Circ. 5,Representacion Proporcional,Representación proporcional,,,L-452,MORENA,damaris.silva@diputados.gob.mx,Erika Karina Tula Segal,False,https://sitl.diputados.gob.mx/LXVI_leg/curricula.php?dipt=463,https://sitl.diputados.gob.mx/LXVI_leg/fotos_lxviconfondo/322_foto_chica.jpg,https://sitl.diputados.gob.mx/LXVI_leg/images/morena.webp,static/img/diputados_lxvi_raw/219_463_silva_santiago_maria_damaris.png,static/img/diputados_lxvi_bn/219_463_silva_santiago_maria_damaris.png,
427,Solache González Maribel,MARIBEL SOLACHE GONZÁLEZ,Ciudad de México,Circ. 4,Representacion Proporcional,Representación proporcional,,,H-273,MORENA,maribel.solache@diputados.gob.mx,Justina Islas Flores,False,https://sitl.diputados.gob.mx/LXVI_leg/curricula.php?dipt=427,https://sitl.diputados.gob.mx/LXVI_leg/fotos_lxviconfondo/313_foto_chica.jpg,https://sitl.diputados.gob.mx/LXVI_leg/images/morena.webp,static/img/diputados_lxvi_raw/220_427_solache_gonzalez_maribel.png,static/img/diputados_lxvi_bn/220_427_solache_gonzalez_maribel.png,
467,Suárez Montes de Oca Roselia,ROSELIA SUÁREZ MONTES DE OCA,Michoacán,Circ. 5,Representacion Proporcional,Representación proporcional,,,F-194,MORENA,roselia.suarez@diputados.gob.mx,Erendira Selene Partida Estrada,False,https://sitl.diputados.gob.mx/LXVI_leg/curricula.php?dipt=467,https://sitl.diputados.gob.mx/LXVI_leg/fotos_lxviconfondo/425_foto_chica.jpg,https://sitl.diputados.gob.mx/LXVI_leg/images/morena.webp,static/img/diputados_lxvi_raw/221_467_suarez_montes_de_oca_roselia.png,static/img/diputados_lxvi_bn/221_467_suarez_montes_de_oca_roselia.png,
93,Taja Ramírez Javier,JAVIER TAJA RAMÍREZ,Guerrero,Dtto. 4,Mayoria Relativa,Mayoría Relativa,Guerrero,4,M-487,MORENA,javier.taja@diputados.gob.mx,José de Jesús Herrera Pintos,False,https://sitl.diputados.gob.mx/LXVI_leg/curricula.php?dipt=93,https://sitl.diputados.gob.mx/LXVI_leg/fotos_lxviconfondo/087_foto_chica.jpg,https://sitl.diputados.gob.mx/LXVI_leg/images/morena.webp,static/img/diputados_lxvi_raw/222_93_taja_ramirez_javier.png,static/img/diputados_lxvi_bn/222_93_taja_ramirez_javier.png,
290,Tenorio Adame Paola,PAOLA TENORIO ADAME,Veracruz,Dtto. 19,Mayoria Relativa,Mayoría Relativa,Veracruz,19,B-042,MORENA,paola.tenorio@diputados.gob.mx,Janet Yassira Pérez Jaramillo,False,https://sitl.diputados.gob.mx/LXVI_leg/curricula.php?dipt=290,https://sitl.diputados.gob.mx/LXVI_leg/fotos_lxviconfondo/167_foto_chica.jpg,https://sitl.diputados.gob.mx/LXVI_leg/images/morena.webp,static/img/diputados_lxvi_raw/223_290_tenorio_adame_paola.png,static/img/diputados_lxvi_bn/223_290_tenorio_adame_paola.png,
153,Ulloa Pérez Gerardo,GERARDO ULLOA PÉREZ,México,Dtto. 29,Mayoria Relativa,Mayoría Relativa,México,29,K-397,MORENA,gerardo.ulloa@diputados.gob.mx,Iván Rodrygo García Escamilla,False,https://sitl.diputados.gob.mx/LXVI_leg/curricula.php?dipt=153,https://sitl.diputados.gob.mx/LXVI_leg/fotos_lxviconfondo/035_foto_chica.jpg,https://sitl.diputados.gob.mx/LXVI_leg/images/morena.webp,static/img/diputados_lxvi_raw/224_153_ulloa_perez_gerardo.png,static/img/diputados_lxvi_bn/224_153_ulloa_perez_gerardo.png,
28,Urbina Castañeda Rosa Irene,ROSA IRENE URBINA CASTAÑEDA,Chiapas,Dtto. 12,Mayoria Relativa,Mayoría Relativa,Chiapas,12,M-483,MORENA,rosa.urbina@diputados.gob.mx,Ana Gabriela Zorrilla Castellanos,False,https://sitl.diputados.gob.mx/LXVI_leg/curricula.php?dipt=28,https://sitl.diputados.gob.mx/LXVI_leg/fotos_lxviconfondo/161_foto_chica.jpg,https://sitl.diputados.gob.mx/LXVI_leg/images/morena.webp,static/img/diputados_lxvi_raw/225_28_urbina_castaneda_rosa_irene.png,static/img/diputados_lxvi_bn/225_28_urbina_castaneda_rosa_irene.png,
143,Valdepeñas González Gabriela,GABRIELA VALDEPEÑAS GONZÁLEZ,México,Dtto. 19,Mayoria Relativa,Mayoría Relativa,México,19,J-366,MORENA,gabriela.valdepenas@diputados.gob.mx,María del Carmen Becerril de la Cruz,False,https://sitl.diputados.gob.mx/LXVI_leg/curricula.php?dipt=143,https://sitl.diputados.gob.mx/LXVI_leg/fotos_lxviconfondo/042_foto_chica.jpg,https://sitl.diputados.gob.mx/LXVI_leg/images/morena.webp,static/img/diputados_lxvi_raw/226_143_valdepenas_gonzalez_gabriela.png,static/img/diputados_lxvi_bn/226_143_valdepenas_gonzalez_gabriela.png,
436,Valdés Peña Jesús,JESÚS VALDÉS PEÑA,Ciudad de México,Circ. 4,Representacion Proporcional,Representación proporcional,,,K-394,MORENA,jesus.valdes@diputados.gob.mx,Ricardo Marcel Ortiz Álvarez,False,https://sitl.diputados.gob.mx/LXVI_leg/curricula.php?dipt=436,https://sitl.diputados.gob.mx/LXVI_leg/fotos_lxviconfondo/267_foto_chica.jpg,https://sitl.diputados.gob.mx/LXVI_leg/images/morena.webp,static/img/diputados_lxvi_raw/227_436_valdes_pena_jesus.png,static/img/diputados_lxvi_bn/227_436_valdes_pena_jesus.png,
70,Valencia de la Mora Gricelda,GRICELDA (LICENCIA) VALENCIA DE LA MORA (LICENCIA),Colima,Dtto. 2,Mayoria Relativa,Mayoría Relativa,Colima,2,L-437,MORENA,gricelda.valencia@diputados.gob.mx,M. Concepción Lozoya Báeza,True,https://sitl.diputados.gob.mx/LXVI_leg/curricula.php?dipt=70,https://sitl.diputados.gob.mx/LXVI_leg/fotos_lxviconfondo/045_foto_chica.jpg,https://sitl.diputados.gob.mx/LXVI_leg/images/morena.webp,static/img/diputados_lxvi_raw/228_70_valencia_de_la_mora_gricelda.png,static/img/diputados_lxvi_bn/228_70_valencia_de_la_mora_gricelda.png,
160,Varela Domínguez Juan Carlos,JUAN CARLOS VARELA DOMÍNGUEZ,México,Dtto. 36,Mayoria Relativa,Mayoría Relativa,México,36,J-367,MORENA,juan.varela@diputados.gob.mx,Víctor Hugo Mara Montoya,False,https://sitl.diputados.gob.mx/LXVI_leg/curricula.php?dipt=160,https://sitl.diputados.gob.mx/LXVI_leg/fotos_lxviconfondo/058_foto_chica.jpg,https://sitl.diputados.gob.mx/LXVI_leg/images/morena.webp,static/img/diputados_lxvi_raw/229_160_varela_dominguez_juan_carlos.png,static/img/diputados_lxvi_bn/229_160_varela_dominguez_juan_carlos.png,
31,Vargas Meraz Teresita de Jesús,TERESITA DE JESÚS VARGAS MERAZ,Chihuahua,Dtto. 2,Mayoria Relativa,Mayoría Relativa,Chihuahua,2,M-496,MORENA,teresita.vargas@diputados.gob.mx,Delia Altagracia Payán Porras,False,https://sitl.diputados.gob.mx/LXVI_leg/curricula.php?dipt=31,https://sitl.diputados.gob.mx/LXVI_leg/fotos_lxviconfondo/029_foto_chica.jpg,https://sitl.diputados.gob.mx/LXVI_leg/images/morena.webp,static/img/diputados_lxvi_raw/230_31_vargas_meraz_teresita_de_jesus.png,static/img/diputados_lxvi_bn/230_31_vargas_meraz_teresita_de_jesus.png,
342,Vázquez Alatorre Antares Guadalupe,ANTARES GUADALUPE VÁZQUEZ ALATORRE,Guanajuato,Circ. 2,Representacion Proporcional,Representación proporcional,,,J-359,MORENA,antares.vazquez@diputados.gob.mx,Irene Amaranta Sotelo González,False,https://sitl.diputados.gob.mx/LXVI_leg/curricula.php?dipt=342,https://sitl.diputados.gob.mx/LXVI_leg/fotos_lxviconfondo/265_foto_chica.jpg,https://sitl.diputados.gob.mx/LXVI_leg/images/morena.webp,static/img/diputados_lxvi_raw/231_342_vazquez_alatorre_antares_guadalupe.png,static/img/diputados_lxvi_bn/231_342_vazquez_alatorre_antares_guadalupe.png,
438,Vazquez Arellano Manuel,MANUEL VAZQUEZ ARELLANO,Guerrero,Circ. 4,Representacion Proporcional,Representación proporcional,,,M-489,MORENA,manuel.arellano@diputados.gob.mx,María Elena Ríos Ortiz,False,https://sitl.diputados.gob.mx/LXVI_leg/curricula.php?dipt=438,https://sitl.diputados.gob.mx/LXVI_leg/fotos_lxviconfondo/273_foto_chica.jpg,https://sitl.diputados.gob.mx/LXVI_leg/images/morena.webp,static/img/diputados_lxvi_raw/232_438_vazquez_arellano_manuel.png,static/img/diputados_lxvi_bn/232_438_vazquez_arellano_manuel.png,
126,Vázquez García Dionicia,DIONICIA VÁZQUEZ GARCÍA,México,Dtto. 2,Mayoria Relativa,Mayoría Relativa,México,2,K-409,MORENA,dionicia.vazquez@diputados.gob.mx,Esperanza Badillo Godínez,False,https://sitl.diputados.gob.mx/LXVI_leg/curricula.php?dipt=126,https://sitl.diputados.gob.mx/LXVI_leg/fotos_lxviconfondo/076_foto_chica.jpg,https://sitl.diputados.gob.mx/LXVI_leg/images/morena.webp,static/img/diputados_lxvi_raw/233_126_vazquez_garcia_dionicia.png,static/img/diputados_lxvi_bn/233_126_vazquez_garcia_dionicia.png,
894,Vázquez Navarro Enrique,ENRIQUE VÁZQUEZ NAVARRO,Quintana Roo,Circ. 3,Representacion Proporcional,Representación proporcional,,,H-267,MORENA,enrique.navarro@diputados.gob.mx,,False,https://sitl.diputados.gob.mx/LXVI_leg/curricula.php?dipt=894,https://sitl.diputados.gob.mx/LXVI_leg/fotos_lxviconfondo/505_foto_chica.jpg,https://sitl.diputados.gob.mx/LXVI_leg/images/morena.webp,static/img/diputados_lxvi_raw/234_894_vazquez_navarro_enrique.png,static/img/diputados_lxvi_bn/234_894_vazquez_navarro_enrique.png,
198,Vázquez Ruíz Miriam de los Angeles,MIRIAM DE LOS ANGELES VÁZQUEZ RUÍZ,Oaxaca,Dtto. 1,Mayoria Relativa,Mayoría Relativa,Oaxaca,1,I-328,MORENA,miriam.vazquez@diputados.gob.mx,Mariana Asunción Cruz Camacho,False,https://sitl.diputados.gob.mx/LXVI_leg/curricula.php?dipt=198,https://sitl.diputados.gob.mx/LXVI_leg/fotos_lxviconfondo/127_foto_chica.jpg,https://sitl.diputados.gob.mx/LXVI_leg/images/morena.webp,static/img/diputados_lxvi_raw/235_198_vazquez_ruiz_miriam_de_los_angeles.png,static/img/diputados_lxvi_bn/235_198_vazquez_ruiz_miriam_de_los_angeles.png,
19,Vázquez Vázquez Alfredo,ALFREDO VÁZQUEZ VÁZQUEZ,Chiapas,Dtto. 3,Mayoria Relativa,Mayoría Relativa,Chiapas,3,K-402,MORENA,alfredo.vazquez@diputados.gob.mx,Manuel Torres Hernández,False,https://sitl.diputados.gob.mx/LXVI_leg/curricula.php?dipt=19,https://sitl.diputados.gob.mx/LXVI_leg/fotos_lxviconfondo/181_foto_chica.jpg,https://sitl.diputados.gob.mx/LXVI_leg/images/morena.webp,static/img/diputados_lxvi_raw/236_19_vazquez_vazquez_alfredo.png,static/img/diputados_lxvi_bn/236_19_vazquez_vazquez_alfredo.png,
301,Vázquez Adasa Saray,ADASA SARAY VÁZQUEZ,Sinaloa,Circ. 1,Representacion Proporcional,Representación proporcional,,,C-065,MORENA,adasa.saray@diputados.gob.mx,Christian Marlen García Alvarado,False,https://sitl.diputados.gob.mx/LXVI_leg/curricula.php?dipt=301,https://sitl.diputados.gob.mx/LXVI_leg/fotos_lxviconfondo/244_foto_chica.jpg,https://sitl.diputados.gob.mx/LXVI_leg/images/morena.webp,static/img/diputados_lxvi_raw/237_301_vazquez_adasa_saray.png,static/img/diputados_lxvi_bn/237_301_vazquez_adasa_saray.png,
234,Velazco Bautista Aremy,AREMY VELAZCO BAUTISTA,San Luis Potosí,Dtto. 1,Mayoria Relativa,Mayoría Relativa,San Luis Potosí,1,E-148,MORENA,aremy.v.bautista@diputados.gob.mx,Maricela Oliva Espinoza,False,https://sitl.diputados.gob.mx/LXVI_leg/curricula.php?dipt=234,https://sitl.diputados.gob.mx/LXVI_leg/fotos_lxviconfondo/111_foto_chica.jpg,https://sitl.diputados.gob.mx/LXVI_leg/images/morena.webp,static/img/diputados_lxvi_raw/238_234_velazco_bautista_aremy.png,static/img/diputados_lxvi_bn/238_234_velazco_bautista_aremy.png,
276,Velázquez Vallejo Francisco Javier,FRANCISCO JAVIER VELÁZQUEZ VALLEJO,Veracruz,Dtto. 5,Mayoria Relativa,Mayoría Relativa,Veracruz,5,C-073,MORENA,javier.velazquez@diputados.gob.mx,Marco Antonio Medina Pérez,False,https://sitl.diputados.gob.mx/LXVI_leg/curricula.php?dipt=276,https://sitl.diputados.gob.mx/LXVI_leg/fotos_lxviconfondo/186_foto_chica.jpg,https://sitl.diputados.gob.mx/LXVI_leg/images/morena.webp,static/img/diputados_lxvi_raw/239_276_velazquez_vallejo_francisco_javier.png,static/img/diputados_lxvi_bn/239_276_velazquez_vallejo_francisco_javier.png,
171,Velázquez Vázquez Marcela,MARCELA VELÁZQUEZ VÁZQUEZ,Michoacán,Dtto. 7,Mayoria Relativa,Mayoría Relativa,Michoacán,7,L-439,MORENA,marcela.velazquez@diputados.gob.mx,Lucía Cardona Aguilera,False,https://sitl.diputados.gob.mx/LXVI_leg/curricula.php?dipt=171,https://sitl.diputados.gob.mx/LXVI_leg/fotos_lxviconfondo/082_foto_chica.jpg,https://sitl.diputados.gob.mx/LXVI_leg/images/morena.webp,static/img/diputados_lxvi_raw/240_171_velazquez_vazquez_marcela.png,static/img/diputados_lxvi_bn/240_171_velazquez_vazquez_marcela.png,
425,Vences Valencia Julieta Kristal,JULIETA KRISTAL VENCES VALENCIA,Puebla,Circ. 4,Representacion Proporcional,Representación proporcional,,,H-279,MORENA,julieta.vences@diputados.gob.mx,Diana Laura Chávez Barajas,False,https://sitl.diputados.gob.mx/LXVI_leg/curricula.php?dipt=425,https://sitl.diputados.gob.mx/LXVI_leg/fotos_lxviconfondo/364_foto_chica.jpg,https://sitl.diputados.gob.mx/LXVI_leg/images/morena.webp,static/img/diputados_lxvi_raw/241_425_vences_valencia_julieta_kristal.png,static/img/diputados_lxvi_bn/241_425_vences_valencia_julieta_kristal.png,
783,Villacis Palacios Zoraya,ZORAYA VILLACIS PALACIOS,Veracruz,Dtto. 12,Mayoria Relativa,Mayoría Relativa,Veracruz,12,D-108,MORENA,zoraya.villacis@diputados.gob.mx,,False,https://sitl.diputados.gob.mx/LXVI_leg/curricula.php?dipt=783,https://sitl.diputados.gob.mx/LXVI_leg/fotos_lxviconfondo/531_foto_chica.jpg,https://sitl.diputados.gob.mx/LXVI_leg/images/morena.webp,static/img/diputados_lxvi_raw/242_783_villacis_palacios_zoraya.png,static/img/diputados_lxvi_bn/242_783_villacis_palacios_zoraya.png,
130,Villalpando Riquelme Julieta,JULIETA VILLALPANDO RIQUELME,México,Dtto. 6,Mayoria Relativa,Mayoría Relativa,México,6,P-507,MORENA,julieta.villalpando@diputados.gob.mx,Valeria Naomi Pérez Francia,False,https://sitl.diputados.gob.mx/LXVI_leg/curricula.php?dipt=130,https://sitl.diputados.gob.mx/LXVI_leg/fotos_lxviconfondo/054_foto_chica.jpg,https://sitl.diputados.gob.mx/LXVI_leg/images/morena.webp,static/img/diputados_lxvi_raw/243_130_villalpando_riquelme_julieta.png,static/img/diputados_lxvi_bn/243_130_villalpando_riquelme_julieta.png,
295,Villanueva Moo Jazmín Yaneli,JAZMÍN YANELI VILLANUEVA MOO,Yucatán,Dtto. 5,Mayoria Relativa,Mayoría Relativa,Yucatán,5,A-018,MORENA,jazmin.villanueva@diputados.gob.mx,Ivonne Alejandrina Pinzón Ojeda,False,https://sitl.diputados.gob.mx/LXVI_leg/curricula.php?dipt=295,https://sitl.diputados.gob.mx/LXVI_leg/fotos_lxviconfondo/344_foto_chica.jpg,https://sitl.diputados.gob.mx/LXVI_leg/images/morena.webp,static/img/diputados_lxvi_raw/244_295_villanueva_moo_jazmin_yaneli.png,static/img/diputados_lxvi_bn/244_295_villanueva_moo_jazmin_yaneli.png,
731,Villegas Canché Freyda Marybel,FREYDA MARYBEL (LICENCIA) VILLEGAS CANCHÉ (LICENCIA),Quintana Roo,Dtto. 2,Mayoria Relativa,Mayoría Relativa,Quintana Roo,2,E-143,MORENA,freyda.villegas@diputados.gob.mx,,True,https://sitl.diputados.gob.mx/LXVI_leg/curricula.php?dipt=731,https://sitl.diputados.gob.mx/LXVI_leg/fotos_lxviconfondo/519_foto_chica.jpg,https://sitl.diputados.gob.mx/LXVI_leg/images/morena.webp,static/img/diputados_lxvi_raw/245_731_villegas_canche_freyda_marybel.png,static/img/diputados_lxvi_bn/245_731_villegas_canche_freyda_marybel.png,
782,Villegas García Isidro Enrique,ISIDRO ENRIQUE VILLEGAS GARCÍA,Veracruz,Dtto. 11,Mayoria Relativa,Mayoría Relativa,Veracruz,11,B-043,MORENA,enrique.villegas@diputados.gob.mx,,False,https://sitl.diputados.gob.mx/LXVI_leg/curricula.php?dipt=782,https://sitl.diputados.gob.mx/LXVI_leg/fotos_lxviconfondo/537_foto_chica.jpg,https://sitl.diputados.gob.mx/LXVI_leg/images/morena.webp,static/img/diputados_lxvi_raw/246_782_villegas_garcia_isidro_enrique.png,static/img/diputados_lxvi_bn/246_782_villegas_garcia_isidro_enrique.png,
286,Villegas Guarneros Dulce María Corina,DULCE MARÍA CORINA VILLEGAS GUARNEROS,Veracruz,Dtto. 15,Mayoria Relativa,Mayoría Relativa,Veracruz,15,C-072,MORENA,dulce.villegas@diputados.gob.mx,Janett Paola Del Valle Lara,False,https://sitl.diputados.gob.mx/LXVI_leg/curricula.php?dipt=286,https://sitl.diputados.gob.mx/LXVI_leg/fotos_lxviconfondo/170_foto_chica.jpg,https://sitl.diputados.gob.mx/LXVI_leg/images/morena.webp,static/img/diputados_lxvi_raw/247_286_villegas_guarneros_dulce_maria_corina.png,static/img/diputados_lxvi_bn/247_286_villegas_guarneros_dulce_maria_corina.png,
247,Villegas Sánchez Merary,MERARY VILLEGAS SÁNCHEZ,Sinaloa,Dtto. 7,Mayoria Relativa,Mayoría Relativa,Sinaloa,7,D-097,MORENA,merary.villegas@diputados.gob.mx,Danisa Magdalena Flores Ojeda,False,https://sitl.diputados.gob.mx/LXVI_leg/curricula.php?dipt=247,https://sitl.diputados.gob.mx/LXVI_leg/fotos_lxviconfondo/390_foto_chica.jpg,https://sitl.diputados.gob.mx/LXVI_leg/images/morena.webp,static/img/diputados_lxvi_raw/248_247_villegas_sanchez_merary.png,static/img/diputados_lxvi_bn/248_247_villegas_sanchez_merary.png,
303,Vitela Rodríguez Alma Marina,ALMA MARINA VITELA RODRÍGUEZ,Durango,Circ. 1,Representacion Proporcional,Representación proporcional,,,J-350,MORENA,alma.vitela@diputados.gob.mx,María de Lourdes García Garay,False,https://sitl.diputados.gob.mx/LXVI_leg/curricula.php?dipt=303,https://sitl.diputados.gob.mx/LXVI_leg/fotos_lxviconfondo/241_foto_chica.jpg,https://sitl.diputados.gob.mx/LXVI_leg/images/morena.webp,static/img/diputados_lxvi_raw/249_303_vitela_rodriguez_alma_marina.png,static/img/diputados_lxvi_bn/249_303_vitela_rodriguez_alma_marina.png,
131,Zagal Ramírez Xóchitl Nashielly,XÓCHITL NASHIELLY ZAGAL RAMÍREZ,México,Dtto. 7,Mayoria Relativa,Mayoría Relativa,México,7,I-325,MORENA,xochitl.zagal@diputados.gob.mx,Laura Mónica Guerra Navarro,False,https://sitl.diputados.gob.mx/LXVI_leg/curricula.php?dipt=131,https://sitl.diputados.gob.mx/LXVI_leg/fotos_lxviconfondo/075_foto_chica.jpg,https://sitl.diputados.gob.mx/LXVI_leg/images/morena.webp,static/img/diputados_lxvi_raw/250_131_zagal_ramirez_xochitl_nashielly.png,static/img/diputados_lxvi_bn/250_131_zagal_ramirez_xochitl_nashielly.png,
20,Zebadúa Alva Joaquín,JOAQUÍN ZEBADÚA ALVA,Chiapas,Dtto. 4,Mayoria Relativa,Mayoría Relativa,Chiapas,4,L-445,MORENA,joaquin.zebadua@diputados.gob.mx,Norma Edith Gutiérrez Sánchez,False,https://sitl.diputados.gob.mx/LXVI_leg/curricula.php?dipt=20,https://sitl.diputados.gob.mx/LXVI_leg/fotos_lxviconfondo/184_foto_chica.jpg,https://sitl.diputados.gob.mx/LXVI_leg/images/morena.webp,static/img/diputados_lxvi_raw/251_20_zebadua_alva_joaquin.png,static/img/diputados_lxvi_bn/251_20_zebadua_alva_joaquin.png,
161,Zenteno Santaella Pedro Mario,PEDRO MARIO ZENTENO SANTAELLA,México,Dtto. 37,Mayoria Relativa,Mayoría Relativa,México,37,I-316,MORENA,pedro.zenteno@diputados.gob.mx,Eleazar Rodríguez Ortiz,False,https://sitl.diputados.gob.mx/LXVI_leg/curricula.php?dipt=161,https://sitl.diputados.gob.mx/LXVI_leg/fotos_lxviconfondo/067_foto_chica.jpg,https://sitl.diputados.gob.mx/LXVI_leg/images/morena.webp,static/img/diputados_lxvi_raw/252_161_zenteno_santaella_pedro_mario.png,static/img/diputados_lxvi_bn/252_161_zenteno_santaella_pedro_mario.png,
60,Zúñiga Cerón Marisela,MARISELA ZÚÑIGA CERÓN,Ciudad de México,Dtto. 22,Mayoria Relativa,Mayoría Relativa,Ciudad de México,22,H-275,MORENA,marisela.zuniga@diputados.gob.mx,Tomasa Mora Rodríguez,False,https://sitl.diputados.gob.mx/LXVI_leg/curricula.php?dipt=60,https://sitl.diputados.gob.mx/LXVI_leg/fotos_lxviconfondo/019_foto_chica.jpg,https://sitl.diputados.gob.mx/LXVI_leg/images/morena.webp,static/img/diputados_lxvi_raw/253_60_zuniga_ceron_marisela.png,static/img/diputados_lxvi_bn/253_60_zuniga_ceron_marisela.png,
65,Anaya Llamas José Guillermo,JOSÉ GUILLERMO ANAYA LLAMAS,Coahuila,Dtto. 5,Mayoria Relativa,Mayoría Relativa,Coahuila,5,G-206,PAN,jose.anaya@diputados.gob.mx,Roberto Carlos López García,False,https://sitl.diputados.gob.mx/LXVI_leg/curricula.php?dipt=65,https://sitl.diputados.gob.mx/LXVI_leg/fotos_lxviconfondo/221_foto_chica.jpg,https://sitl.diputados.gob.mx/LXVI_leg/images/pan.webp,static/img/diputados_lxvi_raw/254_65_anaya_llamas_jose_guillermo.png,static/img/diputados_lxvi_bn/254_65_anaya_llamas_jose_guillermo.png,
238,Azuara Zúñiga David,DAVID AZUARA ZÚÑIGA,San Luis Potosí,Dtto. 5,Mayoria Relativa,Mayoría Relativa,San Luis Potosí,5,F-165,PAN,david.azuara@diputados.gob.mx,Rafael Armando López Puente,False,https://sitl.diputados.gob.mx/LXVI_leg/curricula.php?dipt=238,https://sitl.diputados.gob.mx/LXVI_leg/fotos_lxviconfondo/217_foto_chica.jpg,https://sitl.diputados.gob.mx/LXVI_leg/images/pan.webp,static/img/diputados_lxvi_raw/255_238_azuara_zuniga_david.png,static/img/diputados_lxvi_bn/255_238_azuara_zuniga_david.png,
482,Balderas Trejo Ana María,ANA MARÍA BALDERAS TREJO,México,Circ. 5,Representacion Proporcional,Representación proporcional,,,A-002,PAN,ana.balderas@diputados.gob.mx,Carmen Lizeth Balderas Soto,False,https://sitl.diputados.gob.mx/LXVI_leg/curricula.php?dipt=482,https://sitl.diputados.gob.mx/LXVI_leg/fotos_lxviconfondo/279_foto_chica.jpg,https://sitl.diputados.gob.mx/LXVI_leg/images/pan.webp,static/img/diputados_lxvi_raw/256_482_balderas_trejo_ana_maria.png,static/img/diputados_lxvi_bn/256_482_balderas_trejo_ana_maria.png,
2,Becerra Moreno Monica,MONICA BECERRA MORENO,Aguascalientes,Dtto. 2,Mayoria Relativa,Mayoría Relativa,Aguascalientes,2,I-287,PAN,monica.becerra@diputados.gob.mx,María Elena Pérez-Jaén Zermeño,False,https://sitl.diputados.gob.mx/LXVI_leg/curricula.php?dipt=2,https://sitl.diputados.gob.mx/LXVI_leg/fotos_lxviconfondo/226_foto_chica.jpg,https://sitl.diputados.gob.mx/LXVI_leg/images/pan.webp,static/img/diputados_lxvi_raw/257_2_becerra_moreno_monica.png,static/img/diputados_lxvi_bn/257_2_becerra_moreno_monica.png,
114,Borboa Becerra Omar Antonio,OMAR ANTONIO BORBOA BECERRA,Jalisco,Dtto. 10,Mayoria Relativa,Mayoría Relativa,Jalisco,10,H-245,PAN,omar.borboa@diputados.gob.mx,Hernando Castañeda Córdova,False,https://sitl.diputados.gob.mx/LXVI_leg/curricula.php?dipt=114,https://sitl.diputados.gob.mx/LXVI_leg/fotos_lxviconfondo/199_foto_chica.jpg,https://sitl.diputados.gob.mx/LXVI_leg/images/pan.webp,static/img/diputados_lxvi_raw/258_114_borboa_becerra_omar_antonio.png,static/img/diputados_lxvi_bn/258_114_borboa_becerra_omar_antonio.png,
361,Castillo Medina Nubia Iris,NUBIA IRIS CASTILLO MEDINA,San Luis Potosí,Circ. 2,Representacion Proporcional,Representación proporcional,,,F-162,PAN,nubia.castillo@diputados.gob.mx,Karla Janett Zuñiga Quezada,False,https://sitl.diputados.gob.mx/LXVI_leg/curricula.php?dipt=361,https://sitl.diputados.gob.mx/LXVI_leg/fotos_lxviconfondo/281_foto_chica.jpg,https://sitl.diputados.gob.mx/LXVI_leg/images/pan.webp,static/img/diputados_lxvi_raw/259_361_castillo_medina_nubia_iris.png,static/img/diputados_lxvi_bn/259_361_castillo_medina_nubia_iris.png,
940,Chimal García Fidel Daniel,FIDEL DANIEL CHIMAL GARCÍA,Ciudad de México,Circ. 4,Representacion Proporcional,Representación proporcional,,,F-161,PAN,fidel.chimal@diputados.gob.mx,,False,https://sitl.diputados.gob.mx/LXVI_leg/curricula.php?dipt=940,https://sitl.diputados.gob.mx/LXVI_leg/fotos_lxviconfondo/502_foto_chica.jpg,https://sitl.diputados.gob.mx/LXVI_leg/images/pan.webp,static/img/diputados_lxvi_raw/260_940_chimal_garcia_fidel_daniel.png,static/img/diputados_lxvi_bn/260_940_chimal_garcia_fidel_daniel.png,
174,Cortés Mendoza David Alejandro,DAVID ALEJANDRO CORTÉS MENDOZA,Michoacán,Dtto. 10,Mayoria Relativa,Mayoría Relativa,Michoacán,10,F-168,PAN,david.cortes@diputados.gob.mx,Gerardo Ponce de León Valdés,False,https://sitl.diputados.gob.mx/LXVI_leg/curricula.php?dipt=174,https://sitl.diputados.gob.mx/LXVI_leg/fotos_lxviconfondo/218_foto_chica.jpg,https://sitl.diputados.gob.mx/LXVI_leg/images/pan.webp,static/img/diputados_lxvi_raw/261_174_cortes_mendoza_david_alejandro.png,static/img/diputados_lxvi_bn/261_174_cortes_mendoza_david_alejandro.png,
317,Damián Retes César Israel,CÉSAR ISRAEL DAMIÁN RETES,Baja California,Circ. 1,Representacion Proporcional,Representación proporcional,,,H-243,PAN,cesar.damian@diputados.gob.mx,María Luisa Kato Meza,False,https://sitl.diputados.gob.mx/LXVI_leg/curricula.php?dipt=317,https://sitl.diputados.gob.mx/LXVI_leg/fotos_lxviconfondo/289_foto_chica.jpg,https://sitl.diputados.gob.mx/LXVI_leg/images/pan.webp,static/img/diputados_lxvi_raw/262_317_damian_retes_cesar_israel.png,static/img/diputados_lxvi_bn/262_317_damian_retes_cesar_israel.png,
53,Döring Casar Federico,FEDERICO DÖRING CASAR,Ciudad de México,Dtto. 15,Mayoria Relativa,Mayoría Relativa,Ciudad de México,15,D-087,PAN,federico.doring@diputados.gob.mx,Karina Magaña Guillén,False,https://sitl.diputados.gob.mx/LXVI_leg/curricula.php?dipt=53,https://sitl.diputados.gob.mx/LXVI_leg/fotos_lxviconfondo/209_foto_chica.jpg,https://sitl.diputados.gob.mx/LXVI_leg/images/pan.webp,static/img/diputados_lxvi_raw/263_53_doring_casar_federico.png,static/img/diputados_lxvi_bn/263_53_doring_casar_federico.png,
112,Espinosa Sánchez Paola Milagros,PAOLA MILAGROS ESPINOSA SÁNCHEZ,Jalisco,Dtto. 8,Mayoria Relativa,Mayoría Relativa,Jalisco,8,F-163,PAN,paola.espinosa@diputados.gob.mx,Marisol Correa Rodríguez,False,https://sitl.diputados.gob.mx/LXVI_leg/curricula.php?dipt=112,https://sitl.diputados.gob.mx/LXVI_leg/fotos_lxviconfondo/206_foto_chica.jpg,https://sitl.diputados.gob.mx/LXVI_leg/images/pan.webp,static/img/diputados_lxvi_raw/264_112_espinosa_sanchez_paola_milagros.png,static/img/diputados_lxvi_bn/264_112_espinosa_sanchez_paola_milagros.png,
403,Ferreyro Rosado Abril,ABRIL FERREYRO ROSADO,Yucatán,Circ. 3,Representacion Proporcional,Representación proporcional,,,E-126,PAN,abril.ferreyro@diputados.gob.mx,Karla Vanessa Salazar González,False,https://sitl.diputados.gob.mx/LXVI_leg/curricula.php?dipt=403,https://sitl.diputados.gob.mx/LXVI_leg/fotos_lxviconfondo/295_foto_chica.jpg,https://sitl.diputados.gob.mx/LXVI_leg/images/pan.webp,static/img/diputados_lxvi_raw/265_403_ferreyro_rosado_abril.png,static/img/diputados_lxvi_bn/265_403_ferreyro_rosado_abril.png,
226,García Jimeno Alcocer Ma. Lorena,MA. LORENA GARCÍA JIMENO ALCOCER,Querétaro,Dtto. 3,Mayoria Relativa,Mayoría Relativa,Querétaro,3,E-120,PAN,lorena.garcia@diputados.gob.mx,María del Pilar Nava Balvanera,False,https://sitl.diputados.gob.mx/LXVI_leg/curricula.php?dipt=226,https://sitl.diputados.gob.mx/LXVI_leg/fotos_lxviconfondo/215_foto_chica.jpg,https://sitl.diputados.gob.mx/LXVI_leg/images/pan.webp,static/img/diputados_lxvi_raw/266_226_garcia_jimeno_alcocer_ma_lorena.png,static/img/diputados_lxvi_bn/266_226_garcia_jimeno_alcocer_ma_lorena.png,
694,Garza de la Garza Samantha Margarita,SAMANTHA MARGARITA GARZA DE LA GARZA,Nuevo León,Dtto. 11,Mayoria Relativa,Mayoría Relativa,Nuevo León,11,I-286,PAN,samantha.garza@diputados.gob.mx,,False,https://sitl.diputados.gob.mx/LXVI_leg/curricula.php?dipt=694,https://sitl.diputados.gob.mx/LXVI_leg/fotos_lxviconfondo/532_foto_chica.jpg,https://sitl.diputados.gob.mx/LXVI_leg/images/pan.webp,static/img/diputados_lxvi_raw/267_694_garza_de_la_garza_samantha_margarita.png,static/img/diputados_lxvi_bn/267_694_garza_de_la_garza_samantha_margarita.png,
480,Ginez Serrano Teresa,TERESA GINEZ SERRANO,México,Circ. 5,Representacion Proporcional,Representación proporcional,,,B-028,PAN,teresa.ginez@diputados.gob.mx,Guadalupe Jasmin Rojas Jasso,False,https://sitl.diputados.gob.mx/LXVI_leg/curricula.php?dipt=480,https://sitl.diputados.gob.mx/LXVI_leg/fotos_lxviconfondo/301_foto_chica.jpg,https://sitl.diputados.gob.mx/LXVI_leg/images/pan.webp,static/img/diputados_lxvi_raw/268_480_ginez_serrano_teresa.png,static/img/diputados_lxvi_bn/268_480_ginez_serrano_teresa.png,
189,Gómez Cárdenas Annia Sarahí,ANNIA SARAHÍ GÓMEZ CÁRDENAS,Nuevo León,Dtto. 6,Mayoria Relativa,Mayoría Relativa,Nuevo León,6,E-124,PAN,annia.gomez@diputados.gob.mx,María Magdalena García Fraga,False,https://sitl.diputados.gob.mx/LXVI_leg/curricula.php?dipt=189,https://sitl.diputados.gob.mx/LXVI_leg/fotos_lxviconfondo/216_foto_chica.jpg,https://sitl.diputados.gob.mx/LXVI_leg/images/pan.webp,static/img/diputados_lxvi_raw/269_189_gomez_cardenas_annia_sarahi.png,static/img/diputados_lxvi_bn/269_189_gomez_cardenas_annia_sarahi.png,
320,González Alonso Carmen Rocío,CARMEN ROCÍO GONZÁLEZ ALONSO,Chihuahua,Circ. 1,Representacion Proporcional,Representación proporcional,,,B-029,PAN,carmen.alonso@diputados.gob.mx,Mónica Estrada Domínguez,False,https://sitl.diputados.gob.mx/LXVI_leg/curricula.php?dipt=320,https://sitl.diputados.gob.mx/LXVI_leg/fotos_lxviconfondo/296_foto_chica.jpg,https://sitl.diputados.gob.mx/LXVI_leg/images/pan.webp,static/img/diputados_lxvi_raw/270_320_gonzalez_alonso_carmen_rocio.png,static/img/diputados_lxvi_bn/270_320_gonzalez_alonso_carmen_rocio.png,
35,Granados Trespalacios María Angélica,MARÍA ANGÉLICA GRANADOS TRESPALACIOS,Chihuahua,Dtto. 6,Mayoria Relativa,Mayoría Relativa,Chihuahua,6,C-057,PAN,maria.granados@diputados.gob.mx,Rebeca Alejandra Enríquez Gutiérrez,False,https://sitl.diputados.gob.mx/LXVI_leg/curricula.php?dipt=35,https://sitl.diputados.gob.mx/LXVI_leg/fotos_lxviconfondo/219_foto_chica.jpg,https://sitl.diputados.gob.mx/LXVI_leg/images/pan.webp,static/img/diputados_lxvi_raw/271_35_granados_trespalacios_maria_angelica.png,static/img/diputados_lxvi_bn/271_35_granados_trespalacios_maria_angelica.png,
942,Guevara Rodríguez Miguel Ángel,MIGUEL ÁNGEL GUEVARA RODRÍGUEZ,Ciudad de México,Circ. 4,Representacion Proporcional,Representación proporcional,,,E-121,PAN,miguel.guevara@diputados.gob.mx,,False,https://sitl.diputados.gob.mx/LXVI_leg/curricula.php?dipt=942,https://sitl.diputados.gob.mx/LXVI_leg/fotos_lxviconfondo/501_foto_chica.jpg,https://sitl.diputados.gob.mx/LXVI_leg/images/pan.webp,static/img/diputados_lxvi_raw/272_942_guevara_rodriguez_miguel_angel.png,static/img/diputados_lxvi_bn/272_942_guevara_rodriguez_miguel_angel.png,
359,Gutiérrez Garza Blanca Leticia,BLANCA LETICIA GUTIÉRREZ GARZA,Tamaulipas,Circ. 2,Representacion Proporcional,Representación proporcional,,,A-003,PAN,blanca.gutierrez@diputados.gob.mx,Ana Marcela Lozano Gutiérrez,False,https://sitl.diputados.gob.mx/LXVI_leg/curricula.php?dipt=359,https://sitl.diputados.gob.mx/LXVI_leg/fotos_lxviconfondo/302_foto_chica.jpg,https://sitl.diputados.gob.mx/LXVI_leg/images/pan.webp,static/img/diputados_lxvi_raw/273_359_gutierrez_garza_blanca_leticia.png,static/img/diputados_lxvi_bn/273_359_gutierrez_garza_blanca_leticia.png,
81,Gutiérrez Valtierra Diana Estefanía,DIANA ESTEFANÍA GUTIÉRREZ VALTIERRA,Guanajuato,Dtto. 7,Mayoria Relativa,Mayoría Relativa,Guanajuato,7,F-166,PAN,estefania.gutierrez@diputados.gob.mx,Selene Anahí Ruíz Ortega,False,https://sitl.diputados.gob.mx/LXVI_leg/curricula.php?dipt=81,https://sitl.diputados.gob.mx/LXVI_leg/fotos_lxviconfondo/222_foto_chica.jpg,https://sitl.diputados.gob.mx/LXVI_leg/images/pan.webp,static/img/diputados_lxvi_raw/274_81_gutierrez_valtierra_diana_estefania.png,static/img/diputados_lxvi_bn/274_81_gutierrez_valtierra_diana_estefania.png,
398,Guzmán Avilés María del Rosario,MARÍA DEL ROSARIO GUZMÁN AVILÉS,Veracruz,Circ. 3,Representacion Proporcional,Representación proporcional,,,A-001,PAN,mdelrosario.guzman@diputados.gob.mx,Lourdes Santiago Martínez,False,https://sitl.diputados.gob.mx/LXVI_leg/curricula.php?dipt=398,https://sitl.diputados.gob.mx/LXVI_leg/fotos_lxviconfondo/310_foto_chica.jpg,https://sitl.diputados.gob.mx/LXVI_leg/images/pan.webp,static/img/diputados_lxvi_raw/275_398_guzman_aviles_maria_del_rosario.png,static/img/diputados_lxvi_bn/275_398_guzman_aviles_maria_del_rosario.png,
456,Hernández Cerón Asael,ASAEL HERNÁNDEZ CERÓN,Hidalgo,Circ. 4,Representacion Proporcional,Representación proporcional,,,K-373,PAN,asael.hernandez@diputados.gob.mx,Martha Margeri Rivera Núñez,False,https://sitl.diputados.gob.mx/LXVI_leg/curricula.php?dipt=456,https://sitl.diputados.gob.mx/LXVI_leg/fotos_lxviconfondo/297_foto_chica.jpg,https://sitl.diputados.gob.mx/LXVI_leg/images/pan.webp,static/img/diputados_lxvi_raw/276_456_hernandez_ceron_asael.png,static/img/diputados_lxvi_bn/276_456_hernandez_ceron_asael.png,
479,Hinojosa Pérez José Manuel,JOSÉ MANUEL HINOJOSA PÉREZ,Michoacán,Circ. 5,Representacion Proporcional,Representación proporcional,,,B-025,PAN,jose.hinojosa@diputados.gob.mx,María Mendoza Torres,False,https://sitl.diputados.gob.mx/LXVI_leg/curricula.php?dipt=479,https://sitl.diputados.gob.mx/LXVI_leg/fotos_lxviconfondo/348_foto_chica.jpg,https://sitl.diputados.gob.mx/LXVI_leg/images/pan.webp,static/img/diputados_lxvi_raw/277_479_hinojosa_perez_jose_manuel.png,static/img/diputados_lxvi_bn/277_479_hinojosa_perez_jose_manuel.png,
443,Huerta Villegas Genoveva,GENOVEVA HUERTA VILLEGAS,Puebla,Circ. 4,Representacion Proporcional,Representación proporcional,,,I-290,PAN,genoveva.huerta@diputados.gob.mx,Gabriela Edilberta Flores de los Santos,False,https://sitl.diputados.gob.mx/LXVI_leg/curricula.php?dipt=443,https://sitl.diputados.gob.mx/LXVI_leg/fotos_lxviconfondo/315_foto_chica.jpg,https://sitl.diputados.gob.mx/LXVI_leg/images/pan.webp,static/img/diputados_lxvi_raw/278_443_huerta_villegas_genoveva.png,static/img/diputados_lxvi_bn/278_443_huerta_villegas_genoveva.png,
107,Iñiguez Franco José Mario,JOSÉ MARIO IÑIGUEZ FRANCO,Jalisco,Dtto. 3,Mayoria Relativa,Mayoría Relativa,Jalisco,3,K-374,PAN,jose.iniguez@diputados.gob.mx,Óscar Eduardo Lomelí Hernández,False,https://sitl.diputados.gob.mx/LXVI_leg/curricula.php?dipt=107,https://sitl.diputados.gob.mx/LXVI_leg/fotos_lxviconfondo/200_foto_chica.jpg,https://sitl.diputados.gob.mx/LXVI_leg/images/pan.webp,static/img/diputados_lxvi_raw/279_107_iniguez_franco_jose_mario.png,static/img/diputados_lxvi_bn/279_107_iniguez_franco_jose_mario.png,
484,Jiménez Angulo Julia Licet,JULIA LICET JIMÉNEZ ANGULO,Colima,Circ. 5,Representacion Proporcional,Representación proporcional,,,A-004,PAN,julia.jimenez@diputados.gob.mx,Nirvana Lizette Rocha Jiménez,False,https://sitl.diputados.gob.mx/LXVI_leg/curricula.php?dipt=484,https://sitl.diputados.gob.mx/LXVI_leg/fotos_lxviconfondo/228_foto_chica.jpg,https://sitl.diputados.gob.mx/LXVI_leg/images/pan.webp,static/img/diputados_lxvi_raw/280_484_jimenez_angulo_julia_licet.png,static/img/diputados_lxvi_bn/280_484_jimenez_angulo_julia_licet.png,
74,Jiménez Delgado Silvia Patricia,SILVIA PATRICIA JIMÉNEZ DELGADO,Durango,Dtto. 4,Mayoria Relativa,Mayoría Relativa,Durango,4,G-203,PAN,patricia.jimenez@diputados.gob.mx,Margarita Sofía Durán Rodarte,False,https://sitl.diputados.gob.mx/LXVI_leg/curricula.php?dipt=74,https://sitl.diputados.gob.mx/LXVI_leg/fotos_lxviconfondo/225_foto_chica.jpg,https://sitl.diputados.gob.mx/LXVI_leg/images/pan.webp,static/img/diputados_lxvi_raw/281_74_jimenez_delgado_silvia_patricia.png,static/img/diputados_lxvi_bn/281_74_jimenez_delgado_silvia_patricia.png,
63,Kalionchiz De la Fuente Theodoros,THEODOROS KALIONCHIZ DE LA FUENTE,Coahuila,Dtto. 3,Mayoria Relativa,Mayoría Relativa,Coahuila,3,D-086,PAN,theodoros.kalionchiz@diputados.gob.mx,Arnulfo Ignacio Guajardo Flores,False,https://sitl.diputados.gob.mx/LXVI_leg/curricula.php?dipt=63,https://sitl.diputados.gob.mx/LXVI_leg/fotos_lxviconfondo/220_foto_chica.jpg,https://sitl.diputados.gob.mx/LXVI_leg/images/pan.webp,static/img/diputados_lxvi_raw/282_63_kalionchiz_de_la_fuente_theodoros.png,static/img/diputados_lxvi_bn/282_63_kalionchiz_de_la_fuente_theodoros.png,
402,Lixa Abimerhi José Elías,JOSÉ ELÍAS LIXA ABIMERHI,Yucatán,Circ. 3,Representacion Proporcional,Representación proporcional,,,D-088,PAN,elias.lixa@diputados.gob.mx,Martín Abraham Uicab Flores,False,https://sitl.diputados.gob.mx/LXVI_leg/curricula.php?dipt=402,https://sitl.diputados.gob.mx/LXVI_leg/fotos_lxviconfondo/229_foto_chica.jpg,https://sitl.diputados.gob.mx/LXVI_leg/images/pan.webp,static/img/diputados_lxvi_raw/283_402_lixa_abimerhi_jose_elias.png,static/img/diputados_lxvi_bn/283_402_lixa_abimerhi_jose_elias.png,
439,López Rabadán Kenia,KENIA LÓPEZ RABADÁN,Ciudad de México,Circ. 4,Representacion Proporcional,Representación proporcional,,,P-503,PAN,kenia.lopez@diputados.gob.mx,Yadhira Yvette Tamayo Herrera,False,https://sitl.diputados.gob.mx/LXVI_leg/curricula.php?dipt=439,https://sitl.diputados.gob.mx/LXVI_leg/fotos_lxviconfondo/327_foto_chica.jpg,https://sitl.diputados.gob.mx/LXVI_leg/images/pan.webp,static/img/diputados_lxvi_raw/284_439_lopez_rabadan_kenia.png,static/img/diputados_lxvi_bn/284_439_lopez_rabadan_kenia.png,
363,Luna Ayala Noemí Berenice,NOEMÍ BERENICE LUNA AYALA,Zacatecas,Circ. 2,Representacion Proporcional,Representación proporcional,,,D-089,PAN,noemi.luna@diputados.gob.mx,Gloria Areli Peña Sánchez,False,https://sitl.diputados.gob.mx/LXVI_leg/curricula.php?dipt=363,https://sitl.diputados.gob.mx/LXVI_leg/fotos_lxviconfondo/158_foto_chica.jpg,https://sitl.diputados.gob.mx/LXVI_leg/images/pan.webp,static/img/diputados_lxvi_raw/285_363_luna_ayala_noemi_berenice.png,static/img/diputados_lxvi_bn/285_363_luna_ayala_noemi_berenice.png,
80,Márquez Alcalá Laura Cristina,LAURA CRISTINA MÁRQUEZ ALCALÁ,Guanajuato,Dtto. 6,Mayoria Relativa,Mayoría Relativa,Guanajuato,6,K-372,PAN,laura.marquez@diputados.gob.mx,María Abigail Ortiz Hernández,False,https://sitl.diputados.gob.mx/LXVI_leg/curricula.php?dipt=80,https://sitl.diputados.gob.mx/LXVI_leg/fotos_lxviconfondo/231_foto_chica.jpg,https://sitl.diputados.gob.mx/LXVI_leg/images/pan.webp,static/img/diputados_lxvi_raw/286_80_marquez_alcala_laura_cristina.png,static/img/diputados_lxvi_bn/286_80_marquez_alcala_laura_cristina.png,
358,Márquez Becerra Alan Sahir,ALAN SAHIR MÁRQUEZ BECERRA,Guanajuato,Circ. 2,Representacion Proporcional,Representación proporcional,,,P-506,PAN,alan.marquez@diputados.gob.mx,Javier Alfonso Torres Mereles,False,https://sitl.diputados.gob.mx/LXVI_leg/curricula.php?dipt=358,https://sitl.diputados.gob.mx/LXVI_leg/fotos_lxviconfondo/323_foto_chica.jpg,https://sitl.diputados.gob.mx/LXVI_leg/images/pan.webp,static/img/diputados_lxvi_raw/287_358_marquez_becerra_alan_sahir.png,static/img/diputados_lxvi_bn/287_358_marquez_becerra_alan_sahir.png,
481,Martínez Cázares Germán,GERMÁN MARTÍNEZ CÁZARES,Michoacán,Circ. 5,Representacion Proporcional,Representación proporcional,,,E-125,PAN,german.martinez@diputados.gob.mx,Isidro Amarildo Bárcenas Resendiz,False,https://sitl.diputados.gob.mx/LXVI_leg/curricula.php?dipt=481,https://sitl.diputados.gob.mx/LXVI_leg/fotos_lxviconfondo/321_foto_chica.jpg,https://sitl.diputados.gob.mx/LXVI_leg/images/pan.webp,static/img/diputados_lxvi_raw/288_481_martinez_cazares_german.png,static/img/diputados_lxvi_bn/288_481_martinez_cazares_german.png,
3,Martínez López Paulo Gonzalo,PAULO GONZALO MARTÍNEZ LÓPEZ,Aguascalientes,Dtto. 3,Mayoria Relativa,Mayoría Relativa,Aguascalientes,3,E-119,PAN,paulo.martinez@diputados.gob.mx,Francisco Emmanuel Muñoz Sánchez,False,https://sitl.diputados.gob.mx/LXVI_leg/curricula.php?dipt=3,https://sitl.diputados.gob.mx/LXVI_leg/fotos_lxviconfondo/227_foto_chica.jpg,https://sitl.diputados.gob.mx/LXVI_leg/images/pan.webp,static/img/diputados_lxvi_raw/289_3_martinez_lopez_paulo_gonzalo.png,static/img/diputados_lxvi_bn/289_3_martinez_lopez_paulo_gonzalo.png,
444,Martínez Terrazas Víctor Adrián,VÍCTOR ADRIÁN MARTÍNEZ TERRAZAS,Morelos,Circ. 4,Representacion Proporcional,Representación proporcional,,,G-207,PAN,adrian.martinez@diputados.gob.mx,Erick Uriel Vera García,False,https://sitl.diputados.gob.mx/LXVI_leg/curricula.php?dipt=444,https://sitl.diputados.gob.mx/LXVI_leg/fotos_lxviconfondo/317_foto_chica.jpg,https://sitl.diputados.gob.mx/LXVI_leg/images/pan.webp,static/img/diputados_lxvi_raw/290_444_martinez_terrazas_victor_adrian.png,static/img/diputados_lxvi_bn/290_444_martinez_terrazas_victor_adrian.png,
357,Martínez Álvarez Elizabeth,ELIZABETH MARTÍNEZ ÁLVAREZ,Aguascalientes,Circ. 2,Representacion Proporcional,Representación proporcional,,,C-051,PAN,elizabeth.alvarez@diputados.gob.mx,María Cristina de Fátima Salas Luján,False,https://sitl.diputados.gob.mx/LXVI_leg/curricula.php?dipt=357,https://sitl.diputados.gob.mx/LXVI_leg/fotos_lxviconfondo/319_foto_chica.jpg,https://sitl.diputados.gob.mx/LXVI_leg/images/pan.webp,static/img/diputados_lxvi_raw/291_357_martinez_alvarez_elizabeth.png,static/img/diputados_lxvi_bn/291_357_martinez_alvarez_elizabeth.png,
323,Monraz Ibarra Miguel Angel,MIGUEL ANGEL MONRAZ IBARRA,Jalisco,Circ. 1,Representacion Proporcional,Representación proporcional,,,E-127,PAN,miguel.monraz@diputados.gob.mx,Sergio Hilario Urzua Villalobos,False,https://sitl.diputados.gob.mx/LXVI_leg/curricula.php?dipt=323,https://sitl.diputados.gob.mx/LXVI_leg/fotos_lxviconfondo/300_foto_chica.jpg,https://sitl.diputados.gob.mx/LXVI_leg/images/pan.webp,static/img/diputados_lxvi_raw/292_323_monraz_ibarra_miguel_angel.png,static/img/diputados_lxvi_bn/292_323_monraz_ibarra_miguel_angel.png,
146,Moya Bastón Martha Amalia,MARTHA AMALIA MOYA BASTÓN,México,Dtto. 22,Mayoria Relativa,Mayoría Relativa,México,22,J-331,PAN,martha.moya@diputados.gob.mx,Kennya Joseline Oropeza Peña,False,https://sitl.diputados.gob.mx/LXVI_leg/curricula.php?dipt=146,https://sitl.diputados.gob.mx/LXVI_leg/fotos_lxviconfondo/223_foto_chica.jpg,https://sitl.diputados.gob.mx/LXVI_leg/images/pan.webp,static/img/diputados_lxvi_raw/293_146_moya_baston_martha_amalia.png,static/img/diputados_lxvi_bn/293_146_moya_baston_martha_amalia.png,
268,Nader Nasrallah Jesús Antonio,JESÚS ANTONIO NADER NASRALLAH,Tamaulipas,Dtto. 8,Mayoria Relativa,Mayoría Relativa,Tamaulipas,8,H-242,PAN,jesus.nader@diputados.gob.mx,Guillermo Treviño Martínez,False,https://sitl.diputados.gob.mx/LXVI_leg/curricula.php?dipt=268,https://sitl.diputados.gob.mx/LXVI_leg/fotos_lxviconfondo/224_foto_chica.jpg,https://sitl.diputados.gob.mx/LXVI_leg/images/pan.webp,static/img/diputados_lxvi_raw/294_268_nader_nasrallah_jesus_antonio.png,static/img/diputados_lxvi_bn/294_268_nader_nasrallah_jesus_antonio.png,
184,Niño de Rivera Vela Homero Ricardo,HOMERO RICARDO NIÑO DE RIVERA VELA,Nuevo León,Dtto. 1,Mayoria Relativa,Mayoría Relativa,Nuevo León,1,J-333,PAN,homero.ninoderivera@diputados.gob.mx,Brenda Tafich Lankenau,False,https://sitl.diputados.gob.mx/LXVI_leg/curricula.php?dipt=184,https://sitl.diputados.gob.mx/LXVI_leg/fotos_lxviconfondo/381_foto_chica.jpg,https://sitl.diputados.gob.mx/LXVI_leg/images/pan.webp,static/img/diputados_lxvi_raw/295_184_nino_de_rivera_vela_homero_ricardo.png,static/img/diputados_lxvi_bn/295_184_nino_de_rivera_vela_homero_ricardo.png,
355,Olguín Díaz Nancy Aracely,NANCY ARACELY OLGUÍN DÍAZ,Nuevo León,Circ. 2,Representacion Proporcional,Representación proporcional,,,I-288,PAN,nancy.olguin@diputados.gob.mx,Claudia Cano Rodríguez,False,https://sitl.diputados.gob.mx/LXVI_leg/curricula.php?dipt=355,https://sitl.diputados.gob.mx/LXVI_leg/fotos_lxviconfondo/287_foto_chica.jpg,https://sitl.diputados.gob.mx/LXVI_leg/images/pan.webp,static/img/diputados_lxvi_raw/296_355_olguin_diaz_nancy_aracely.png,static/img/diputados_lxvi_bn/296_355_olguin_diaz_nancy_aracely.png,
441,Ortiz Pérez Liliana,LILIANA ORTIZ PÉREZ,Puebla,Circ. 4,Representacion Proporcional,Representación proporcional,,,D-084,PAN,liliana.ortiz@diputados.gob.mx,Diana Galaviz Briones,False,https://sitl.diputados.gob.mx/LXVI_leg/curricula.php?dipt=441,https://sitl.diputados.gob.mx/LXVI_leg/fotos_lxviconfondo/326_foto_chica.jpg,https://sitl.diputados.gob.mx/LXVI_leg/images/pan.webp,static/img/diputados_lxvi_raw/297_441_ortiz_perez_liliana.png,static/img/diputados_lxvi_bn/297_441_ortiz_perez_liliana.png,
478,Palacios Kuri Tania,TANIA PALACIOS KURI,Querétaro,Circ. 5,Representacion Proporcional,Representación proporcional,,,B-026,PAN,tania.palacios@diputados.gob.mx,Arely Anaya Fonseca,False,https://sitl.diputados.gob.mx/LXVI_leg/curricula.php?dipt=478,https://sitl.diputados.gob.mx/LXVI_leg/fotos_lxviconfondo/329_foto_chica.jpg,https://sitl.diputados.gob.mx/LXVI_leg/images/pan.webp,static/img/diputados_lxvi_raw/298_478_palacios_kuri_tania.png,static/img/diputados_lxvi_bn/298_478_palacios_kuri_tania.png,
321,Pelayo Covarrubias Francisco,FRANCISCO PELAYO COVARRUBIAS,Baja California Sur,Circ. 1,Representacion Proporcional,Representación proporcional,,,I-289,PAN,francisco.pelayo@diputados.gob.mx,José Pablo Partida Escobosa,False,https://sitl.diputados.gob.mx/LXVI_leg/curricula.php?dipt=321,https://sitl.diputados.gob.mx/LXVI_leg/fotos_lxviconfondo/330_foto_chica.jpg,https://sitl.diputados.gob.mx/LXVI_leg/images/pan.webp,static/img/diputados_lxvi_raw/299_321_pelayo_covarrubias_francisco.png,static/img/diputados_lxvi_bn/299_321_pelayo_covarrubias_francisco.png,
360,Pérez Díaz Víctor Manuel,VÍCTOR MANUEL PÉREZ DÍAZ,Nuevo León,Circ. 2,Representacion Proporcional,Representación proporcional,,,F-167,PAN,manuel.perez@diputados.gob.mx,Martín Alejandro Flores Vázquez,False,https://sitl.diputados.gob.mx/LXVI_leg/curricula.php?dipt=360,https://sitl.diputados.gob.mx/LXVI_leg/fotos_lxviconfondo/201_foto_chica.jpg,https://sitl.diputados.gob.mx/LXVI_leg/images/pan.webp,static/img/diputados_lxvi_raw/300_360_perez_diaz_victor_manuel.png,static/img/diputados_lxvi_bn/300_360_perez_diaz_victor_manuel.png,
322,Pérez Herrera Verónica,VERÓNICA PÉREZ HERRERA,Durango,Circ. 1,Representacion Proporcional,Representación proporcional,,,G-205,PAN,veronica.perez@diputados.gob.mx,Cinthia Denisse Garza Urquidy,False,https://sitl.diputados.gob.mx/LXVI_leg/curricula.php?dipt=322,https://sitl.diputados.gob.mx/LXVI_leg/fotos_lxviconfondo/316_foto_chica.jpg,https://sitl.diputados.gob.mx/LXVI_leg/images/pan.webp,static/img/diputados_lxvi_raw/301_322_perez_herrera_veronica.png,static/img/diputados_lxvi_bn/301_322_perez_herrera_veronica.png,
401,Quiñones Garrido Claudia,CLAUDIA QUIÑONES GARRIDO,Veracruz,Circ. 3,Representacion Proporcional,Representación proporcional,,,A-005,PAN,claudia.quinones@diputados.gob.mx,Leyla Karime Domínguez Cuevas,False,https://sitl.diputados.gob.mx/LXVI_leg/curricula.php?dipt=401,https://sitl.diputados.gob.mx/LXVI_leg/fotos_lxviconfondo/331_foto_chica.jpg,https://sitl.diputados.gob.mx/LXVI_leg/images/pan.webp,static/img/diputados_lxvi_raw/302_401_quinones_garrido_claudia.png,static/img/diputados_lxvi_bn/302_401_quinones_garrido_claudia.png,
79,Ramírez Barba Éctor Jaime,ÉCTOR JAIME RAMÍREZ BARBA,Guanajuato,Dtto. 5,Mayoria Relativa,Mayoría Relativa,Guanajuato,5,D-083,PAN,ector.ramirez@diputados.gob.mx,Gabriel Villagrana García,False,https://sitl.diputados.gob.mx/LXVI_leg/curricula.php?dipt=79,https://sitl.diputados.gob.mx/LXVI_leg/fotos_lxviconfondo/214_foto_chica.jpg,https://sitl.diputados.gob.mx/LXVI_leg/images/pan.webp,static/img/diputados_lxvi_raw/303_79_ramirez_barba_ector_jaime.png,static/img/diputados_lxvi_bn/303_79_ramirez_barba_ector_jaime.png,
400,Rementería Del Puerto Julen,JULEN REMENTERÍA DEL PUERTO,Veracruz,Circ. 3,Representacion Proporcional,Representación proporcional,,,E-128,PAN,julen.rementeria@diputados.gob.mx,Omar Guillermo Miranda Romero,False,https://sitl.diputados.gob.mx/LXVI_leg/curricula.php?dipt=400,https://sitl.diputados.gob.mx/LXVI_leg/fotos_lxviconfondo/391_foto_chica.jpg,https://sitl.diputados.gob.mx/LXVI_leg/images/pan.webp,static/img/diputados_lxvi_raw/304_400_rementeria_del_puerto_julen.png,static/img/diputados_lxvi_bn/304_400_rementeria_del_puerto_julen.png,
352,Rendón García César Augusto,CÉSAR AUGUSTO RENDÓN GARCÍA,Tamaulipas,Circ. 2,Representacion Proporcional,Representación proporcional,,,B-027,PAN,cesar.rendon@diputados.gob.mx,--- --- ---,False,https://sitl.diputados.gob.mx/LXVI_leg/curricula.php?dipt=352,https://sitl.diputados.gob.mx/LXVI_leg/fotos_lxviconfondo/333_foto_chica.jpg,https://sitl.diputados.gob.mx/LXVI_leg/images/pan.webp,static/img/diputados_lxvi_raw/305_352_rendon_garcia_cesar_augusto.png,static/img/diputados_lxvi_bn/305_352_rendon_garcia_cesar_augusto.png,
83,Rodríguez Barroso Diego Angel,DIEGO ANGEL RODRÍGUEZ BARROSO,Guanajuato,Dtto. 9,Mayoria Relativa,Mayoría Relativa,Guanajuato,9,H-247,PAN,diego.rodriguez@diputados.gob.mx,José Ricardo Ortiz Gutiérrez,False,https://sitl.diputados.gob.mx/LXVI_leg/curricula.php?dipt=83,https://sitl.diputados.gob.mx/LXVI_leg/fotos_lxviconfondo/235_foto_chica.jpg,https://sitl.diputados.gob.mx/LXVI_leg/images/pan.webp,static/img/diputados_lxvi_raw/306_83_rodriguez_barroso_diego_angel.png,static/img/diputados_lxvi_bn/306_83_rodriguez_barroso_diego_angel.png,
294,Rodríguez Heredia María Isabel,MARÍA ISABEL RODRÍGUEZ HEREDIA,Yucatán,Dtto. 4,Mayoria Relativa,Mayoría Relativa,Yucatán,4,D-085,PAN,isabel.rodriguez@diputados.gob.mx,Sandra Carolina Jiménez Tejada,False,https://sitl.diputados.gob.mx/LXVI_leg/curricula.php?dipt=294,https://sitl.diputados.gob.mx/LXVI_leg/fotos_lxviconfondo/234_foto_chica.jpg,https://sitl.diputados.gob.mx/LXVI_leg/images/pan.webp,static/img/diputados_lxvi_raw/307_294_rodriguez_heredia_maria_isabel.png,static/img/diputados_lxvi_bn/307_294_rodriguez_heredia_maria_isabel.png,
319,Rodríguez Torres Luis Agustín,LUIS AGUSTÍN RODRÍGUEZ TORRES,Sonora,Circ. 1,Representacion Proporcional,Representación proporcional,,,F-169,PAN,agustin.rodriguez@diputados.gob.mx,Hector David Flores Avalos,False,https://sitl.diputados.gob.mx/LXVI_leg/curricula.php?dipt=319,https://sitl.diputados.gob.mx/LXVI_leg/fotos_lxviconfondo/332_foto_chica.jpg,https://sitl.diputados.gob.mx/LXVI_leg/images/pan.webp,static/img/diputados_lxvi_raw/308_319_rodriguez_torres_luis_agustin.png,static/img/diputados_lxvi_bn/308_319_rodriguez_torres_luis_agustin.png,
856,Rubalcava Jiménez José Alfonso,JOSÉ ALFONSO RUBALCAVA JIMÉNEZ,Aguascalientes,Circ. 2,Representacion Proporcional,Representación proporcional,,,J-330,PAN,jose.rubalcava@diputados.gob.mx,,False,https://sitl.diputados.gob.mx/LXVI_leg/curricula.php?dipt=856,https://sitl.diputados.gob.mx/LXVI_leg/fotos_lxviconfondo/529_foto_chica.jpg,https://sitl.diputados.gob.mx/LXVI_leg/images/pan.webp,static/img/diputados_lxvi_raw/309_856_rubalcava_jimenez_jose_alfonso.png,static/img/diputados_lxvi_bn/309_856_rubalcava_jimenez_jose_alfonso.png,
318,Rubio Fernández Paulina,PAULINA RUBIO FERNÁNDEZ,Jalisco,Circ. 1,Representacion Proporcional,Representación proporcional,,,P-502,PAN,paulina.rubio@diputados.gob.mx,María Fernanda González Reynoso,False,https://sitl.diputados.gob.mx/LXVI_leg/curricula.php?dipt=318,https://sitl.diputados.gob.mx/LXVI_leg/fotos_lxviconfondo/212_foto_chica.jpg,https://sitl.diputados.gob.mx/LXVI_leg/images/pan.webp,static/img/diputados_lxvi_raw/310_318_rubio_fernandez_paulina.png,static/img/diputados_lxvi_bn/310_318_rubio_fernandez_paulina.png,
85,Salim Alle Miguel Ángel,MIGUEL ÁNGEL SALIM ALLE,Guanajuato,Dtto. 11,Mayoria Relativa,Mayoría Relativa,Guanajuato,11,H-244,PAN,miguel.salim@diputados.gob.mx,Juan Antonio Guzmán Acosta,False,https://sitl.diputados.gob.mx/LXVI_leg/curricula.php?dipt=85,https://sitl.diputados.gob.mx/LXVI_leg/fotos_lxviconfondo/203_foto_chica.jpg,https://sitl.diputados.gob.mx/LXVI_leg/images/pan.webp,static/img/diputados_lxvi_raw/311_85_salim_alle_miguel_angel.png,static/img/diputados_lxvi_bn/311_85_salim_alle_miguel_angel.png,
404,Sánchez Rodríguez Ernesto,ERNESTO SÁNCHEZ RODRÍGUEZ,Quintana Roo,Circ. 3,Representacion Proporcional,Representación proporcional,,,G-204,PAN,ernesto.sanchez@diputados.gob.mx,Patricia Sánchez Carrillo,False,https://sitl.diputados.gob.mx/LXVI_leg/curricula.php?dipt=404,https://sitl.diputados.gob.mx/LXVI_leg/fotos_lxviconfondo/282_foto_chica.jpg,https://sitl.diputados.gob.mx/LXVI_leg/images/pan.webp,static/img/diputados_lxvi_raw/312_404_sanchez_rodriguez_ernesto.png,static/img/diputados_lxvi_bn/312_404_sanchez_rodriguez_ernesto.png,
227,Sosa Pichardo Roberto,ROBERTO SOSA PICHARDO,Querétaro,Dtto. 4,Mayoria Relativa,Mayoría Relativa,Querétaro,4,E-122,PAN,roberto.sosa@diputados.gob.mx,Abraham Gutiérrez Vieyra,False,https://sitl.diputados.gob.mx/LXVI_leg/curricula.php?dipt=227,https://sitl.diputados.gob.mx/LXVI_leg/fotos_lxviconfondo/236_foto_chica.jpg,https://sitl.diputados.gob.mx/LXVI_leg/images/pan.webp,static/img/diputados_lxvi_raw/313_227_sosa_pichardo_roberto.png,static/img/diputados_lxvi_bn/313_227_sosa_pichardo_roberto.png,
483,Tejeda Cid Armando,ARMANDO TEJEDA CID,Michoacán,Circ. 5,Representacion Proporcional,Representación proporcional,,,F-164,PAN,armando.tejeda@diputados.gob.mx,Jesús Gómez Gómez,False,https://sitl.diputados.gob.mx/LXVI_leg/curricula.php?dipt=483,https://sitl.diputados.gob.mx/LXVI_leg/fotos_lxviconfondo/347_foto_chica.jpg,https://sitl.diputados.gob.mx/LXVI_leg/images/pan.webp,static/img/diputados_lxvi_raw/314_483_tejeda_cid_armando.png,static/img/diputados_lxvi_bn/314_483_tejeda_cid_armando.png,
57,Téllez Hernández Héctor Saúl,HÉCTOR SAÚL TÉLLEZ HERNÁNDEZ,Ciudad de México,Dtto. 19,Mayoria Relativa,Mayoría Relativa,Ciudad de México,19,C-054,PAN,hectorsaul.tellez@diputados.gob.mx,Fernando Espino García,False,https://sitl.diputados.gob.mx/LXVI_leg/curricula.php?dipt=57,https://sitl.diputados.gob.mx/LXVI_leg/fotos_lxviconfondo/237_foto_chica.jpg,https://sitl.diputados.gob.mx/LXVI_leg/images/pan.webp,static/img/diputados_lxvi_raw/315_57_tellez_hernandez_hector_saul.png,static/img/diputados_lxvi_bn/315_57_tellez_hernandez_hector_saul.png,
362,Torres Cofiño Marcelo de Jesús,MARCELO DE JESÚS TORRES COFIÑO,Coahuila,Circ. 2,Representacion Proporcional,Representación proporcional,,,D-090,PAN,marcelo.torres@diputados.gob.mx,Guillermo Enrique Galván González,False,https://sitl.diputados.gob.mx/LXVI_leg/curricula.php?dipt=362,https://sitl.diputados.gob.mx/LXVI_leg/fotos_lxviconfondo/304_foto_chica.jpg,https://sitl.diputados.gob.mx/LXVI_leg/images/pan.webp,static/img/diputados_lxvi_raw/316_362_torres_cofino_marcelo_de_jesus.png,static/img/diputados_lxvi_bn/316_362_torres_cofino_marcelo_de_jesus.png,
77,Torres Graciano Fernando,FERNANDO TORRES GRACIANO,Guanajuato,Dtto. 3,Mayoria Relativa,Mayoría Relativa,Guanajuato,3,E-123,PAN,fernando.torres@diputados.gob.mx,Brain Maurilio Hernández García,False,https://sitl.diputados.gob.mx/LXVI_leg/curricula.php?dipt=77,https://sitl.diputados.gob.mx/LXVI_leg/fotos_lxviconfondo/233_foto_chica.jpg,https://sitl.diputados.gob.mx/LXVI_leg/images/pan.webp,static/img/diputados_lxvi_raw/317_77_torres_graciano_fernando.png,static/img/diputados_lxvi_bn/317_77_torres_graciano_fernando.png,
315,Vásquez Hernández Eva María,EVA MARÍA VÁSQUEZ HERNÁNDEZ,Baja California,Circ. 1,Representacion Proporcional,Representación proporcional,,,C-056,PAN,eva.vasquez@diputados.gob.mx,Victoria Eugenia Guerrero Urquidez,False,https://sitl.diputados.gob.mx/LXVI_leg/curricula.php?dipt=315,https://sitl.diputados.gob.mx/LXVI_leg/fotos_lxviconfondo/293_foto_chica.jpg,https://sitl.diputados.gob.mx/LXVI_leg/images/pan.webp,static/img/diputados_lxvi_raw/318_315_vasquez_hernandez_eva_maria.png,static/img/diputados_lxvi_bn/318_315_vasquez_hernandez_eva_maria.png,
119,Vázquez Jiménez Alonso de Jesús,ALONSO DE JESÚS VÁZQUEZ JIMÉNEZ,Jalisco,Dtto. 15,Mayoria Relativa,Mayoría Relativa,Jalisco,15,H-246,PAN,alonso.vazquez@diputados.gob.mx,Samuel Magaña Muñoz,False,https://sitl.diputados.gob.mx/LXVI_leg/curricula.php?dipt=119,https://sitl.diputados.gob.mx/LXVI_leg/fotos_lxviconfondo/496_foto_chica.jpg,https://sitl.diputados.gob.mx/LXVI_leg/images/pan.webp,static/img/diputados_lxvi_raw/319_119_vazquez_jimenez_alonso_de_jesus.png,static/img/diputados_lxvi_bn/319_119_vazquez_jimenez_alonso_de_jesus.png,
775,Vera Maria del Rosario,MARIA DEL ROSARIO VERA,Veracruz,Dtto. 4,Mayoria Relativa,Mayoría Relativa,Veracruz,4,C-052,PAN,maria.delrosario@diputados.gob.mx,,False,https://sitl.diputados.gob.mx/LXVI_leg/curricula.php?dipt=775,https://sitl.diputados.gob.mx/LXVI_leg/fotos_lxviconfondo/530_foto_chica.jpg,https://sitl.diputados.gob.mx/LXVI_leg/images/pan.webp,static/img/diputados_lxvi_raw/320_775_vera_maria_del_rosario.png,static/img/diputados_lxvi_bn/320_775_vera_maria_del_rosario.png,
354,Verástegui Ostos César Augusto,CÉSAR AUGUSTO VERÁSTEGUI OSTOS,Tamaulipas,Circ. 2,Representacion Proporcional,Representación proporcional,,,J-332,PAN,cesar.verastegui@diputados.gob.mx,Ángel de Jesús Covarrubias Villaverde,False,https://sitl.diputados.gob.mx/LXVI_leg/curricula.php?dipt=354,https://sitl.diputados.gob.mx/LXVI_leg/fotos_lxviconfondo/334_foto_chica.jpg,https://sitl.diputados.gob.mx/LXVI_leg/images/pan.webp,static/img/diputados_lxvi_raw/321_354_verastegui_ostos_cesar_augusto.png,static/img/diputados_lxvi_bn/321_354_verastegui_ostos_cesar_augusto.png,
687,Zamora Ramírez Elisa Paola,ELISA PAOLA ZAMORA RAMÍREZ,Nuevo León,Dtto. 4,Mayoria Relativa,Mayoría Relativa,Nuevo León,4,C-053,PAN,elisa.zamora@diputados.gob.mx,,False,https://sitl.diputados.gob.mx/LXVI_leg/curricula.php?dipt=687,https://sitl.diputados.gob.mx/LXVI_leg/fotos_lxviconfondo/551_foto_chica.jpg,https://sitl.diputados.gob.mx/LXVI_leg/images/pan.webp,static/img/diputados_lxvi_raw/322_687_zamora_ramirez_elisa_paola.png,static/img/diputados_lxvi_bn/322_687_zamora_ramirez_elisa_paola.png,
48,Zavala Gómez del Campo Margarita Ester,MARGARITA ESTER ZAVALA GÓMEZ DEL CAMPO,Ciudad de México,Dtto. 10,Mayoria Relativa,Mayoría Relativa,Ciudad de México,10,C-055,PAN,margarita.zavala@diputados.gob.mx,Claudia Verónica María Rubín Juárez,False,https://sitl.diputados.gob.mx/LXVI_leg/curricula.php?dipt=48,https://sitl.diputados.gob.mx/LXVI_leg/fotos_lxviconfondo/202_foto_chica.jpg,https://sitl.diputados.gob.mx/LXVI_leg/images/pan.webp,static/img/diputados_lxvi_raw/323_48_zavala_gomez_del_campo_margarita_ester.png,static/img/diputados_lxvi_bn/323_48_zavala_gomez_del_campo_margarita_ester.png,
223,Alatriste Cantú Adolfo,ADOLFO ALATRISTE CANTÚ,Puebla,Dtto. 16,Mayoria Relativa,Mayoría Relativa,Puebla,16,H-252,PVEM,adolfo.alatriste@diputados.gob.mx,Cecilia Valeria Pineda Cruz,False,https://sitl.diputados.gob.mx/LXVI_leg/curricula.php?dipt=223,https://sitl.diputados.gob.mx/LXVI_leg/fotos_lxviconfondo/487_foto_chica.jpg,,static/img/diputados_lxvi_raw/324_223_alatriste_cantu_adolfo.png,static/img/diputados_lxvi_bn/324_223_alatriste_cantu_adolfo.png,
225,Astudillo Suárez Ricardo,RICARDO ASTUDILLO SUÁREZ,Querétaro,Dtto. 2,Mayoria Relativa,Mayoría Relativa,Querétaro,2,J-344,PVEM,ricardo.astudillo@diputados.gob.mx,Héctor Rocha García,False,https://sitl.diputados.gob.mx/LXVI_leg/curricula.php?dipt=225,https://sitl.diputados.gob.mx/LXVI_leg/fotos_lxviconfondo/456_foto_chica.jpg,,static/img/diputados_lxvi_raw/325_225_astudillo_suarez_ricardo.png,static/img/diputados_lxvi_bn/325_225_astudillo_suarez_ricardo.png,
492,Ávila Villegas Eruviel,ERUVIEL ÁVILA VILLEGAS,México,Circ. 5,Representacion Proporcional,Representación proporcional,,,I-303,PVEM,eruviel.avila@diputados.gob.mx,Tanya Rellstab Carreto,False,https://sitl.diputados.gob.mx/LXVI_leg/curricula.php?dipt=492,https://sitl.diputados.gob.mx/LXVI_leg/fotos_lxviconfondo/424_foto_chica.jpg,,static/img/diputados_lxvi_raw/326_492_avila_villegas_eruviel.png,static/img/diputados_lxvi_bn/326_492_avila_villegas_eruviel.png,
413,Avilés Álvarez Alejandro,ALEJANDRO AVILÉS ÁLVAREZ,Oaxaca,Circ. 3,Representacion Proporcional,Representación proporcional,,,K-389,PVEM,alejandro.aviles@diputados.gob.mx,Eusebio Alfredo Tress Jiménez,False,https://sitl.diputados.gob.mx/LXVI_leg/curricula.php?dipt=413,https://sitl.diputados.gob.mx/LXVI_leg/fotos_lxviconfondo/466_foto_chica.jpg,,static/img/diputados_lxvi_raw/327_413_aviles_alvarez_alejandro.png,static/img/diputados_lxvi_bn/327_413_aviles_alvarez_alejandro.png,
236,Bautista Villegas Oscar,OSCAR BAUTISTA VILLEGAS,San Luis Potosí,Dtto. 3,Mayoria Relativa,Mayoría Relativa,San Luis Potosí,3,H-256,PVEM,oscar.bautista@diputados.gob.mx,Rodrigo Alfredo Castillo Verástegui,False,https://sitl.diputados.gob.mx/LXVI_leg/curricula.php?dipt=236,https://sitl.diputados.gob.mx/LXVI_leg/fotos_lxviconfondo/493_foto_chica.jpg,,static/img/diputados_lxvi_raw/328_236_bautista_villegas_oscar.png,static/img/diputados_lxvi_bn/328_236_bautista_villegas_oscar.png,
491,Benavides Cobos Gabriela,GABRIELA BENAVIDES COBOS,Colima,Circ. 5,Representacion Proporcional,Representación proporcional,,,H-260,PVEM,gabriela.benavides@diputados.gob.mx,Imelda García Ugalde,False,https://sitl.diputados.gob.mx/LXVI_leg/curricula.php?dipt=491,https://sitl.diputados.gob.mx/LXVI_leg/fotos_lxviconfondo/467_foto_chica.jpg,,static/img/diputados_lxvi_raw/329_491_benavides_cobos_gabriela.png,static/img/diputados_lxvi_bn/329_491_benavides_cobos_gabriela.png,
205,Bolaños-Cacho Cué Raúl,RAÚL BOLAÑOS-CACHO CUÉ,Oaxaca,Dtto. 8,Mayoria Relativa,Mayoría Relativa,Oaxaca,8,P-501,PVEM,raul.bolanos@diputados.gob.mx,José Antonio Rueda Márquez,False,https://sitl.diputados.gob.mx/LXVI_leg/curricula.php?dipt=205,https://sitl.diputados.gob.mx/LXVI_leg/fotos_lxviconfondo/429_foto_chica.jpg,,static/img/diputados_lxvi_raw/330_205_bolanos_cacho_cue_raul.png,static/img/diputados_lxvi_bn/330_205_bolanos_cacho_cue_raul.png,
265,Braña Mojica José,JOSÉ BRAÑA MOJICA,Tamaulipas,Dtto. 5,Mayoria Relativa,Mayoría Relativa,Tamaulipas,5,K-383,PVEM,jose.brana@diputados.gob.mx,Reyna San Juana Guerrero Vázquez,False,https://sitl.diputados.gob.mx/LXVI_leg/curricula.php?dipt=265,https://sitl.diputados.gob.mx/LXVI_leg/fotos_lxviconfondo/427_foto_chica.jpg,,static/img/diputados_lxvi_raw/331_265_brana_mojica_jose.png,static/img/diputados_lxvi_bn/331_265_brana_mojica_jose.png,
92,Cabrera Lagunas Ma. del Carmen,MA. DEL CARMEN CABRERA LAGUNAS,Guerrero,Dtto. 3,Mayoria Relativa,Mayoría Relativa,Guerrero,3,H-249,PVEM,madelcarmen.cabrera@diputados.gob.mx,Magdalena Ramírez Pacheco,False,https://sitl.diputados.gob.mx/LXVI_leg/curricula.php?dipt=92,https://sitl.diputados.gob.mx/LXVI_leg/fotos_lxviconfondo/443_foto_chica.jpg,,static/img/diputados_lxvi_raw/332_92_cabrera_lagunas_ma_del_carmen.png,static/img/diputados_lxvi_bn/332_92_cabrera_lagunas_ma_del_carmen.png,
261,Canturosas Villarreal Carlos Enrique,CARLOS ENRIQUE CANTUROSAS VILLARREAL,Tamaulipas,Dtto. 1,Mayoria Relativa,Mayoría Relativa,Tamaulipas,1,K-385,PVEM,carlos.canturosas@diputados.gob.mx,Jaime Mendoza Vega,False,https://sitl.diputados.gob.mx/LXVI_leg/curricula.php?dipt=261,https://sitl.diputados.gob.mx/LXVI_leg/fotos_lxviconfondo/464_foto_chica.jpg,,static/img/diputados_lxvi_raw/333_261_canturosas_villarreal_carlos_enrique.png,static/img/diputados_lxvi_bn/333_261_canturosas_villarreal_carlos_enrique.png,
493,Carbajal Méndez Liliana,LILIANA CARBAJAL MÉNDEZ,México,Circ. 5,Representacion Proporcional,Representación proporcional,,,I-298,PVEM,liliana.carbajal@diputados.gob.mx,Constanza Olvera Reyes,False,https://sitl.diputados.gob.mx/LXVI_leg/curricula.php?dipt=493,https://sitl.diputados.gob.mx/LXVI_leg/fotos_lxviconfondo/434_foto_chica.jpg,,static/img/diputados_lxvi_raw/334_493_carbajal_mendez_liliana.png,static/img/diputados_lxvi_bn/334_493_carbajal_mendez_liliana.png,
230,Carrillo Soberanis Juan Luis,JUAN LUIS CARRILLO SOBERANIS,Quintana Roo,Dtto. 1,Mayoria Relativa,Mayoría Relativa,Quintana Roo,1,I-301,PVEM,juan.carrillo@diputados.gob.mx,Guillermo Rubén Garrido Herrera,False,https://sitl.diputados.gob.mx/LXVI_leg/curricula.php?dipt=230,https://sitl.diputados.gob.mx/LXVI_leg/fotos_lxviconfondo/462_foto_chica.jpg,,static/img/diputados_lxvi_raw/335_230_carrillo_soberanis_juan_luis.png,static/img/diputados_lxvi_bn/335_230_carrillo_soberanis_juan_luis.png,
330,Chedraui Peralta Alejandra,ALEJANDRA CHEDRAUI PERALTA,Baja California,Circ. 1,Representacion Proporcional,Representación proporcional,,,J-334,PVEM,alejandra.chedraui@diputados.gob.mx,Estrella Morón García,False,https://sitl.diputados.gob.mx/LXVI_leg/curricula.php?dipt=330,https://sitl.diputados.gob.mx/LXVI_leg/fotos_lxviconfondo/439_foto_chica.jpg,,static/img/diputados_lxvi_raw/336_330_chedraui_peralta_alejandra.png,static/img/diputados_lxvi_bn/336_330_chedraui_peralta_alejandra.png,
209,Cruz Peláez Fatima Almendra,FATIMA ALMENDRA CRUZ PELÁEZ,Puebla,Dtto. 2,Mayoria Relativa,Mayoría Relativa,Puebla,2,I-302,PVEM,fatima.cruz@diputados.gob.mx,Fidelia González Galindo,False,https://sitl.diputados.gob.mx/LXVI_leg/curricula.php?dipt=209,https://sitl.diputados.gob.mx/LXVI_leg/fotos_lxviconfondo/483_foto_chica.jpg,,static/img/diputados_lxvi_raw/337_209_cruz_pelaez_fatima_almendra.png,static/img/diputados_lxvi_bn/337_209_cruz_pelaez_fatima_almendra.png,
162,Cuanalo Araujo Jesús Martín,JESÚS MARTÍN CUANALO ARAUJO,México,Dtto. 38,Mayoria Relativa,Mayoría Relativa,México,38,J-336,PVEM,jesus.cuanalo@diputados.gob.mx,José Alejandro Rodríguez Salgado,False,https://sitl.diputados.gob.mx/LXVI_leg/curricula.php?dipt=162,https://sitl.diputados.gob.mx/LXVI_leg/fotos_lxviconfondo/494_foto_chica.jpg,,static/img/diputados_lxvi_raw/338_162_cuanalo_araujo_jesus_martin.png,static/img/diputados_lxvi_bn/338_162_cuanalo_araujo_jesus_martin.png,
195,de la Garza Villarreal Héctor Alfonso,HÉCTOR ALFONSO DE LA GARZA VILLARREAL,Nuevo León,Dtto. 12,Mayoria Relativa,Mayoría Relativa,Nuevo León,12,I-293,PVEM,hector.delagarza@diputados.gob.mx,José Adalberto Vega Regalado,False,https://sitl.diputados.gob.mx/LXVI_leg/curricula.php?dipt=195,https://sitl.diputados.gob.mx/LXVI_leg/fotos_lxviconfondo/471_foto_chica.jpg,,static/img/diputados_lxvi_raw/339_195_de_la_garza_villarreal_hector_alfonso.png,static/img/diputados_lxvi_bn/339_195_de_la_garza_villarreal_hector_alfonso.png,
97,De La Mora Torreblanca Marco Antonio,MARCO ANTONIO DE LA MORA TORREBLANCA,Guerrero,Dtto. 8,Mayoria Relativa,Mayoría Relativa,Guerrero,8,J-345,PVEM,marco.delamora@diputados.gob.mx,Nayeli Abundis Muñoz,False,https://sitl.diputados.gob.mx/LXVI_leg/curricula.php?dipt=97,https://sitl.diputados.gob.mx/LXVI_leg/fotos_lxviconfondo/468_foto_chica.jpg,,static/img/diputados_lxvi_raw/340_97_de_la_mora_torreblanca_marco_antonio.png,static/img/diputados_lxvi_bn/340_97_de_la_mora_torreblanca_marco_antonio.png,
263,De Los Santos Flores Casandra Prisilla,CASANDRA PRISILLA DE LOS SANTOS FLORES,Tamaulipas,Dtto. 3,Mayoria Relativa,Mayoría Relativa,Tamaulipas,3,K-386,PVEM,casandra.delossantos@diputados.gob.mx,Edith Hernández Villanueva,False,https://sitl.diputados.gob.mx/LXVI_leg/curricula.php?dipt=263,https://sitl.diputados.gob.mx/LXVI_leg/fotos_lxviconfondo/478_foto_chica.jpg,,static/img/diputados_lxvi_raw/341_263_de_los_santos_flores_casandra_prisilla.png,static/img/diputados_lxvi_bn/341_263_de_los_santos_flores_casandra_prisilla.png,
450,Delgado Carrillo Felipe Miguel,FELIPE MIGUEL DELGADO CARRILLO,Ciudad de México,Circ. 4,Representacion Proporcional,Representación proporcional,,,K-388,PVEM,felipe.delgado@diputados.gob.mx,Sergio Carlos Rubio Padilla,False,https://sitl.diputados.gob.mx/LXVI_leg/curricula.php?dipt=450,https://sitl.diputados.gob.mx/LXVI_leg/fotos_lxviconfondo/436_foto_chica.jpg,,static/img/diputados_lxvi_raw/342_450_delgado_carrillo_felipe_miguel.png,static/img/diputados_lxvi_bn/342_450_delgado_carrillo_felipe_miguel.png,
148,Durán Reveles José Luis,JOSÉ LUIS DURÁN REVELES,México,Dtto. 24,Mayoria Relativa,Mayoría Relativa,México,24,J-340,PVEM,joseluis.duran@diputados.gob.mx,Juan Fernando Coronel Aranda,False,https://sitl.diputados.gob.mx/LXVI_leg/curricula.php?dipt=148,https://sitl.diputados.gob.mx/LXVI_leg/fotos_lxviconfondo/432_foto_chica.jpg,,static/img/diputados_lxvi_raw/343_148_duran_reveles_jose_luis.png,static/img/diputados_lxvi_bn/343_148_duran_reveles_jose_luis.png,
331,Espino Suárez Mayra,MAYRA ESPINO SUÁREZ,Baja California,Circ. 1,Representacion Proporcional,Representación proporcional,,,J-347,PVEM,mayra.espino@diputados.gob.mx,Ilse Guadalupe Ramírez Cortés,False,https://sitl.diputados.gob.mx/LXVI_leg/curricula.php?dipt=331,https://sitl.diputados.gob.mx/LXVI_leg/fotos_lxviconfondo/455_foto_chica.jpg,,static/img/diputados_lxvi_raw/344_331_espino_suarez_mayra.png,static/img/diputados_lxvi_bn/344_331_espino_suarez_mayra.png,
451,Fernández Cruz Nayeli Arlen,NAYELI ARLEN FERNÁNDEZ CRUZ,Ciudad de México,Circ. 4,Representacion Proporcional,Representación proporcional,,,P-505,PVEM,nayeli.fernandez@diputados.gob.mx,Karla González Martínez,False,https://sitl.diputados.gob.mx/LXVI_leg/curricula.php?dipt=451,https://sitl.diputados.gob.mx/LXVI_leg/fotos_lxviconfondo/457_foto_chica.jpg,,static/img/diputados_lxvi_raw/345_451_fernandez_cruz_nayeli_arlen.png,static/img/diputados_lxvi_bn/345_451_fernandez_cruz_nayeli_arlen.png,
235,Fernández Martínez José Luis,JOSÉ LUIS FERNÁNDEZ MARTÍNEZ,San Luis Potosí,Dtto. 2,Mayoria Relativa,Mayoría Relativa,San Luis Potosí,2,H-255,PVEM,joseluis.fernandez@diputados.gob.mx,Raúl Iván López Guzmán,False,https://sitl.diputados.gob.mx/LXVI_leg/curricula.php?dipt=235,https://sitl.diputados.gob.mx/LXVI_leg/fotos_lxviconfondo/442_foto_chica.jpg,,static/img/diputados_lxvi_raw/346_235_fernandez_martinez_jose_luis.png,static/img/diputados_lxvi_bn/346_235_fernandez_martinez_jose_luis.png,
453,Fonseca Galicia Celia Esther,CELIA ESTHER FONSECA GALICIA,Ciudad de México,Circ. 4,Representacion Proporcional,Representación proporcional,,,I-300,PVEM,celia.fonseca@diputados.gob.mx,Aidee Rivera Ordoñez,False,https://sitl.diputados.gob.mx/LXVI_leg/curricula.php?dipt=453,https://sitl.diputados.gob.mx/LXVI_leg/fotos_lxviconfondo/440_foto_chica.jpg,,static/img/diputados_lxvi_raw/347_453_fonseca_galicia_celia_esther.png,static/img/diputados_lxvi_bn/347_453_fonseca_galicia_celia_esther.png,
373,Gaitán Díaz María Graciela,MARÍA GRACIELA GAITÁN DÍAZ,San Luis Potosí,Circ. 2,Representacion Proporcional,Representación proporcional,,,H-253,PVEM,maria.gaitan@diputados.gob.mx,Maricela Solano Alvarado,False,https://sitl.diputados.gob.mx/LXVI_leg/curricula.php?dipt=373,https://sitl.diputados.gob.mx/LXVI_leg/fotos_lxviconfondo/465_foto_chica.jpg,,static/img/diputados_lxvi_raw/348_373_gaitan_diaz_maria_graciela.png,static/img/diputados_lxvi_bn/348_373_gaitan_diaz_maria_graciela.png,
216,Gali López José Antonio,JOSÉ ANTONIO GALI LÓPEZ,Puebla,Dtto. 9,Mayoria Relativa,Mayoría Relativa,Puebla,9,H-261,PVEM,jose.gali@diputados.gob.mx,Elías David Hanan Berra,False,https://sitl.diputados.gob.mx/LXVI_leg/curricula.php?dipt=216,https://sitl.diputados.gob.mx/LXVI_leg/fotos_lxviconfondo/480_foto_chica.jpg,,static/img/diputados_lxvi_raw/349_216_gali_lopez_jose_antonio.png,static/img/diputados_lxvi_bn/349_216_gali_lopez_jose_antonio.png,
11,Gallardo García Fausto,FAUSTO GALLARDO GARCÍA,Baja California,Dtto. 8,Mayoria Relativa,Mayoría Relativa,Baja California,8,J-346,PVEM,fausto.gallardo@diputados.gob.mx,Carlos Ramón Luque Souza,False,https://sitl.diputados.gob.mx/LXVI_leg/curricula.php?dipt=11,https://sitl.diputados.gob.mx/LXVI_leg/fotos_lxviconfondo/453_foto_chica.jpg,,static/img/diputados_lxvi_raw/350_11_gallardo_garcia_fausto.png,static/img/diputados_lxvi_bn/350_11_gallardo_garcia_fausto.png,
872,Gallardo Juárez Ricardo,RICARDO GALLARDO JUÁREZ,San Luis Potosí,Circ. 2,Representacion Proporcional,Representación proporcional,,,H-257,PVEM,ricardo.gallardo@diputados.gob.mx,,False,https://sitl.diputados.gob.mx/LXVI_leg/curricula.php?dipt=872,https://sitl.diputados.gob.mx/LXVI_leg/fotos_lxviconfondo/477_foto_chica.jpg,,static/img/diputados_lxvi_raw/351_872_gallardo_juarez_ricardo.png,static/img/diputados_lxvi_bn/351_872_gallardo_juarez_ricardo.png,
513,González Bareño Juan Carlos,JUAN CARLOS GONZÁLEZ BAREÑO,Baja California Sur,Dtto. 1,Mayoria Relativa,Mayoría Relativa,Baja California Sur,1,J-348,PVEM,juancarlos.gonzalez@diputados.gob.mx,,False,https://sitl.diputados.gob.mx/LXVI_leg/curricula.php?dipt=513,https://sitl.diputados.gob.mx/LXVI_leg/fotos_lxviconfondo/557_foto_chica.jpg,,static/img/diputados_lxvi_raw/352_513_gonzalez_bareno_juan_carlos.png,static/img/diputados_lxvi_bn/352_513_gonzalez_bareno_juan_carlos.png,
26,Gonzalez Flandez Deliamaria,DELIAMARIA GONZALEZ FLANDEZ,Chiapas,Dtto. 10,Mayoria Relativa,Mayoría Relativa,Chiapas,10,G-209,PVEM,deliamaria.gonzalez@diputados.gob.mx,Carolina Guadalupe Cruz Chávez,False,https://sitl.diputados.gob.mx/LXVI_leg/curricula.php?dipt=26,https://sitl.diputados.gob.mx/LXVI_leg/fotos_lxviconfondo/449_foto_chica.jpg,,static/img/diputados_lxvi_raw/353_26_gonzalez_flandez_deliamaria.png,static/img/diputados_lxvi_bn/353_26_gonzalez_flandez_deliamaria.png,
190,Guevara Garza Carlos Alberto,CARLOS ALBERTO GUEVARA GARZA,Nuevo León,Dtto. 7,Mayoria Relativa,Mayoría Relativa,Nuevo León,7,I-291,PVEM,alberto.guevara@diputados.gob.mx,Carlos Alberto Hinojosa Ibarra,False,https://sitl.diputados.gob.mx/LXVI_leg/curricula.php?dipt=190,https://sitl.diputados.gob.mx/LXVI_leg/fotos_lxviconfondo/463_foto_chica.jpg,,static/img/diputados_lxvi_raw/354_190_guevara_garza_carlos_alberto.png,static/img/diputados_lxvi_bn/354_190_guevara_garza_carlos_alberto.png,
772,Guzmán González Denisse,DENISSE GUZMÁN GONZÁLEZ,Veracruz,Dtto. 1,Mayoria Relativa,Mayoría Relativa,Veracruz,1,J-335,PVEM,denisse.guzman@diputados.gob.mx,,False,https://sitl.diputados.gob.mx/LXVI_leg/curricula.php?dipt=772,https://sitl.diputados.gob.mx/LXVI_leg/fotos_lxviconfondo/533_foto_chica.jpg,,static/img/diputados_lxvi_raw/355_772_guzman_gonzalez_denisse.png,static/img/diputados_lxvi_bn/355_772_guzman_gonzalez_denisse.png,
647,Hernández Pérez José Luis,JOSÉ LUIS HERNÁNDEZ PÉREZ,México,Dtto. 23,Mayoria Relativa,Mayoría Relativa,México,23,J-337,PVEM,jose.hernandez@diputados.gob.mx,,False,https://sitl.diputados.gob.mx/LXVI_leg/curricula.php?dipt=647,https://sitl.diputados.gob.mx/LXVI_leg/fotos_lxviconfondo/426_foto_chica.jpg,,static/img/diputados_lxvi_raw/356_647_hernandez_perez_jose_luis.png,static/img/diputados_lxvi_bn/356_647_hernandez_perez_jose_luis.png,
284,Hernández Rodríguez Blanca Estela,BLANCA ESTELA HERNÁNDEZ RODRÍGUEZ,Veracruz,Dtto. 13,Mayoria Relativa,Mayoría Relativa,Veracruz,13,H-250,PVEM,blanca.hernandez@diputados.gob.mx,Sofía García Gutiérrez,False,https://sitl.diputados.gob.mx/LXVI_leg/curricula.php?dipt=284,https://sitl.diputados.gob.mx/LXVI_leg/fotos_lxviconfondo/437_foto_chica.jpg,,static/img/diputados_lxvi_raw/357_284_hernandez_rodriguez_blanca_estela.png,static/img/diputados_lxvi_bn/357_284_hernandez_rodriguez_blanca_estela.png,
411,Herrera Borunda Javier Octavio,JAVIER OCTAVIO HERRERA BORUNDA,Veracruz,Circ. 3,Representacion Proporcional,Representación proporcional,,,I-305,PVEM,javier.herrera@diputados.gob.mx,Gerardo José Sánchez Tajonar,False,https://sitl.diputados.gob.mx/LXVI_leg/curricula.php?dipt=411,https://sitl.diputados.gob.mx/LXVI_leg/fotos_lxviconfondo/441_foto_chica.jpg,,static/img/diputados_lxvi_raw/358_411_herrera_borunda_javier_octavio.png,static/img/diputados_lxvi_bn/358_411_herrera_borunda_javier_octavio.png,
164,Huerta Romero Azucena,AZUCENA HUERTA ROMERO,México,Dtto. 40,Mayoria Relativa,Mayoría Relativa,México,40,J-338,PVEM,azucena.huerta@diputados.gob.mx,Cinthya Gabriela Franco López,False,https://sitl.diputados.gob.mx/LXVI_leg/curricula.php?dipt=164,https://sitl.diputados.gob.mx/LXVI_leg/fotos_lxviconfondo/486_foto_chica.jpg,,static/img/diputados_lxvi_raw/359_164_huerta_romero_azucena.png,static/img/diputados_lxvi_bn/359_164_huerta_romero_azucena.png,
68,Licerio Valdes Hilda Magdalena,HILDA MAGDALENA LICERIO VALDES,Coahuila,Dtto. 8,Mayoria Relativa,Mayoría Relativa,Coahuila,8,K-387,PVEM,hilda.licerio@diputados.gob.mx,Diana Patricia Mendoza Tamez,False,https://sitl.diputados.gob.mx/LXVI_leg/curricula.php?dipt=68,https://sitl.diputados.gob.mx/LXVI_leg/fotos_lxviconfondo/422_foto_chica.jpg,,static/img/diputados_lxvi_raw/360_68_licerio_valdes_hilda_magdalena.png,static/img/diputados_lxvi_bn/360_68_licerio_valdes_hilda_magdalena.png,
264,López Hernández Mario Alberto,MARIO ALBERTO LÓPEZ HERNÁNDEZ,Tamaulipas,Dtto. 4,Mayoria Relativa,Mayoría Relativa,Tamaulipas,4,K-384,PVEM,alberto.lopez@diputados.gob.mx,Genoveva Hi González,False,https://sitl.diputados.gob.mx/LXVI_leg/curricula.php?dipt=264,https://sitl.diputados.gob.mx/LXVI_leg/fotos_lxviconfondo/435_foto_chica.jpg,,static/img/diputados_lxvi_raw/361_264_lopez_hernandez_mario_alberto.png,static/img/diputados_lxvi_bn/361_264_lopez_hernandez_mario_alberto.png,
55,Madrazo Silva Carlos Arturo,CARLOS ARTURO MADRAZO SILVA,Ciudad de México,Dtto. 17,Mayoria Relativa,Mayoría Relativa,Ciudad de México,17,I-299,PVEM,carlos.a.madrazo@diputados.gob.mx,Carlos Zarza Segura,False,https://sitl.diputados.gob.mx/LXVI_leg/curricula.php?dipt=55,https://sitl.diputados.gob.mx/LXVI_leg/fotos_lxviconfondo/438_foto_chica.jpg,,static/img/diputados_lxvi_raw/362_55_madrazo_silva_carlos_arturo.png,static/img/diputados_lxvi_bn/362_55_madrazo_silva_carlos_arturo.png,
452,Madrid Pérez Ricardo,RICARDO MADRID PÉREZ,Ciudad de México,Circ. 4,Representacion Proporcional,Representación proporcional,,,H-262,PVEM,ricardo.madrid@diputados.gob.mx,Fernando Chagolla Cortés,False,https://sitl.diputados.gob.mx/LXVI_leg/curricula.php?dipt=452,https://sitl.diputados.gob.mx/LXVI_leg/fotos_lxviconfondo/492_foto_chica.jpg,,static/img/diputados_lxvi_raw/363_452_madrid_perez_ricardo.png,static/img/diputados_lxvi_bn/363_452_madrid_perez_ricardo.png,
672,Maldonado Torres Javier,JAVIER MALDONADO TORRES,Michoacán,Dtto. 8,Mayoria Relativa,Mayoría Relativa,Michoacán,8,J-342,PVEM,javier.maldonado@diputados.gob.mx,,False,https://sitl.diputados.gob.mx/LXVI_leg/curricula.php?dipt=672,https://sitl.diputados.gob.mx/LXVI_leg/fotos_lxviconfondo/563_foto_chica.jpg,,static/img/diputados_lxvi_raw/364_672_maldonado_torres_javier.png,static/img/diputados_lxvi_bn/364_672_maldonado_torres_javier.png,
125,Mendoza Mondragón María Luisa,MARÍA LUISA MENDOZA MONDRAGÓN,México,Dtto. 1,Mayoria Relativa,Mayoría Relativa,México,1,I-296,PVEM,marialuisa.mendoza@diputados.gob.mx,Alejandra García Macías,False,https://sitl.diputados.gob.mx/LXVI_leg/curricula.php?dipt=125,https://sitl.diputados.gob.mx/LXVI_leg/fotos_lxviconfondo/470_foto_chica.jpg,,static/img/diputados_lxvi_raw/365_125_mendoza_mondragon_maria_luisa.png,static/img/diputados_lxvi_bn/365_125_mendoza_mondragon_maria_luisa.png,
150,Miranda Barrera Luis Enrique,LUIS ENRIQUE MIRANDA BARRERA,México,Dtto. 26,Mayoria Relativa,Mayoría Relativa,México,26,I-297,PVEM,luis.miranda@diputados.gob.mx,Sonia Castillo Ortega,False,https://sitl.diputados.gob.mx/LXVI_leg/curricula.php?dipt=150,https://sitl.diputados.gob.mx/LXVI_leg/fotos_lxviconfondo/454_foto_chica.jpg,,static/img/diputados_lxvi_raw/366_150_miranda_barrera_luis_enrique.png,static/img/diputados_lxvi_bn/366_150_miranda_barrera_luis_enrique.png,
412,Montemayor Castillo Santy,SANTY MONTEMAYOR CASTILLO,Quintana Roo,Circ. 3,Representacion Proporcional,Representación proporcional,,,E-144,PVEM,santy.montemayor@diputados.gob.mx,Janine Patricia Quijano Tapia,False,https://sitl.diputados.gob.mx/LXVI_leg/curricula.php?dipt=412,https://sitl.diputados.gob.mx/LXVI_leg/fotos_lxviconfondo/481_foto_chica.jpg,,static/img/diputados_lxvi_raw/367_412_montemayor_castillo_santy.png,static/img/diputados_lxvi_bn/367_412_montemayor_castillo_santy.png,
95,Nava García María del Carmen,MARÍA DEL CARMEN NAVA GARCÍA,Guerrero,Dtto. 6,Mayoria Relativa,Mayoría Relativa,Guerrero,6,H-248,PVEM,maria.nava@diputados.gob.mx,Judith Magaly Nájera Valero,False,https://sitl.diputados.gob.mx/LXVI_leg/curricula.php?dipt=95,https://sitl.diputados.gob.mx/LXVI_leg/fotos_lxviconfondo/461_foto_chica.jpg,,static/img/diputados_lxvi_raw/368_95_nava_garcia_maria_del_carmen.png,static/img/diputados_lxvi_bn/368_95_nava_garcia_maria_del_carmen.png,
371,Noyola Cervantes Ma. Leonor,MA. LEONOR NOYOLA CERVANTES,San Luis Potosí,Circ. 2,Representacion Proporcional,Representación proporcional,,,H-251,PVEM,leonor.noyola@diputados.gob.mx,Flor Olivia Gómez Vázquez,False,https://sitl.diputados.gob.mx/LXVI_leg/curricula.php?dipt=371,https://sitl.diputados.gob.mx/LXVI_leg/fotos_lxviconfondo/474_foto_chica.jpg,,static/img/diputados_lxvi_raw/369_371_noyola_cervantes_ma_leonor.png,static/img/diputados_lxvi_bn/369_371_noyola_cervantes_ma_leonor.png,
477,Pedroza Jiménez Héctor,HÉCTOR PEDROZA JIMÉNEZ,México,Circ. 5,Representacion Proporcional,Representación proporcional,,,I-294,PVEM,hector.pedroza@diputados.gob.mx,Jorge Alejandro Albarrán Velázquez,False,https://sitl.diputados.gob.mx/LXVI_leg/curricula.php?dipt=477,https://sitl.diputados.gob.mx/LXVI_leg/fotos_lxviconfondo/446_foto_chica.jpg,,static/img/diputados_lxvi_raw/370_477_pedroza_jimenez_hector.png,static/img/diputados_lxvi_bn/370_477_pedroza_jimenez_hector.png,
33,Pérez Cuéllar Alejandro,ALEJANDRO PÉREZ CUÉLLAR,Chihuahua,Dtto. 4,Mayoria Relativa,Mayoría Relativa,Chihuahua,4,J-349,PVEM,alejandro.perez@diputados.gob.mx,Carlos Joaquín Ruíz Olloqui Borunda,False,https://sitl.diputados.gob.mx/LXVI_leg/curricula.php?dipt=33,https://sitl.diputados.gob.mx/LXVI_leg/fotos_lxviconfondo/498_foto_chica.jpg,,static/img/diputados_lxvi_raw/371_33_perez_cuellar_alejandro.png,static/img/diputados_lxvi_bn/371_33_perez_cuellar_alejandro.png,
370,Puente Salas Carlos Alberto,CARLOS ALBERTO PUENTE SALAS,Zacatecas,Circ. 2,Representacion Proporcional,Representación proporcional,,,I-306,PVEM,carlos.puente@diputados.gob.mx,Francisco Xavier Diez Marina Palacios,False,https://sitl.diputados.gob.mx/LXVI_leg/curricula.php?dipt=370,https://sitl.diputados.gob.mx/LXVI_leg/fotos_lxviconfondo/445_foto_chica.jpg,,static/img/diputados_lxvi_raw/372_370_puente_salas_carlos_alberto.png,static/img/diputados_lxvi_bn/372_370_puente_salas_carlos_alberto.png,
789,Puertos Chimalhua Jonathan,JONATHAN PUERTOS CHIMALHUA,Veracruz,Dtto. 18,Mayoria Relativa,Mayoría Relativa,Veracruz,18,H-254,PVEM,jonathan.puertos@diputados.gob.mx,,False,https://sitl.diputados.gob.mx/LXVI_leg/curricula.php?dipt=789,https://sitl.diputados.gob.mx/LXVI_leg/fotos_lxviconfondo/522_foto_chica.jpg,,static/img/diputados_lxvi_raw/373_789_puertos_chimalhua_jonathan.png,static/img/diputados_lxvi_bn/373_789_puertos_chimalhua_jonathan.png,
196,Quiroga Treviño Luis Orlando,LUIS ORLANDO QUIROGA TREVIÑO,Nuevo León,Dtto. 13,Mayoria Relativa,Mayoría Relativa,Nuevo León,13,I-292,PVEM,luis.quiroga@diputados.gob.mx,Raúl Alejandro Zúñiga Dávila,False,https://sitl.diputados.gob.mx/LXVI_leg/curricula.php?dipt=196,https://sitl.diputados.gob.mx/LXVI_leg/fotos_lxviconfondo/472_foto_chica.jpg,,static/img/diputados_lxvi_raw/374_196_quiroga_trevino_luis_orlando.png,static/img/diputados_lxvi_bn/374_196_quiroga_trevino_luis_orlando.png,
121,Ramírez Ramos Antonio de Jesús,ANTONIO DE JESÚS RAMÍREZ RAMOS,Jalisco,Dtto. 17,Mayoria Relativa,Mayoría Relativa,Jalisco,17,J-343,PVEM,antoniodej.ramirez@diputados.gob.mx,Néstor Daniel Morán Sánchez,False,https://sitl.diputados.gob.mx/LXVI_leg/curricula.php?dipt=121,https://sitl.diputados.gob.mx/LXVI_leg/fotos_lxviconfondo/489_foto_chica.jpg,,static/img/diputados_lxvi_raw/375_121_ramirez_ramos_antonio_de_jesus.png,static/img/diputados_lxvi_bn/375_121_ramirez_ramos_antonio_de_jesus.png,
99,Salomón Durán Ciria Yamile,CIRIA YAMILE SALOMÓN DURÁN,Hidalgo,Dtto. 2,Mayoria Relativa,Mayoría Relativa,Hidalgo,2,K-390,PVEM,yamile.salomon@diputados.gob.mx,Aurora Barquera Pedraza,False,https://sitl.diputados.gob.mx/LXVI_leg/curricula.php?dipt=99,https://sitl.diputados.gob.mx/LXVI_leg/fotos_lxviconfondo/482_foto_chica.jpg,,static/img/diputados_lxvi_raw/376_99_salomon_duran_ciria_yamile.png,static/img/diputados_lxvi_bn/376_99_salomon_duran_ciria_yamile.png,
142,Sánchez Juárez Claudia,CLAUDIA SÁNCHEZ JUÁREZ,México,Dtto. 18,Mayoria Relativa,Mayoría Relativa,México,18,I-295,PVEM,claudia.sanchez@diputados.gob.mx,Ana Paola Guerra Flores,False,https://sitl.diputados.gob.mx/LXVI_leg/curricula.php?dipt=142,https://sitl.diputados.gob.mx/LXVI_leg/fotos_lxviconfondo/458_foto_chica.jpg,,static/img/diputados_lxvi_raw/377_142_sanchez_juarez_claudia.png,static/img/diputados_lxvi_bn/377_142_sanchez_juarez_claudia.png,
329,Santana González Ana Erika,ANA ERIKA SANTANA GONZÁLEZ,Baja California,Circ. 1,Representacion Proporcional,Representación proporcional,,,G-212,PVEM,ana.santana@diputados.gob.mx,Claudia González Elizondo,False,https://sitl.diputados.gob.mx/LXVI_leg/curricula.php?dipt=329,https://sitl.diputados.gob.mx/LXVI_leg/fotos_lxviconfondo/484_foto_chica.jpg,,static/img/diputados_lxvi_raw/378_329_santana_gonzalez_ana_erika.png,static/img/diputados_lxvi_bn/378_329_santana_gonzalez_ana_erika.png,
409,Scherer Pareyón Julio Javier,JULIO JAVIER SCHERER PAREYÓN,Oaxaca,Circ. 3,Representacion Proporcional,Representación proporcional,,,H-259,PVEM,julio.scherer@diputados.gob.mx,Víctor José Álvarez Pérez,False,https://sitl.diputados.gob.mx/LXVI_leg/curricula.php?dipt=409,https://sitl.diputados.gob.mx/LXVI_leg/fotos_lxviconfondo/460_foto_chica.jpg,,static/img/diputados_lxvi_raw/379_409_scherer_pareyon_julio_javier.png,static/img/diputados_lxvi_bn/379_409_scherer_pareyon_julio_javier.png,
546,Silva Andraca Ruth Maricela,RUTH MARICELA SILVA ANDRACA,Ciudad de México,Dtto. 8,Mayoria Relativa,Mayoría Relativa,Ciudad de México,8,H-263,PVEM,ruth.silva@diputados.gob.mx,,False,https://sitl.diputados.gob.mx/LXVI_leg/curricula.php?dipt=546,https://sitl.diputados.gob.mx/LXVI_leg/fotos_lxviconfondo/513_foto_chica.jpg,,static/img/diputados_lxvi_raw/380_546_silva_andraca_ruth_maricela.png,static/img/diputados_lxvi_bn/380_546_silva_andraca_ruth_maricela.png,
410,Trujillo Trujillo Karina Alejandra,KARINA ALEJANDRA TRUJILLO TRUJILLO,Chiapas,Circ. 3,Representacion Proporcional,Representación proporcional,,,G-210,PVEM,karina.trujillo@diputados.gob.mx,Karina de los Ángeles Morales Calvo,False,https://sitl.diputados.gob.mx/LXVI_leg/curricula.php?dipt=410,https://sitl.diputados.gob.mx/LXVI_leg/fotos_lxviconfondo/451_foto_chica.jpg,,static/img/diputados_lxvi_raw/381_410_trujillo_trujillo_karina_alejandra.png,static/img/diputados_lxvi_bn/381_410_trujillo_trujillo_karina_alejandra.png,
239,Valladares Eichelmann Juan Carlos,JUAN CARLOS VALLADARES EICHELMANN,San Luis Potosí,Dtto. 6,Mayoria Relativa,Mayoría Relativa,San Luis Potosí,6,H-258,PVEM,juan.valladares@diputados.gob.mx,René Contreras Flores,False,https://sitl.diputados.gob.mx/LXVI_leg/curricula.php?dipt=239,https://sitl.diputados.gob.mx/LXVI_leg/fotos_lxviconfondo/444_foto_chica.jpg,,static/img/diputados_lxvi_raw/382_239_valladares_eichelmann_juan_carlos.png,static/img/diputados_lxvi_bn/382_239_valladares_eichelmann_juan_carlos.png,
73,Villarreal Solis Gerardo,GERARDO VILLARREAL SOLIS,Durango,Dtto. 3,Mayoria Relativa,Mayoría Relativa,Durango,3,J-341,PVEM,gerardo.villarreal@diputados.gob.mx,Jaqueline Del Río López,False,https://sitl.diputados.gob.mx/LXVI_leg/curricula.php?dipt=73,https://sitl.diputados.gob.mx/LXVI_leg/fotos_lxviconfondo/479_foto_chica.jpg,,static/img/diputados_lxvi_raw/383_73_villarreal_solis_gerardo.png,static/img/diputados_lxvi_bn/383_73_villarreal_solis_gerardo.png,
29,Villatoro Osorio Jorge Luis,JORGE LUIS VILLATORO OSORIO,Chiapas,Dtto. 13,Mayoria Relativa,Mayoría Relativa,Chiapas,13,G-208,PVEM,jorge.villatoro@diputados.gob.mx,José Roberto Ramírez Cruz,False,https://sitl.diputados.gob.mx/LXVI_leg/curricula.php?dipt=29,https://sitl.diputados.gob.mx/LXVI_leg/fotos_lxviconfondo/428_foto_chica.jpg,,static/img/diputados_lxvi_raw/384_29_villatoro_osorio_jorge_luis.png,static/img/diputados_lxvi_bn/384_29_villatoro_osorio_jorge_luis.png,
178,Winkler Trujillo Cindy,CINDY WINKLER TRUJILLO,Morelos,Dtto. 3,Mayoria Relativa,Mayoría Relativa,Morelos,3,G-211,PVEM,cindy.winkler@diputados.gob.mx,Luisa Fernanda Arcaraz Alarcón,False,https://sitl.diputados.gob.mx/LXVI_leg/curricula.php?dipt=178,https://sitl.diputados.gob.mx/LXVI_leg/fotos_lxviconfondo/475_foto_chica.jpg,,static/img/diputados_lxvi_raw/385_178_winkler_trujillo_cindy.png,static/img/diputados_lxvi_bn/385_178_winkler_trujillo_cindy.png,
32,Aguilar Gil Lilia,LILIA AGUILAR GIL,Chihuahua,Dtto. 3,Mayoria Relativa,Mayoría Relativa,Chihuahua,3,D-116,PT,lilia.aguilar@diputados.gob.mx,Jessica Irene Ríos Ortega,False,https://sitl.diputados.gob.mx/LXVI_leg/curricula.php?dipt=32,https://sitl.diputados.gob.mx/LXVI_leg/fotos_lxviconfondo/153_foto_chica.jpg,https://sitl.diputados.gob.mx/LXVI_leg/images/pt.webp,static/img/diputados_lxvi_raw/386_32_aguilar_gil_lilia.png,static/img/diputados_lxvi_bn/386_32_aguilar_gil_lilia.png,
269,Aguilar López José Alejandro,JOSÉ ALEJANDRO AGUILAR LÓPEZ,Tlaxcala,Dtto. 1,Mayoria Relativa,Mayoría Relativa,Tlaxcala,1,F-202,PT,jalejandro.aguilar@diputados.gob.mx,Luis Alan Báez Medrano,False,https://sitl.diputados.gob.mx/LXVI_leg/curricula.php?dipt=269,https://sitl.diputados.gob.mx/LXVI_leg/fotos_lxviconfondo/121_foto_chica.jpg,https://sitl.diputados.gob.mx/LXVI_leg/images/pt.webp,static/img/diputados_lxvi_raw/387_269_aguilar_lopez_jose_alejandro.png,static/img/diputados_lxvi_bn/387_269_aguilar_lopez_jose_alejandro.png,
24,Albores Gleason Roberto Armando,ROBERTO ARMANDO ALBORES GLEASON,Chiapas,Dtto. 8,Mayoria Relativa,Mayoría Relativa,Chiapas,8,E-151,PT,roberto.albores@diputados.gob.mx,--- --- ---,False,https://sitl.diputados.gob.mx/LXVI_leg/curricula.php?dipt=24,https://sitl.diputados.gob.mx/LXVI_leg/fotos_lxviconfondo/133_foto_chica.jpg,https://sitl.diputados.gob.mx/LXVI_leg/images/pt.webp,static/img/diputados_lxvi_raw/388_24_albores_gleason_roberto_armando.png,static/img/diputados_lxvi_bn/388_24_albores_gleason_roberto_armando.png,
250,Barreras Samaniego Diana Karina,DIANA KARINA BARRERAS SAMANIEGO,Sonora,Dtto. 3,Mayoria Relativa,Mayoría Relativa,Sonora,3,B-048,PT,diana.barreras@diputados.gob.mx,Rebeca Valenzuela Alvarez,False,https://sitl.diputados.gob.mx/LXVI_leg/curricula.php?dipt=250,https://sitl.diputados.gob.mx/LXVI_leg/fotos_lxviconfondo/118_foto_chica.jpg,https://sitl.diputados.gob.mx/LXVI_leg/images/pt.webp,static/img/diputados_lxvi_raw/389_250_barreras_samaniego_diana_karina.png,static/img/diputados_lxvi_bn/389_250_barreras_samaniego_diana_karina.png,
40,Benavides Castañeda José Alberto,JOSÉ ALBERTO BENAVIDES CASTAÑEDA,Ciudad de México,Dtto. 2,Mayoria Relativa,Mayoría Relativa,Ciudad de México,2,D-118,PT,jose.benavides@diputados.gob.mx,Óscar Erik Moore López,False,https://sitl.diputados.gob.mx/LXVI_leg/curricula.php?dipt=40,https://sitl.diputados.gob.mx/LXVI_leg/fotos_lxviconfondo/164_foto_chica.jpg,https://sitl.diputados.gob.mx/LXVI_leg/images/pt.webp,static/img/diputados_lxvi_raw/390_40_benavides_castaneda_jose_alberto.png,static/img/diputados_lxvi_bn/390_40_benavides_castaneda_jose_alberto.png,
167,Bernal Martínez Mary Carmen,MARY CARMEN BERNAL MARTÍNEZ,Michoacán,Dtto. 3,Mayoria Relativa,Mayoría Relativa,Michoacán,3,A-024,PT,mary.bernal@diputados.gob.mx,Yutzy Daniela Dimas León,False,https://sitl.diputados.gob.mx/LXVI_leg/curricula.php?dipt=167,https://sitl.diputados.gob.mx/LXVI_leg/fotos_lxviconfondo/097_foto_chica.jpg,https://sitl.diputados.gob.mx/LXVI_leg/images/pt.webp,static/img/diputados_lxvi_raw/391_167_bernal_martinez_mary_carmen.png,static/img/diputados_lxvi_bn/391_167_bernal_martinez_mary_carmen.png,
127,Castillo Gabino Diana,DIANA CASTILLO GABINO,México,Dtto. 3,Mayoria Relativa,Mayoría Relativa,México,3,G-240,PT,diana.castillo@diputados.gob.mx,Alicia Castro Arévalos,False,https://sitl.diputados.gob.mx/LXVI_leg/curricula.php?dipt=127,https://sitl.diputados.gob.mx/LXVI_leg/fotos_lxviconfondo/130_foto_chica.jpg,https://sitl.diputados.gob.mx/LXVI_leg/images/pt.webp,static/img/diputados_lxvi_raw/392_127_castillo_gabino_diana.png,static/img/diputados_lxvi_bn/392_127_castillo_gabino_diana.png,
36,Corral Ordóñez Jesús Roberto,JESÚS ROBERTO CORRAL ORDÓÑEZ,Chihuahua,Dtto. 7,Mayoria Relativa,Mayoría Relativa,Chihuahua,7,B-046,PT,jesus.corral@diputados.gob.mx,Joel Beltrán Campos,False,https://sitl.diputados.gob.mx/LXVI_leg/curricula.php?dipt=36,https://sitl.diputados.gob.mx/LXVI_leg/fotos_lxviconfondo/123_foto_chica.jpg,https://sitl.diputados.gob.mx/LXVI_leg/images/pt.webp,static/img/diputados_lxvi_raw/393_36_corral_ordonez_jesus_roberto.png,static/img/diputados_lxvi_bn/393_36_corral_ordonez_jesus_roberto.png,
399,Cruz Jiménez Martha Aracely,MARTHA ARACELY CRUZ JIMÉNEZ,Oaxaca,Circ. 3,Representacion Proporcional,Representación proporcional,,,E-158,PT,martha.cruz@diputados.gob.mx,Elva Guadalupe Vásquez López,False,https://sitl.diputados.gob.mx/LXVI_leg/curricula.php?dipt=399,https://sitl.diputados.gob.mx/LXVI_leg/fotos_lxviconfondo/366_foto_chica.jpg,https://sitl.diputados.gob.mx/LXVI_leg/images/pt.webp,static/img/diputados_lxvi_raw/394_399_cruz_jimenez_martha_aracely.png,static/img/diputados_lxvi_bn/394_399_cruz_jimenez_martha_aracely.png,
494,De la Luz Rivas María Isidra,MARÍA ISIDRA DE LA LUZ RIVAS,Ciudad de México,Circ. 5,Representacion Proporcional,Representación proporcional,,,D-117,PT,maria.delaluz@diputados.gob.mx,Gloria Cristina Ruiz Mendoza,False,https://sitl.diputados.gob.mx/LXVI_leg/curricula.php?dipt=494,https://sitl.diputados.gob.mx/LXVI_leg/fotos_lxviconfondo/372_foto_chica.jpg,https://sitl.diputados.gob.mx/LXVI_leg/images/pt.webp,static/img/diputados_lxvi_raw/395_494_de_la_luz_rivas_maria_isidra.png,static/img/diputados_lxvi_bn/395_494_de_la_luz_rivas_maria_isidra.png,
300,del Muro García Ana Luisa,ANA LUISA DEL MURO GARCÍA,Zacatecas,Dtto. 4,Mayoria Relativa,Mayoría Relativa,Zacatecas,4,E-155,PT,ana.delmuro@diputados.gob.mx,Cristina Fabela Enríquez,False,https://sitl.diputados.gob.mx/LXVI_leg/curricula.php?dipt=300,https://sitl.diputados.gob.mx/LXVI_leg/fotos_lxviconfondo/187_foto_chica.jpg,https://sitl.diputados.gob.mx/LXVI_leg/images/pt.webp,static/img/diputados_lxvi_raw/396_300_del_muro_garcia_ana_luisa.png,static/img/diputados_lxvi_bn/396_300_del_muro_garcia_ana_luisa.png,
14,Díaz Luis Armando,LUIS ARMANDO DÍAZ,Baja California Sur,Dtto. 2,Mayoria Relativa,Mayoría Relativa,Baja California Sur,2,A-020,PT,luis.armando@diputados.gob.mx,María Verónica Olvera Guevara,False,https://sitl.diputados.gob.mx/LXVI_leg/curricula.php?dipt=14,https://sitl.diputados.gob.mx/LXVI_leg/fotos_lxviconfondo/107_foto_chica.jpg,https://sitl.diputados.gob.mx/LXVI_leg/images/pt.webp,static/img/diputados_lxvi_raw/397_14_diaz_luis_armando.png,static/img/diputados_lxvi_bn/397_14_diaz_luis_armando.png,
332,Durán Alarcón Greycy Marian,GREYCY MARIAN DURÁN ALARCÓN,Chihuahua,Circ. 1,Representacion Proporcional,Representación proporcional,,,B-047,PT,greycy.duran@diputados.gob.mx,Dora Cecilia Espinosa González,False,https://sitl.diputados.gob.mx/LXVI_leg/curricula.php?dipt=332,https://sitl.diputados.gob.mx/LXVI_leg/fotos_lxviconfondo/255_foto_chica.jpg,https://sitl.diputados.gob.mx/LXVI_leg/images/pt.webp,static/img/diputados_lxvi_raw/398_332_duran_alarcon_greycy_marian.png,static/img/diputados_lxvi_bn/398_332_duran_alarcon_greycy_marian.png,
267,Elizondo Guerra Olga Juliana,OLGA JULIANA ELIZONDO GUERRA,Tamaulipas,Dtto. 7,Mayoria Relativa,Mayoría Relativa,Tamaulipas,7,E-160,PT,olga.elizondo@diputados.gob.mx,Alicia Isabel Pizaña Navarro,False,https://sitl.diputados.gob.mx/LXVI_leg/curricula.php?dipt=267,https://sitl.diputados.gob.mx/LXVI_leg/fotos_lxviconfondo/148_foto_chica.jpg,https://sitl.diputados.gob.mx/LXVI_leg/images/pt.webp,static/img/diputados_lxvi_raw/399_267_elizondo_guerra_olga_juliana.png,static/img/diputados_lxvi_bn/399_267_elizondo_guerra_olga_juliana.png,
414,Espinosa Ramos Francisco Amadeo,FRANCISCO AMADEO ESPINOSA RAMOS,Chiapas,Circ. 3,Representacion Proporcional,Representación proporcional,,,D-113,PT,francisco.espinosa@diputados.gob.mx,Mario Humberto Vázquez López,False,https://sitl.diputados.gob.mx/LXVI_leg/curricula.php?dipt=414,https://sitl.diputados.gob.mx/LXVI_leg/fotos_lxviconfondo/343_foto_chica.jpg,https://sitl.diputados.gob.mx/LXVI_leg/images/pt.webp,static/img/diputados_lxvi_raw/400_414_espinosa_ramos_francisco_amadeo.png,static/img/diputados_lxvi_bn/400_414_espinosa_ramos_francisco_amadeo.png,
251,Flores Robles Ramón Angel,RAMÓN ANGEL FLORES ROBLES,Sonora,Dtto. 4,Mayoria Relativa,Mayoría Relativa,Sonora,4,B-049,PT,ramon.flores@diputados.gob.mx,Griselda Ilian López Martínez,False,https://sitl.diputados.gob.mx/LXVI_leg/curricula.php?dipt=251,https://sitl.diputados.gob.mx/LXVI_leg/fotos_lxviconfondo/098_foto_chica.jpg,https://sitl.diputados.gob.mx/LXVI_leg/images/pt.webp,static/img/diputados_lxvi_raw/401_251_flores_robles_ramon_angel.png,static/img/diputados_lxvi_bn/401_251_flores_robles_ramon_angel.png,
129,Galindo Alarcón Patricia,PATRICIA GALINDO ALARCÓN,México,Dtto. 5,Mayoria Relativa,Mayoría Relativa,México,5,G-239,PT,patricia.galindo@diputados.gob.mx,Ileana del Socorro González Estrada,False,https://sitl.diputados.gob.mx/LXVI_leg/curricula.php?dipt=129,https://sitl.diputados.gob.mx/LXVI_leg/fotos_lxviconfondo/169_foto_chica.jpg,https://sitl.diputados.gob.mx/LXVI_leg/images/pt.webp,static/img/diputados_lxvi_raw/402_129_galindo_alarcon_patricia.png,static/img/diputados_lxvi_bn/402_129_galindo_alarcon_patricia.png,
271,Garay Loredo Irma Yordana,IRMA YORDANA GARAY LOREDO,Tlaxcala,Dtto. 3,Mayoria Relativa,Mayoría Relativa,Tlaxcala,3,C-076,PT,irma.garay@diputados.gob.mx,Floria María Hernández Hernández,False,https://sitl.diputados.gob.mx/LXVI_leg/curricula.php?dipt=271,https://sitl.diputados.gob.mx/LXVI_leg/fotos_lxviconfondo/134_foto_chica.jpg,https://sitl.diputados.gob.mx/LXVI_leg/images/pt.webp,static/img/diputados_lxvi_raw/403_271_garay_loredo_irma_yordana.png,static/img/diputados_lxvi_bn/403_271_garay_loredo_irma_yordana.png,
200,García García Margarita,MARGARITA GARCÍA GARCÍA,Oaxaca,Dtto. 3,Mayoria Relativa,Mayoría Relativa,Oaxaca,3,A-023,PT,margarita.garcia@diputados.gob.mx,María Filiberta Bazán Velasco,False,https://sitl.diputados.gob.mx/LXVI_leg/curricula.php?dipt=200,https://sitl.diputados.gob.mx/LXVI_leg/fotos_lxviconfondo/168_foto_chica.jpg,https://sitl.diputados.gob.mx/LXVI_leg/images/pt.webp,static/img/diputados_lxvi_raw/404_200_garcia_garcia_margarita.png,static/img/diputados_lxvi_bn/404_200_garcia_garcia_margarita.png,
243,García Hernández Jesús Fernando,JESÚS FERNANDO GARCÍA HERNÁNDEZ,Sinaloa,Dtto. 3,Mayoria Relativa,Mayoría Relativa,Sinaloa,3,F-200,PT,jesus.garcia@diputados.gob.mx,Cuauhtémoc Romo Gálvez,False,https://sitl.diputados.gob.mx/LXVI_leg/curricula.php?dipt=243,https://sitl.diputados.gob.mx/LXVI_leg/fotos_lxviconfondo/104_foto_chica.jpg,https://sitl.diputados.gob.mx/LXVI_leg/images/pt.webp,static/img/diputados_lxvi_raw/405_243_garcia_hernandez_jesus_fernando.png,static/img/diputados_lxvi_bn/405_243_garcia_hernandez_jesus_fernando.png,
197,Gloria López José,JOSÉ GLORIA LÓPEZ,Nuevo León,Dtto. 14,Mayoria Relativa,Mayoría Relativa,Nuevo León,14,F-201,PT,jose.gloria@diputados.gob.mx,Elva Lely Rodríguez Garza,False,https://sitl.diputados.gob.mx/LXVI_leg/curricula.php?dipt=197,https://sitl.diputados.gob.mx/LXVI_leg/fotos_lxviconfondo/115_foto_chica.jpg,https://sitl.diputados.gob.mx/LXVI_leg/images/pt.webp,static/img/diputados_lxvi_raw/406_197_gloria_lopez_jose.png,static/img/diputados_lxvi_bn/406_197_gloria_lopez_jose.png,
333,Gómez Alarcón Amarante Gonzalo,AMARANTE GONZALO GÓMEZ ALARCÓN,Jalisco,Circ. 1,Representacion Proporcional,Representación proporcional,,,A-021,PT,amarante.gomez@diputados.gob.mx,Leonor del Rosario Vázquez Valeriano,False,https://sitl.diputados.gob.mx/LXVI_leg/curricula.php?dipt=333,https://sitl.diputados.gob.mx/LXVI_leg/fotos_lxviconfondo/285_foto_chica.jpg,https://sitl.diputados.gob.mx/LXVI_leg/images/pt.webp,static/img/diputados_lxvi_raw/407_333_gomez_alarcon_amarante_gonzalo.png,static/img/diputados_lxvi_bn/407_333_gomez_alarcon_amarante_gonzalo.png,
280,González Naveda Adrián,ADRIÁN GONZÁLEZ NAVEDA,Veracruz,Dtto. 9,Mayoria Relativa,Mayoría Relativa,Veracruz,9,H-283,PT,adrian.gonzalez@diputados.gob.mx,Guadalupe Zamudio Gayosso,False,https://sitl.diputados.gob.mx/LXVI_leg/curricula.php?dipt=280,https://sitl.diputados.gob.mx/LXVI_leg/fotos_lxviconfondo/172_foto_chica.jpg,https://sitl.diputados.gob.mx/LXVI_leg/images/pt.webp,static/img/diputados_lxvi_raw/408_280_gonzalez_naveda_adrian.png,static/img/diputados_lxvi_bn/408_280_gonzalez_naveda_adrian.png,
188,González Soto Santiago,SANTIAGO GONZÁLEZ SOTO,Nuevo León,Dtto. 5,Mayoria Relativa,Mayoría Relativa,Nuevo León,5,E-159,PT,santiago.gonzalez@diputados.gob.mx,José Santos Hernández Ortiz,False,https://sitl.diputados.gob.mx/LXVI_leg/curricula.php?dipt=188,https://sitl.diputados.gob.mx/LXVI_leg/fotos_lxviconfondo/103_foto_chica.jpg,https://sitl.diputados.gob.mx/LXVI_leg/images/pt.webp,static/img/diputados_lxvi_raw/409_188_gonzalez_soto_santiago.png,static/img/diputados_lxvi_bn/409_188_gonzalez_soto_santiago.png,
105,Guízar Macías Francisco Javier,FRANCISCO JAVIER GUÍZAR MACÍAS,Jalisco,Dtto. 1,Mayoria Relativa,Mayoría Relativa,Jalisco,1,F-196,PT,francisco.guizar@diputados.gob.mx,Luis Arturo Meza Andalón,False,https://sitl.diputados.gob.mx/LXVI_leg/curricula.php?dipt=105,https://sitl.diputados.gob.mx/LXVI_leg/fotos_lxviconfondo/099_foto_chica.jpg,https://sitl.diputados.gob.mx/LXVI_leg/images/pt.webp,static/img/diputados_lxvi_raw/410_105_guizar_macias_francisco_javier.png,static/img/diputados_lxvi_bn/410_105_guizar_macias_francisco_javier.png,
374,Herrera Natividad Olga Lidia,OLGA LIDIA HERRERA NATIVIDAD,Nuevo León,Circ. 2,Representacion Proporcional,Representación proporcional,,,C-082,PT,olga.herrera@diputados.gob.mx,Ma. Guadalupe de la Luz Rodríguez Gutiérrez,False,https://sitl.diputados.gob.mx/LXVI_leg/curricula.php?dipt=374,https://sitl.diputados.gob.mx/LXVI_leg/fotos_lxviconfondo/339_foto_chica.jpg,https://sitl.diputados.gob.mx/LXVI_leg/images/pt.webp,static/img/diputados_lxvi_raw/411_374_herrera_natividad_olga_lidia.png,static/img/diputados_lxvi_bn/411_374_herrera_natividad_olga_lidia.png,
353,León Rosas Rosalia,ROSALIA LEÓN ROSAS,Aguascalientes,Circ. 2,Representacion Proporcional,Representación proporcional,,,C-081,PT,rosalia.leon@diputados.gob.mx,Claudia Fabiola Gutiérrez García,False,https://sitl.diputados.gob.mx/LXVI_leg/curricula.php?dipt=353,https://sitl.diputados.gob.mx/LXVI_leg/fotos_lxviconfondo/341_foto_chica.jpg,https://sitl.diputados.gob.mx/LXVI_leg/images/pt.webp,static/img/diputados_lxvi_raw/412_353_leon_rosas_rosalia.png,static/img/diputados_lxvi_bn/412_353_leon_rosas_rosalia.png,
175,López Carrillo Vanessa,VANESSA LÓPEZ CARRILLO,Michoacán,Dtto. 11,Mayoria Relativa,Mayoría Relativa,Michoacán,11,E-157,PT,vanessa.lopez@diputados.gob.mx,Rosa Icela Amézquita Espinosa,False,https://sitl.diputados.gob.mx/LXVI_leg/curricula.php?dipt=175,https://sitl.diputados.gob.mx/LXVI_leg/fotos_lxviconfondo/140_foto_chica.jpg,https://sitl.diputados.gob.mx/LXVI_leg/images/pt.webp,static/img/diputados_lxvi_raw/413_175_lopez_carrillo_vanessa.png,static/img/diputados_lxvi_bn/413_175_lopez_carrillo_vanessa.png,
218,López Ruíz José Antonio,JOSÉ ANTONIO LÓPEZ RUÍZ,Puebla,Dtto. 11,Mayoria Relativa,Mayoría Relativa,Puebla,11,H-284,PT,antonio.lopez@diputados.gob.mx,Clemente Castells Sanabria,False,https://sitl.diputados.gob.mx/LXVI_leg/curricula.php?dipt=218,https://sitl.diputados.gob.mx/LXVI_leg/fotos_lxviconfondo/129_foto_chica.jpg,https://sitl.diputados.gob.mx/LXVI_leg/images/pt.webp,static/img/diputados_lxvi_raw/414_218_lopez_ruiz_jose_antonio.png,static/img/diputados_lxvi_bn/414_218_lopez_ruiz_jose_antonio.png,
203,López Sánchez José Alejandro,JOSÉ ALEJANDRO LÓPEZ SÁNCHEZ,Oaxaca,Dtto. 6,Mayoria Relativa,Mayoría Relativa,Oaxaca,6,F-199,PT,jose.lopez@diputados.gob.mx,Roberto Hernández Chávez,False,https://sitl.diputados.gob.mx/LXVI_leg/curricula.php?dipt=203,https://sitl.diputados.gob.mx/LXVI_leg/fotos_lxviconfondo/138_foto_chica.jpg,https://sitl.diputados.gob.mx/LXVI_leg/images/pt.webp,static/img/diputados_lxvi_raw/415_203_lopez_sanchez_jose_alejandro.png,static/img/diputados_lxvi_bn/415_203_lopez_sanchez_jose_alejandro.png,
140,Manzanilla Téllez Emilio,EMILIO MANZANILLA TÉLLEZ,México,Dtto. 16,Mayoria Relativa,Mayoría Relativa,México,16,G-241,PT,emilio.manzanilla@diputados.gob.mx,Mónica Eulalia Cruz Jiménez,False,https://sitl.diputados.gob.mx/LXVI_leg/curricula.php?dipt=140,https://sitl.diputados.gob.mx/LXVI_leg/fotos_lxviconfondo/191_foto_chica.jpg,https://sitl.diputados.gob.mx/LXVI_leg/images/pt.webp,static/img/diputados_lxvi_raw/416_140_manzanilla_tellez_emilio.png,static/img/diputados_lxvi_bn/416_140_manzanilla_tellez_emilio.png,
415,Martínez Ruiz Maribel,MARIBEL MARTÍNEZ RUIZ,Oaxaca,Circ. 3,Representacion Proporcional,Representación proporcional,,,B-050,PT,mmartinez.ruiz@diputados.gob.mx,Laura Susana Chia Pérez,False,https://sitl.diputados.gob.mx/LXVI_leg/curricula.php?dipt=415,https://sitl.diputados.gob.mx/LXVI_leg/fotos_lxviconfondo/485_foto_chica.jpg,https://sitl.diputados.gob.mx/LXVI_leg/images/pt.webp,static/img/diputados_lxvi_raw/417_415_martinez_ruiz_maribel.png,static/img/diputados_lxvi_bn/417_415_martinez_ruiz_maribel.png,
156,Martínez Ventura Luis Enrique,LUIS ENRIQUE MARTÍNEZ VENTURA,México,Dtto. 32,Mayoria Relativa,Mayoría Relativa,México,32,F-198,PT,enrique.martinez@diputados.gob.mx,Jaime Gonzalo Vargas Álvarez,False,https://sitl.diputados.gob.mx/LXVI_leg/curricula.php?dipt=156,https://sitl.diputados.gob.mx/LXVI_leg/fotos_lxviconfondo/117_foto_chica.jpg,https://sitl.diputados.gob.mx/LXVI_leg/images/pt.webp,static/img/diputados_lxvi_raw/418_156_martinez_ventura_luis_enrique.png,static/img/diputados_lxvi_bn/418_156_martinez_ventura_luis_enrique.png,
375,Mejía Berdeja Ricardo Sóstenes,RICARDO SÓSTENES MEJÍA BERDEJA,Coahuila,Circ. 2,Representacion Proporcional,Representación proporcional,,,C-079,PT,ricardo.mejia@diputados.gob.mx,Víctor Severo Ortiz Aguilar,False,https://sitl.diputados.gob.mx/LXVI_leg/curricula.php?dipt=375,https://sitl.diputados.gob.mx/LXVI_leg/fotos_lxviconfondo/377_foto_chica.jpg,https://sitl.diputados.gob.mx/LXVI_leg/images/pt.webp,static/img/diputados_lxvi_raw/419_375_mejia_berdeja_ricardo_sostenes.png,static/img/diputados_lxvi_bn/419_375_mejia_berdeja_ricardo_sostenes.png,
219,Merino Escamilla Nora Yessica,NORA YESSICA MERINO ESCAMILLA,Puebla,Dtto. 12,Mayoria Relativa,Mayoría Relativa,Puebla,12,H-285,PT,nora.escamilla@diputados.gob.mx,Zaira González Gómez,False,https://sitl.diputados.gob.mx/LXVI_leg/curricula.php?dipt=219,https://sitl.diputados.gob.mx/LXVI_leg/fotos_lxviconfondo/182_foto_chica.jpg,https://sitl.diputados.gob.mx/LXVI_leg/images/pt.webp,static/img/diputados_lxvi_raw/420_219_merino_escamilla_nora_yessica.png,static/img/diputados_lxvi_bn/420_219_merino_escamilla_nora_yessica.png,
163,Montalvo Luna José Luis,JOSÉ LUIS MONTALVO LUNA,México,Dtto. 39,Mayoria Relativa,Mayoría Relativa,México,39,F-197,PT,jose.montalvo@diputados.gob.mx,Óscar Brazil Montalvo Durarte,False,https://sitl.diputados.gob.mx/LXVI_leg/curricula.php?dipt=163,https://sitl.diputados.gob.mx/LXVI_leg/fotos_lxviconfondo/137_foto_chica.jpg,https://sitl.diputados.gob.mx/LXVI_leg/images/pt.webp,static/img/diputados_lxvi_raw/421_163_montalvo_luna_jose_luis.png,static/img/diputados_lxvi_bn/421_163_montalvo_luna_jose_luis.png,
17,Morelos Rodríguez Carlos,CARLOS MORELOS RODRÍGUEZ,Chiapas,Dtto. 1,Mayoria Relativa,Mayoría Relativa,Chiapas,1,E-152,PT,carlos.morelos@diputados.gob.mx,José Miguel Alegría Gómez,False,https://sitl.diputados.gob.mx/LXVI_leg/curricula.php?dipt=17,https://sitl.diputados.gob.mx/LXVI_leg/fotos_lxviconfondo/108_foto_chica.jpg,https://sitl.diputados.gob.mx/LXVI_leg/images/pt.webp,static/img/diputados_lxvi_raw/422_17_morelos_rodriguez_carlos.png,static/img/diputados_lxvi_bn/422_17_morelos_rodriguez_carlos.png,
61,Moreno Hernández Brígido Ramiro,BRÍGIDO RAMIRO MORENO HERNÁNDEZ,Coahuila,Dtto. 1,Mayoria Relativa,Mayoría Relativa,Coahuila,1,C-078,PT,brigido.moreno@diputados.gob.mx,Lorenzo Menera Sierra,False,https://sitl.diputados.gob.mx/LXVI_leg/curricula.php?dipt=61,https://sitl.diputados.gob.mx/LXVI_leg/fotos_lxviconfondo/142_foto_chica.jpg,https://sitl.diputados.gob.mx/LXVI_leg/images/pt.webp,static/img/diputados_lxvi_raw/423_61_moreno_hernandez_brigido_ramiro.png,static/img/diputados_lxvi_bn/423_61_moreno_hernandez_brigido_ramiro.png,
455,Núñez Monreal Magdalena del Socorro,MAGDALENA DEL SOCORRO NÚÑEZ MONREAL,Ciudad de México,Circ. 4,Representacion Proporcional,Representación proporcional,,,P-508,PT,magdalena.nunez@diputados.gob.mx,Alejandra Ocampo Villegas,False,https://sitl.diputados.gob.mx/LXVI_leg/curricula.php?dipt=455,https://sitl.diputados.gob.mx/LXVI_leg/fotos_lxviconfondo/450_foto_chica.jpg,https://sitl.diputados.gob.mx/LXVI_leg/images/pt.webp,static/img/diputados_lxvi_raw/424_455_nunez_monreal_magdalena_del_socorro.png,static/img/diputados_lxvi_bn/424_455_nunez_monreal_magdalena_del_socorro.png,
94,Olivares Mejía Gerardo,GERARDO OLIVARES MEJÍA,Guerrero,Dtto. 5,Mayoria Relativa,Mayoría Relativa,Guerrero,5,E-154,PT,gerardo.olivares@diputados.gob.mx,Mayra Wuences Cardona,False,https://sitl.diputados.gob.mx/LXVI_leg/curricula.php?dipt=94,https://sitl.diputados.gob.mx/LXVI_leg/fotos_lxviconfondo/109_foto_chica.jpg,https://sitl.diputados.gob.mx/LXVI_leg/images/pt.webp,static/img/diputados_lxvi_raw/425_94_olivares_mejia_gerardo.png,static/img/diputados_lxvi_bn/425_94_olivares_mejia_gerardo.png,
183,Ortiz Rodríguez Jorge Armando,JORGE ARMANDO ORTIZ RODRÍGUEZ,Nayarit,Dtto. 3,Mayoria Relativa,Mayoría Relativa,Nayarit,3,D-112,PT,jorge.ortiz@diputados.gob.mx,Ángel Ignacio Chávez Solís,False,https://sitl.diputados.gob.mx/LXVI_leg/curricula.php?dipt=183,https://sitl.diputados.gob.mx/LXVI_leg/fotos_lxviconfondo/149_foto_chica.jpg,https://sitl.diputados.gob.mx/LXVI_leg/images/pt.webp,static/img/diputados_lxvi_raw/426_183_ortiz_rodriguez_jorge_armando.png,static/img/diputados_lxvi_bn/426_183_ortiz_rodriguez_jorge_armando.png,
58,Rojo Pimentel Ana Karina,ANA KARINA ROJO PIMENTEL,Ciudad de México,Dtto. 20,Mayoria Relativa,Mayoría Relativa,Ciudad de México,20,A-022,PT,ana.rojo@diputados.gob.mx,María Guadalupe Rojo Gómez,False,https://sitl.diputados.gob.mx/LXVI_leg/curricula.php?dipt=58,https://sitl.diputados.gob.mx/LXVI_leg/fotos_lxviconfondo/125_foto_chica.jpg,https://sitl.diputados.gob.mx/LXVI_leg/images/pt.webp,static/img/diputados_lxvi_raw/427_58_rojo_pimentel_ana_karina.png,static/img/diputados_lxvi_bn/427_58_rojo_pimentel_ana_karina.png,
117,Sánchez González José Luis,JOSÉ LUIS SÁNCHEZ GONZÁLEZ,Jalisco,Dtto. 13,Mayoria Relativa,Mayoría Relativa,Jalisco,13,C-077,PT,jluis.sanchez@diputados.gob.mx,Felipe Robles Herrera,False,https://sitl.diputados.gob.mx/LXVI_leg/curricula.php?dipt=117,https://sitl.diputados.gob.mx/LXVI_leg/fotos_lxviconfondo/101_foto_chica.jpg,https://sitl.diputados.gob.mx/LXVI_leg/images/pt.webp,static/img/diputados_lxvi_raw/428_117_sanchez_gonzalez_jose_luis.png,static/img/diputados_lxvi_bn/428_117_sanchez_gonzalez_jose_luis.png,
454,Sandoval Flores Reginaldo,REGINALDO SANDOVAL FLORES,Michoacán,Circ. 4,Representacion Proporcional,Representación proporcional,,,D-114,PT,reginaldo.sandoval@diputados.gob.mx,Gerardo David Rodríguez López,False,https://sitl.diputados.gob.mx/LXVI_leg/curricula.php?dipt=454,https://sitl.diputados.gob.mx/LXVI_leg/fotos_lxviconfondo/386_foto_chica.jpg,https://sitl.diputados.gob.mx/LXVI_leg/images/pt.webp,static/img/diputados_lxvi_raw/429_454_sandoval_flores_reginaldo.png,static/img/diputados_lxvi_bn/429_454_sandoval_flores_reginaldo.png,
151,Santiago Pineda Wblester,WBLESTER SANTIAGO PINEDA,México,Dtto. 27,Mayoria Relativa,Mayoría Relativa,México,27,F-195,PT,wblester.santiago@diputados.gob.mx,Óscar Alejandro González Márquez,False,https://sitl.diputados.gob.mx/LXVI_leg/curricula.php?dipt=151,https://sitl.diputados.gob.mx/LXVI_leg/fotos_lxviconfondo/150_foto_chica.jpg,https://sitl.diputados.gob.mx/LXVI_leg/images/pt.webp,static/img/diputados_lxvi_raw/430_151_santiago_pineda_wblester.png,static/img/diputados_lxvi_bn/430_151_santiago_pineda_wblester.png,
170,Téllez Marín José Luis,JOSÉ LUIS TÉLLEZ MARÍN,Michoacán,Dtto. 6,Mayoria Relativa,Mayoría Relativa,Michoacán,6,E-156,PT,joseluis.tellez@diputados.gob.mx,Victor Hugo García Patiño,False,https://sitl.diputados.gob.mx/LXVI_leg/curricula.php?dipt=170,https://sitl.diputados.gob.mx/LXVI_leg/fotos_lxviconfondo/131_foto_chica.jpg,https://sitl.diputados.gob.mx/LXVI_leg/images/pt.webp,static/img/diputados_lxvi_raw/431_170_tellez_marin_jose_luis.png,static/img/diputados_lxvi_bn/431_170_tellez_marin_jose_luis.png,
495,Vázquez Calixto Javier,JAVIER VÁZQUEZ CALIXTO,Hidalgo,Circ. 5,Representacion Proporcional,Representación proporcional,,,E-153,PT,javier.vazquez@diputados.gob.mx,Lucía Vázquez Romualdo,False,https://sitl.diputados.gob.mx/LXVI_leg/curricula.php?dipt=495,https://sitl.diputados.gob.mx/LXVI_leg/fotos_lxviconfondo/342_foto_chica.jpg,https://sitl.diputados.gob.mx/LXVI_leg/images/pt.webp,static/img/diputados_lxvi_raw/432_495_vazquez_calixto_javier.png,static/img/diputados_lxvi_bn/432_495_vazquez_calixto_javier.png,
416,Vázquez González Pedro,PEDRO VÁZQUEZ GONZÁLEZ,Ciudad de México,Circ. 3,Representacion Proporcional,Representación proporcional,,,D-115,PT,pedro.vazquez@diputados.gob.mx,Jaime Ortiz Álvarez,False,https://sitl.diputados.gob.mx/LXVI_leg/curricula.php?dipt=416,https://sitl.diputados.gob.mx/LXVI_leg/fotos_lxviconfondo/340_foto_chica.jpg,https://sitl.diputados.gob.mx/LXVI_leg/images/pt.webp,static/img/diputados_lxvi_raw/433_416_vazquez_gonzalez_pedro.png,static/img/diputados_lxvi_bn/433_416_vazquez_gonzalez_pedro.png,
134,Vilchis Contreras Luis Fernando,LUIS FERNANDO VILCHIS CONTRERAS,México,Dtto. 10,Mayoria Relativa,Mayoría Relativa,México,10,D-111,PT,luis.vilchis@diputados.gob.mx,Germán Sendic Contreras García,False,https://sitl.diputados.gob.mx/LXVI_leg/curricula.php?dipt=134,https://sitl.diputados.gob.mx/LXVI_leg/fotos_lxviconfondo/093_foto_chica.jpg,https://sitl.diputados.gob.mx/LXVI_leg/images/pt.webp,static/img/diputados_lxvi_raw/434_134_vilchis_contreras_luis_fernando.png,static/img/diputados_lxvi_bn/434_134_vilchis_contreras_luis_fernando.png,
64,Abramo Masso Yerico,YERICO ABRAMO MASSO,Coahuila,Dtto. 4,Mayoria Relativa,Mayoría Relativa,Coahuila,4,F-170,PRI,yerico.abramo@diputados.gob.mx,Edgar Levit Palomeque Romero,False,https://sitl.diputados.gob.mx/LXVI_leg/curricula.php?dipt=64,https://sitl.diputados.gob.mx/LXVI_leg/fotos_lxviconfondo/335_foto_chica.jpg,https://sitl.diputados.gob.mx/LXVI_leg/images/pri.webp,static/img/diputados_lxvi_raw/435_64_abramo_masso_yerico.png,static/img/diputados_lxvi_bn/435_64_abramo_masso_yerico.png,
368,Alonso Que Erubiel Lorenzo,ERUBIEL LORENZO ALONSO QUE,Tabasco,Circ. 2,Representacion Proporcional,Representación proporcional,,,E-130,PRI,erubiel.alonso@diputados.gob.mx,Oscar Fernando Torres Castañeda,False,https://sitl.diputados.gob.mx/LXVI_leg/curricula.php?dipt=368,https://sitl.diputados.gob.mx/LXVI_leg/fotos_lxviconfondo/374_foto_chica.jpg,https://sitl.diputados.gob.mx/LXVI_leg/images/pri.webp,static/img/diputados_lxvi_raw/436_368_alonso_que_erubiel_lorenzo.png,static/img/diputados_lxvi_bn/436_368_alonso_que_erubiel_lorenzo.png,
366,Alonso Reyes Miguel Alejandro,MIGUEL ALEJANDRO ALONSO REYES,Zacatecas,Circ. 2,Representacion Proporcional,Representación proporcional,,,D-094,PRI,miguel.alonso@diputados.gob.mx,Luis Antonio Muñoz Mosqueda,False,https://sitl.diputados.gob.mx/LXVI_leg/curricula.php?dipt=366,https://sitl.diputados.gob.mx/LXVI_leg/fotos_lxviconfondo/368_foto_chica.jpg,https://sitl.diputados.gob.mx/LXVI_leg/images/pri.webp,static/img/diputados_lxvi_raw/437_366_alonso_reyes_miguel_alejandro.png,static/img/diputados_lxvi_bn/437_366_alonso_reyes_miguel_alejandro.png,
1,Ambriz Delgadillo Humberto,HUMBERTO AMBRIZ DELGADILLO,Aguascalientes,Dtto. 1,Mayoria Relativa,Mayoría Relativa,Aguascalientes,1,C-063,PRI,humberto.ambriz@diputados.gob.mx,Juan Manuel Méndez Noriega,False,https://sitl.diputados.gob.mx/LXVI_leg/curricula.php?dipt=1,https://sitl.diputados.gob.mx/LXVI_leg/fotos_lxviconfondo/359_foto_chica.jpg,https://sitl.diputados.gob.mx/LXVI_leg/images/pri.webp,static/img/diputados_lxvi_raw/438_1_ambriz_delgadillo_humberto.png,static/img/diputados_lxvi_bn/438_1_ambriz_delgadillo_humberto.png,
488,Arredondo Ramos Abigail,ABIGAIL ARREDONDO RAMOS,Querétaro,Circ. 5,Representacion Proporcional,Representación proporcional,,,A-006,PRI,abigail.arredondo@diputados.gob.mx,Diana Carolina Tomás Flores,False,https://sitl.diputados.gob.mx/LXVI_leg/curricula.php?dipt=488,https://sitl.diputados.gob.mx/LXVI_leg/fotos_lxviconfondo/352_foto_chica.jpg,https://sitl.diputados.gob.mx/LXVI_leg/images/pri.webp,static/img/diputados_lxvi_raw/439_488_arredondo_ramos_abigail.png,static/img/diputados_lxvi_bn/439_488_arredondo_ramos_abigail.png,
486,Barrera Maldonado Leticia,LETICIA BARRERA MALDONADO,México,Circ. 5,Representacion Proporcional,Representación proporcional,,,F-176,PRI,leticia.barrera@diputados.gob.mx,Emma Mondragon Navarrete,False,https://sitl.diputados.gob.mx/LXVI_leg/curricula.php?dipt=486,https://sitl.diputados.gob.mx/LXVI_leg/fotos_lxviconfondo/338_foto_chica.jpg,https://sitl.diputados.gob.mx/LXVI_leg/images/pri.webp,static/img/diputados_lxvi_raw/440_486_barrera_maldonado_leticia.png,static/img/diputados_lxvi_bn/440_486_barrera_maldonado_leticia.png,
447,Betanzos Cortes Israel,ISRAEL BETANZOS CORTES,Ciudad de México,Circ. 4,Representacion Proporcional,Representación proporcional,,,D-093,PRI,israel.betanzos@diputados.gob.mx,Genaro Morales Rentería,False,https://sitl.diputados.gob.mx/LXVI_leg/curricula.php?dipt=447,https://sitl.diputados.gob.mx/LXVI_leg/fotos_lxviconfondo/388_foto_chica.jpg,https://sitl.diputados.gob.mx/LXVI_leg/images/pri.webp,static/img/diputados_lxvi_raw/441_447_betanzos_cortes_israel.png,static/img/diputados_lxvi_bn/441_447_betanzos_cortes_israel.png,
228,Calzada Mercado Mario,MARIO CALZADA MERCADO,Querétaro,Dtto. 5,Mayoria Relativa,Mayoría Relativa,Querétaro,5,A-007,PRI,mario.calzada@diputados.gob.mx,Ma. Guadalupe Hernández Gutiérrez,False,https://sitl.diputados.gob.mx/LXVI_leg/curricula.php?dipt=228,https://sitl.diputados.gob.mx/LXVI_leg/fotos_lxviconfondo/349_foto_chica.jpg,https://sitl.diputados.gob.mx/LXVI_leg/images/pri.webp,static/img/diputados_lxvi_raw/442_228_calzada_mercado_mario.png,static/img/diputados_lxvi_bn/442_228_calzada_mercado_mario.png,
185,Cantú Ramírez Andrés Mauricio,ANDRÉS MAURICIO CANTÚ RAMÍREZ,Nuevo León,Dtto. 2,Mayoria Relativa,Mayoría Relativa,Nuevo León,2,B-031,PRI,andres.cantu@diputados.gob.mx,Rogelio Peña Salinas,False,https://sitl.diputados.gob.mx/LXVI_leg/curricula.php?dipt=185,https://sitl.diputados.gob.mx/LXVI_leg/fotos_lxviconfondo/350_foto_chica.jpg,https://sitl.diputados.gob.mx/LXVI_leg/images/pri.webp,static/img/diputados_lxvi_raw/443_185_cantu_ramirez_andres_mauricio.png,static/img/diputados_lxvi_bn/443_185_cantu_ramirez_andres_mauricio.png,
406,Castro Bello Christian Mishel,CHRISTIAN MISHEL CASTRO BELLO,Campeche,Circ. 3,Representacion Proporcional,Representación proporcional,,,E-131,PRI,christian.castro@diputados.gob.mx,Ricardo Augusto Ocampo Fernández,False,https://sitl.diputados.gob.mx/LXVI_leg/curricula.php?dipt=406,https://sitl.diputados.gob.mx/LXVI_leg/fotos_lxviconfondo/378_foto_chica.jpg,https://sitl.diputados.gob.mx/LXVI_leg/images/pri.webp,static/img/diputados_lxvi_raw/444_406_castro_bello_christian_mishel.png,static/img/diputados_lxvi_bn/444_406_castro_bello_christian_mishel.png,
446,Ceja García Xitlalic,XITLALIC CEJA GARCÍA,Puebla,Circ. 4,Representacion Proporcional,Representación proporcional,,,B-034,PRI,xitlalic.ceja@diputados.gob.mx,Karla Gabriela Sánchez Acevedo,False,https://sitl.diputados.gob.mx/LXVI_leg/curricula.php?dipt=446,https://sitl.diputados.gob.mx/LXVI_leg/fotos_lxviconfondo/346_foto_chica.jpg,https://sitl.diputados.gob.mx/LXVI_leg/images/pri.webp,static/img/diputados_lxvi_raw/445_446_ceja_garcia_xitlalic.png,static/img/diputados_lxvi_bn/445_446_ceja_garcia_xitlalic.png,
38,Chávez Velázquez Noel,NOEL CHÁVEZ VELÁZQUEZ,Chihuahua,Dtto. 9,Mayoria Relativa,Mayoría Relativa,Chihuahua,9,C-060,PRI,noel.chavez@diputados.gob.mx,Julio César Yáñez Cervantes,False,https://sitl.diputados.gob.mx/LXVI_leg/curricula.php?dipt=38,https://sitl.diputados.gob.mx/LXVI_leg/fotos_lxviconfondo/353_foto_chica.jpg,https://sitl.diputados.gob.mx/LXVI_leg/images/pri.webp,static/img/diputados_lxvi_raw/446_38_chavez_velazquez_noel.png,static/img/diputados_lxvi_bn/446_38_chavez_velazquez_noel.png,
37,Domínguez Domínguez César Alejandro,CÉSAR ALEJANDRO DOMÍNGUEZ DOMÍNGUEZ,Chihuahua,Dtto. 8,Mayoria Relativa,Mayoría Relativa,Chihuahua,8,C-062,PRI,cesar.dominguez@diputados.gob.mx,Jesús René Rascón Mondragón,False,https://sitl.diputados.gob.mx/LXVI_leg/curricula.php?dipt=37,https://sitl.diputados.gob.mx/LXVI_leg/fotos_lxviconfondo/354_foto_chica.jpg,https://sitl.diputados.gob.mx/LXVI_leg/images/pri.webp,static/img/diputados_lxvi_raw/447_37_dominguez_dominguez_cesar_alejandro.png,static/img/diputados_lxvi_bn/447_37_dominguez_dominguez_cesar_alejandro.png,
827,Domínguez Ugarte Paloma,PALOMA DOMÍNGUEZ UGARTE,Chihuahua,Circ. 1,Representacion Proporcional,Representación proporcional,,,F-173,PRI,paloma.dominguez@diputados.gob.mx,,False,https://sitl.diputados.gob.mx/LXVI_leg/curricula.php?dipt=827,https://sitl.diputados.gob.mx/LXVI_leg/fotos_lxviconfondo/511_foto_chica.jpg,https://sitl.diputados.gob.mx/LXVI_leg/images/pri.webp,static/img/diputados_lxvi_raw/448_827_dominguez_ugarte_paloma.png,static/img/diputados_lxvi_bn/448_827_dominguez_ugarte_paloma.png,
192,Espinoza Eguía Juan Francisco,JUAN FRANCISCO ESPINOZA EGUÍA,Nuevo León,Dtto. 9,Mayoria Relativa,Mayoría Relativa,Nuevo León,9,B-030,PRI,francisco.espinoza@diputados.gob.mx,José Miguel Medellín Amaya,False,https://sitl.diputados.gob.mx/LXVI_leg/curricula.php?dipt=192,https://sitl.diputados.gob.mx/LXVI_leg/fotos_lxviconfondo/384_foto_chica.jpg,https://sitl.diputados.gob.mx/LXVI_leg/images/pri.webp,static/img/diputados_lxvi_raw/449_192_espinoza_eguia_juan_francisco.png,static/img/diputados_lxvi_bn/449_192_espinoza_eguia_juan_francisco.png,
193,González González Ana Isabel,ANA ISABEL GONZÁLEZ GONZÁLEZ,Nuevo León,Dtto. 10,Mayoria Relativa,Mayoría Relativa,Nuevo León,10,B-032,PRI,ana.gonzalez@diputados.gob.mx,Karla Cecilia Navarro Bahena,False,https://sitl.diputados.gob.mx/LXVI_leg/curricula.php?dipt=193,https://sitl.diputados.gob.mx/LXVI_leg/fotos_lxviconfondo/500_foto_chica.jpg,https://sitl.diputados.gob.mx/LXVI_leg/images/pri.webp,static/img/diputados_lxvi_raw/450_193_gonzalez_gonzalez_ana_isabel.png,static/img/diputados_lxvi_bn/450_193_gonzalez_gonzalez_ana_isabel.png,
365,Guerra Castillo Marcela,MARCELA GUERRA CASTILLO,Nuevo León,Circ. 2,Representacion Proporcional,Representación proporcional,,,E-133,PRI,marcela.guerra@diputados.gob.mx,Bris Anahy González Rivera,False,https://sitl.diputados.gob.mx/LXVI_leg/curricula.php?dipt=365,https://sitl.diputados.gob.mx/LXVI_leg/fotos_lxviconfondo/337_foto_chica.jpg,https://sitl.diputados.gob.mx/LXVI_leg/images/pri.webp,static/img/diputados_lxvi_raw/451_365_guerra_castillo_marcela.png,static/img/diputados_lxvi_bn/451_365_guerra_castillo_marcela.png,
369,Guerrero Esquivel Fuensanta Guadalupe,FUENSANTA GUADALUPE GUERRERO ESQUIVEL,Zacatecas,Circ. 2,Representacion Proporcional,Representación proporcional,,,E-135,PRI,fuensanta.guerrero@diputados.gob.mx,Carolina Dávila Ramírez,False,https://sitl.diputados.gob.mx/LXVI_leg/curricula.php?dipt=369,https://sitl.diputados.gob.mx/LXVI_leg/fotos_lxviconfondo/369_foto_chica.jpg,https://sitl.diputados.gob.mx/LXVI_leg/images/pri.webp,static/img/diputados_lxvi_raw/452_369_guerrero_esquivel_fuensanta_guadalupe.png,static/img/diputados_lxvi_bn/452_369_guerrero_esquivel_fuensanta_guadalupe.png,
487,Gutiérrez Arroyo Hugo Eduardo,HUGO EDUARDO GUTIÉRREZ ARROYO,México,Circ. 5,Representacion Proporcional,Representación proporcional,,,E-134,PRI,hugo.gutierrez@diputados.gob.mx,José Alberto Aguilar Iñárritu,False,https://sitl.diputados.gob.mx/LXVI_leg/curricula.php?dipt=487,https://sitl.diputados.gob.mx/LXVI_leg/fotos_lxviconfondo/351_foto_chica.jpg,https://sitl.diputados.gob.mx/LXVI_leg/images/pri.webp,static/img/diputados_lxvi_raw/453_487_gutierrez_arroyo_hugo_eduardo.png,static/img/diputados_lxvi_bn/453_487_gutierrez_arroyo_hugo_eduardo.png,
449,Gutiérrez Mancilla Carlos Eduardo,CARLOS EDUARDO GUTIÉRREZ MANCILLA,Ciudad de México,Circ. 4,Representacion Proporcional,Representación proporcional,,,D-091,PRI,carlos.gutierrez@diputados.gob.mx,Israel Chaparro Medina,False,https://sitl.diputados.gob.mx/LXVI_leg/curricula.php?dipt=449,https://sitl.diputados.gob.mx/LXVI_leg/fotos_lxviconfondo/383_foto_chica.jpg,https://sitl.diputados.gob.mx/LXVI_leg/images/pri.webp,static/img/diputados_lxvi_raw/454_449_gutierrez_mancilla_carlos_eduardo.png,static/img/diputados_lxvi_bn/454_449_gutierrez_mancilla_carlos_eduardo.png,
476,Jasso Nieto Ofelia Socorro,OFELIA SOCORRO JASSO NIETO,Ciudad de México,Circ. 5,Representacion Proporcional,Representación proporcional,,,F-171,PRI,ofelia.jasso@diputados.gob.mx,Jazmín Jaimes Albarrán,False,https://sitl.diputados.gob.mx/LXVI_leg/curricula.php?dipt=476,https://sitl.diputados.gob.mx/LXVI_leg/fotos_lxviconfondo/365_foto_chica.jpg,https://sitl.diputados.gob.mx/LXVI_leg/images/pri.webp,static/img/diputados_lxvi_raw/455_476_jasso_nieto_ofelia_socorro.png,static/img/diputados_lxvi_bn/455_476_jasso_nieto_ofelia_socorro.png,
408,Lara Calderón Emilio,EMILIO LARA CALDERÓN,Campeche,Circ. 3,Representacion Proporcional,Representación proporcional,,,A-008,PRI,emilio.lara@diputados.gob.mx,Pedro José Flota Alcocer,False,https://sitl.diputados.gob.mx/LXVI_leg/curricula.php?dipt=408,https://sitl.diputados.gob.mx/LXVI_leg/fotos_lxviconfondo/356_foto_chica.jpg,https://sitl.diputados.gob.mx/LXVI_leg/images/pri.webp,static/img/diputados_lxvi_raw/456_408_lara_calderon_emilio.png,static/img/diputados_lxvi_bn/456_408_lara_calderon_emilio.png,
367,Martínez García Verónica,VERÓNICA MARTÍNEZ GARCÍA,Coahuila,Circ. 2,Representacion Proporcional,Representación proporcional,,,C-059,PRI,veronica.martinez@diputados.gob.mx,Luvianka Guadalupe Partida Chávez,False,https://sitl.diputados.gob.mx/LXVI_leg/curricula.php?dipt=367,https://sitl.diputados.gob.mx/LXVI_leg/fotos_lxviconfondo/373_foto_chica.jpg,https://sitl.diputados.gob.mx/LXVI_leg/images/pri.webp,static/img/diputados_lxvi_raw/457_367_martinez_garcia_veronica.png,static/img/diputados_lxvi_bn/457_367_martinez_garcia_veronica.png,
34,Meléndez Ortega Juan Antonio,JUAN ANTONIO MELÉNDEZ ORTEGA,Chihuahua,Dtto. 5,Mayoria Relativa,Mayoría Relativa,Chihuahua,5,C-061,PRI,juan.melendez@diputados.gob.mx,Salvador Alcántar Ortega,False,https://sitl.diputados.gob.mx/LXVI_leg/curricula.php?dipt=34,https://sitl.diputados.gob.mx/LXVI_leg/fotos_lxviconfondo/421_foto_chica.jpg,https://sitl.diputados.gob.mx/LXVI_leg/images/pri.webp,static/img/diputados_lxvi_raw/458_34_melendez_ortega_juan_antonio.png,static/img/diputados_lxvi_bn/458_34_melendez_ortega_juan_antonio.png,
364,Moreira Valdez Rubén Ignacio,RUBÉN IGNACIO MOREIRA VALDEZ,Coahuila,Circ. 2,Representacion Proporcional,Representación proporcional,,,E-132,PRI,ruben.moreira@diputados.gob.mx,David Aguillón Rosales,False,https://sitl.diputados.gob.mx/LXVI_leg/curricula.php?dipt=364,https://sitl.diputados.gob.mx/LXVI_leg/fotos_lxviconfondo/380_foto_chica.jpg,https://sitl.diputados.gob.mx/LXVI_leg/images/pri.webp,static/img/diputados_lxvi_raw/459_364_moreira_valdez_ruben_ignacio.png,static/img/diputados_lxvi_bn/459_364_moreira_valdez_ruben_ignacio.png,
828,Moreno de Haro Juan,JUAN MORENO DE HARO,Durango,Circ. 1,Representacion Proporcional,Representación proporcional,,,F-177,PRI,juan.deharo@diputados.gob.mx,,False,https://sitl.diputados.gob.mx/LXVI_leg/curricula.php?dipt=828,https://sitl.diputados.gob.mx/LXVI_leg/fotos_lxviconfondo/358_foto_chica.jpg,https://sitl.diputados.gob.mx/LXVI_leg/images/pri.webp,static/img/diputados_lxvi_raw/460_828_moreno_de_haro_juan.png,static/img/diputados_lxvi_bn/460_828_moreno_de_haro_juan.png,
448,Navarro Acevedo Nadia,NADIA NAVARRO ACEVEDO,Puebla,Circ. 4,Representacion Proporcional,Representación proporcional,,,C-058,PRI,nadia.navarro@diputados.gob.mx,Jacquelin Camacho Gómez,False,https://sitl.diputados.gob.mx/LXVI_leg/curricula.php?dipt=448,https://sitl.diputados.gob.mx/LXVI_leg/fotos_lxviconfondo/385_foto_chica.jpg,https://sitl.diputados.gob.mx/LXVI_leg/images/pri.webp,static/img/diputados_lxvi_raw/461_448_navarro_acevedo_nadia.png,static/img/diputados_lxvi_bn/461_448_navarro_acevedo_nadia.png,
325,Ortiz González Graciela,GRACIELA ORTIZ GONZÁLEZ,Chihuahua,Circ. 1,Representacion Proporcional,Representación proporcional,,,D-095,PRI,graciela.gonzalez@diputados.gob.mx,Ivon Salazar Morales,False,https://sitl.diputados.gob.mx/LXVI_leg/curricula.php?dipt=325,https://sitl.diputados.gob.mx/LXVI_leg/fotos_lxviconfondo/367_foto_chica.jpg,https://sitl.diputados.gob.mx/LXVI_leg/images/pri.webp,static/img/diputados_lxvi_raw/462_325_ortiz_gonzalez_graciela.png,static/img/diputados_lxvi_bn/462_325_ortiz_gonzalez_graciela.png,
485,Palma César Víctor Samuel,VÍCTOR SAMUEL PALMA CÉSAR,Morelos,Circ. 5,Representacion Proporcional,Representación proporcional,,,F-172,PRI,victor.palma@diputados.gob.mx,Pedro Alberto Salazar Muciño,False,https://sitl.diputados.gob.mx/LXVI_leg/curricula.php?dipt=485,https://sitl.diputados.gob.mx/LXVI_leg/fotos_lxviconfondo/336_foto_chica.jpg,https://sitl.diputados.gob.mx/LXVI_leg/images/pri.webp,static/img/diputados_lxvi_raw/463_485_palma_cesar_victor_samuel.png,static/img/diputados_lxvi_bn/463_485_palma_cesar_victor_samuel.png,
405,Piñón Rivera Lorena,LORENA PIÑÓN RIVERA,Veracruz,Circ. 3,Representacion Proporcional,Representación proporcional,,,F-174,PRI,lorena.pinon@diputados.gob.mx,Jaqueline Hinojosa Madrigal,False,https://sitl.diputados.gob.mx/LXVI_leg/curricula.php?dipt=405,https://sitl.diputados.gob.mx/LXVI_leg/fotos_lxviconfondo/361_foto_chica.jpg,https://sitl.diputados.gob.mx/LXVI_leg/images/pri.webp,static/img/diputados_lxvi_raw/464_405_pinon_rivera_lorena.png,static/img/diputados_lxvi_bn/464_405_pinon_rivera_lorena.png,
407,Rejón Lara Ariana del Rocio,ARIANA DEL ROCIO REJÓN LARA,Campeche,Circ. 3,Representacion Proporcional,Representación proporcional,,,A-009,PRI,ariana.rejon@diputados.gob.mx,Jocelyn Joyce Mac Naught Sánchez,False,https://sitl.diputados.gob.mx/LXVI_leg/curricula.php?dipt=407,https://sitl.diputados.gob.mx/LXVI_leg/fotos_lxviconfondo/362_foto_chica.jpg,https://sitl.diputados.gob.mx/LXVI_leg/images/pri.webp,static/img/diputados_lxvi_raw/465_407_rejon_lara_ariana_del_rocio.png,static/img/diputados_lxvi_bn/465_407_rejon_lara_ariana_del_rocio.png,
490,Ruíz Moreno Laura Ivonne,LAURA IVONNE RUÍZ MORENO,México,Circ. 5,Representacion Proporcional,Representación proporcional,,,F-175,PRI,laura.ruiz@diputados.gob.mx,Angelina Carreño Mijares,False,https://sitl.diputados.gob.mx/LXVI_leg/curricula.php?dipt=490,https://sitl.diputados.gob.mx/LXVI_leg/fotos_lxviconfondo/360_foto_chica.jpg,https://sitl.diputados.gob.mx/LXVI_leg/images/pri.webp,static/img/diputados_lxvi_raw/466_490_ruiz_moreno_laura_ivonne.png,static/img/diputados_lxvi_bn/466_490_ruiz_moreno_laura_ivonne.png,
75,Sánchez Sánchez Luis Gerardo,LUIS GERARDO SÁNCHEZ SÁNCHEZ,Guanajuato,Dtto. 1,Mayoria Relativa,Mayoría Relativa,Guanajuato,1,B-033,PRI,luisgerardo.sanchez@diputados.gob.mx,Monserrat Banda Arteaga,False,https://sitl.diputados.gob.mx/LXVI_leg/curricula.php?dipt=75,https://sitl.diputados.gob.mx/LXVI_leg/fotos_lxviconfondo/370_foto_chica.jpg,https://sitl.diputados.gob.mx/LXVI_leg/images/pri.webp,static/img/diputados_lxvi_raw/467_75_sanchez_sanchez_luis_gerardo.png,static/img/diputados_lxvi_bn/467_75_sanchez_sanchez_luis_gerardo.png,
50,Sandoval Hernández Mónica Elizabeth,MÓNICA ELIZABETH SANDOVAL HERNÁNDEZ,Ciudad de México,Dtto. 12,Mayoria Relativa,Mayoría Relativa,Ciudad de México,12,M-460,PRI,monica.sandoval@diputados.gob.mx,Miriam Bahena Cortés,False,https://sitl.diputados.gob.mx/LXVI_leg/curricula.php?dipt=50,https://sitl.diputados.gob.mx/LXVI_leg/fotos_lxviconfondo/387_foto_chica.jpg,https://sitl.diputados.gob.mx/LXVI_leg/images/pri.webp,static/img/diputados_lxvi_raw/468_50_sandoval_hernandez_monica_elizabeth.png,static/img/diputados_lxvi_bn/468_50_sandoval_hernandez_monica_elizabeth.png,
489,Suárez Licona Emilio,EMILIO SUÁREZ LICONA,Ciudad de México,Circ. 5,Representacion Proporcional,Representación proporcional,,,D-092,PRI,emilio.suarez@diputados.gob.mx,Antonio Ivan Rojas Navarrete,False,https://sitl.diputados.gob.mx/LXVI_leg/curricula.php?dipt=489,https://sitl.diputados.gob.mx/LXVI_leg/fotos_lxviconfondo/355_foto_chica.jpg,https://sitl.diputados.gob.mx/LXVI_leg/images/pri.webp,static/img/diputados_lxvi_raw/469_489_suarez_licona_emilio.png,static/img/diputados_lxvi_bn/469_489_suarez_licona_emilio.png,
324,Yañez Cuellar Arturo,ARTURO YAÑEZ CUELLAR,Durango,Circ. 1,Representacion Proporcional,Representación proporcional,,,E-129,PRI,arturo.yanez@diputados.gob.mx,Enrique Díaz López,False,https://sitl.diputados.gob.mx/LXVI_leg/curricula.php?dipt=324,https://sitl.diputados.gob.mx/LXVI_leg/fotos_lxviconfondo/357_foto_chica.jpg,https://sitl.diputados.gob.mx/LXVI_leg/images/pri.webp,static/img/diputados_lxvi_raw/470_324_yanez_cuellar_arturo.png,static/img/diputados_lxvi_bn/470_324_yanez_cuellar_arturo.png,
326,Zamora Gastélum Mario,MARIO ZAMORA GASTÉLUM,Sinaloa,Circ. 1,Representacion Proporcional,Representación proporcional,,,D-096,PRI,mario.zamora@diputados.gob.mx,Víctor Manuel Anastasio Galicia Ávila,False,https://sitl.diputados.gob.mx/LXVI_leg/curricula.php?dipt=326,https://sitl.diputados.gob.mx/LXVI_leg/fotos_lxviconfondo/363_foto_chica.jpg,https://sitl.diputados.gob.mx/LXVI_leg/images/pri.webp,static/img/diputados_lxvi_raw/471_326_zamora_gastelum_mario.png,static/img/diputados_lxvi_bn/471_326_zamora_gastelum_mario.png,
497,Ballesteros Mancilla Laura Irais,LAURA IRAIS BALLESTEROS MANCILLA,Querétaro,Circ. 5,Representacion Proporcional,Representación proporcional,,,K-379,MC,laura.ballesteros@diputados.gob.mx,Martha Guadalupe Ducoing Sánchez,False,https://sitl.diputados.gob.mx/LXVI_leg/curricula.php?dipt=497,https://sitl.diputados.gob.mx/LXVI_leg/fotos_lxviconfondo/401_foto_chica.jpg,https://sitl.diputados.gob.mx/LXVI_leg/images/mc.webp,static/img/diputados_lxvi_raw/472_497_ballesteros_mancilla_laura_irais.png,static/img/diputados_lxvi_bn/472_497_ballesteros_mancilla_laura_irais.png,
337,De Hoyos Walther Gustavo Adolfo,GUSTAVO ADOLFO DE HOYOS WALTHER,Baja California,Circ. 1,Representacion Proporcional,Representación proporcional,,,K-378,MC,gustavo.dehoyos@diputados.gob.mx,Manuel Jesús Herrera Vega,False,https://sitl.diputados.gob.mx/LXVI_leg/curricula.php?dipt=337,https://sitl.diputados.gob.mx/LXVI_leg/fotos_lxviconfondo/488_foto_chica.jpg,https://sitl.diputados.gob.mx/LXVI_leg/images/mc.webp,static/img/diputados_lxvi_raw/473_337_de_hoyos_walther_gustavo_adolfo.png,static/img/diputados_lxvi_bn/473_337_de_hoyos_walther_gustavo_adolfo.png,
419,Farias Bailon Francisco Javier,FRANCISCO JAVIER FARIAS BAILON,Campeche,Circ. 3,Representacion Proporcional,Representación proporcional,,,K-376,MC,francisco.farias@diputados.gob.mx,Tanya Atzimba Ku González,False,https://sitl.diputados.gob.mx/LXVI_leg/curricula.php?dipt=419,https://sitl.diputados.gob.mx/LXVI_leg/fotos_lxviconfondo/397_foto_chica.jpg,https://sitl.diputados.gob.mx/LXVI_leg/images/mc.webp,static/img/diputados_lxvi_raw/474_419_farias_bailon_francisco_javier.png,static/img/diputados_lxvi_bn/474_419_farias_bailon_francisco_javier.png,
338,Flores Elizondo Patricia,PATRICIA FLORES ELIZONDO,Durango,Circ. 1,Representacion Proporcional,Representación proporcional,,,K-382,MC,patricia.flores@diputados.gob.mx,María Martha Palencia Núñez,False,https://sitl.diputados.gob.mx/LXVI_leg/curricula.php?dipt=338,https://sitl.diputados.gob.mx/LXVI_leg/fotos_lxviconfondo/398_foto_chica.jpg,https://sitl.diputados.gob.mx/LXVI_leg/images/mc.webp,static/img/diputados_lxvi_raw/475_338_flores_elizondo_patricia.png,static/img/diputados_lxvi_bn/475_338_flores_elizondo_patricia.png,
879,Gaona Domínguez Eduardo,EDUARDO GAONA DOMÍNGUEZ,Nuevo León,Circ. 2,Representacion Proporcional,Representación proporcional,,,L-427,MC,eduardo.gaona@diputados.gob.mx,,False,https://sitl.diputados.gob.mx/LXVI_leg/curricula.php?dipt=879,https://sitl.diputados.gob.mx/LXVI_leg/fotos_lxviconfondo/538_foto_chica.jpg,https://sitl.diputados.gob.mx/LXVI_leg/images/mc.webp,static/img/diputados_lxvi_raw/476_879_gaona_dominguez_eduardo.png,static/img/diputados_lxvi_bn/476_879_gaona_dominguez_eduardo.png,
420,García León María de Fátima,MARÍA DE FÁTIMA GARCÍA LEÓN,Oaxaca,Circ. 3,Representacion Proporcional,Representación proporcional,,,M-467,MC,mariadefatima.garcia@diputados.gob.mx,Angela Cortés Balbuena,False,https://sitl.diputados.gob.mx/LXVI_leg/curricula.php?dipt=420,https://sitl.diputados.gob.mx/LXVI_leg/fotos_lxviconfondo/395_foto_chica.jpg,https://sitl.diputados.gob.mx/LXVI_leg/images/mc.webp,static/img/diputados_lxvi_raw/477_420_garcia_leon_maria_de_fatima.png,static/img/diputados_lxvi_bn/477_420_garcia_leon_maria_de_fatima.png,
417,Gil Rullán Sergio,SERGIO GIL RULLÁN,Veracruz,Circ. 3,Representacion Proporcional,Representación proporcional,,,M-463,MC,sergio.gil@diputados.gob.mx,Rodrigo Ferrer Galván Acosta,False,https://sitl.diputados.gob.mx/LXVI_leg/curricula.php?dipt=417,https://sitl.diputados.gob.mx/LXVI_leg/fotos_lxviconfondo/393_foto_chica.jpg,https://sitl.diputados.gob.mx/LXVI_leg/images/mc.webp,static/img/diputados_lxvi_raw/478_417_gil_rullan_sergio.png,static/img/diputados_lxvi_bn/478_417_gil_rullan_sergio.png,
106,Gómez Villalobos Tecutli José Guadalupe,TECUTLI JOSÉ GUADALUPE GÓMEZ VILLALOBOS,Jalisco,Dtto. 2,Mayoria Relativa,Mayoría Relativa,Jalisco,2,L-426,MC,tecutli.gomez@diputados.gob.mx,Vicente García Campos,False,https://sitl.diputados.gob.mx/LXVI_leg/curricula.php?dipt=106,https://sitl.diputados.gob.mx/LXVI_leg/fotos_lxviconfondo/408_foto_chica.jpg,https://sitl.diputados.gob.mx/LXVI_leg/images/mc.webp,static/img/diputados_lxvi_raw/479_106_gomez_villalobos_tecutli_jose_guadalupe.png,static/img/diputados_lxvi_bn/479_106_gomez_villalobos_tecutli_jose_guadalupe.png,
459,González Franco Amancay,AMANCAY GONZÁLEZ FRANCO,Puebla,Circ. 4,Representacion Proporcional,Representación proporcional,,,L-419,MC,amancay.gonzalez@diputados.gob.mx,Sofía Castro Guerrero,False,https://sitl.diputados.gob.mx/LXVI_leg/curricula.php?dipt=459,https://sitl.diputados.gob.mx/LXVI_leg/fotos_lxviconfondo/414_foto_chica.jpg,https://sitl.diputados.gob.mx/LXVI_leg/images/mc.webp,static/img/diputados_lxvi_raw/480_459_gonzalez_franco_amancay.png,static/img/diputados_lxvi_bn/480_459_gonzalez_franco_amancay.png,
499,Hernández García Laura,LAURA HERNÁNDEZ GARCÍA,México,Circ. 5,Representacion Proporcional,Representación proporcional,,,M-466,MC,laura.hernandez@diputados.gob.mx,Alexa Fernanda Cervantes Villegas,False,https://sitl.diputados.gob.mx/LXVI_leg/curricula.php?dipt=499,https://sitl.diputados.gob.mx/LXVI_leg/fotos_lxviconfondo/406_foto_chica.jpg,https://sitl.diputados.gob.mx/LXVI_leg/images/mc.webp,static/img/diputados_lxvi_raw/481_499_hernandez_garcia_laura.png,static/img/diputados_lxvi_bn/481_499_hernandez_garcia_laura.png,
445,Jiménez Zamora Mariana Guadalupe,MARIANA GUADALUPE JIMÉNEZ ZAMORA,Tlaxcala,Circ. 4,Representacion Proporcional,Representación proporcional,,,L-422,MC,mariana.jimenez@diputados.gob.mx,Noemi Jasmin Rivera Lobato,False,https://sitl.diputados.gob.mx/LXVI_leg/curricula.php?dipt=445,https://sitl.diputados.gob.mx/LXVI_leg/fotos_lxviconfondo/306_foto_chica.jpg,https://sitl.diputados.gob.mx/LXVI_leg/images/mc.webp,static/img/diputados_lxvi_raw/482_445_jimenez_zamora_mariana_guadalupe.png,static/img/diputados_lxvi_bn/482_445_jimenez_zamora_mariana_guadalupe.png,
378,Longoria López Paola Michell,PAOLA MICHELL LONGORIA LÓPEZ,Nuevo León,Circ. 2,Representacion Proporcional,Representación proporcional,,,M-468,MC,paola.longoria@diputados.gob.mx,Marianela Villasuso Villanueva,False,https://sitl.diputados.gob.mx/LXVI_leg/curricula.php?dipt=378,https://sitl.diputados.gob.mx/LXVI_leg/fotos_lxviconfondo/499_foto_chica.jpg,https://sitl.diputados.gob.mx/LXVI_leg/images/mc.webp,static/img/diputados_lxvi_raw/483_378_longoria_lopez_paola_michell.png,static/img/diputados_lxvi_bn/483_378_longoria_lopez_paola_michell.png,
339,Lozoya Santillán Jorge Alfredo,JORGE ALFREDO LOZOYA SANTILLÁN,Chihuahua,Circ. 1,Representacion Proporcional,Representación proporcional,,,M-462,MC,jorge.lozoya@diputados.gob.mx,Bryan Carl Le Baron Jones,False,https://sitl.diputados.gob.mx/LXVI_leg/curricula.php?dipt=339,https://sitl.diputados.gob.mx/LXVI_leg/fotos_lxviconfondo/399_foto_chica.jpg,https://sitl.diputados.gob.mx/LXVI_leg/images/mc.webp,static/img/diputados_lxvi_raw/484_339_lozoya_santillan_jorge_alfredo.png,static/img/diputados_lxvi_bn/484_339_lozoya_santillan_jorge_alfredo.png,
335,Luna Vázquez Hugo Manuel,HUGO MANUEL LUNA VÁZQUEZ,Jalisco,Circ. 1,Representacion Proporcional,Representación proporcional,,,L-429,MC,hugo.luna@diputados.gob.mx,Rodrigo Ramos Enríquez,False,https://sitl.diputados.gob.mx/LXVI_leg/curricula.php?dipt=335,https://sitl.diputados.gob.mx/LXVI_leg/fotos_lxviconfondo/409_foto_chica.jpg,https://sitl.diputados.gob.mx/LXVI_leg/images/mc.webp,static/img/diputados_lxvi_raw/485_335_luna_vazquez_hugo_manuel.png,static/img/diputados_lxvi_bn/485_335_luna_vazquez_hugo_manuel.png,
334,Mercado Castro Patricia,PATRICIA MERCADO CASTRO,Sonora,Circ. 1,Representacion Proporcional,Representación proporcional,,,M-465,MC,patricia.mercado@diputados.gob.mx,Rebeca Gutiérrez Villalobos,False,https://sitl.diputados.gob.mx/LXVI_leg/curricula.php?dipt=334,https://sitl.diputados.gob.mx/LXVI_leg/fotos_lxviconfondo/394_foto_chica.jpg,https://sitl.diputados.gob.mx/LXVI_leg/images/mc.webp,static/img/diputados_lxvi_raw/486_334_mercado_castro_patricia.png,static/img/diputados_lxvi_bn/486_334_mercado_castro_patricia.png,
380,Muñoz Moreno Anayeli,ANAYELI MUÑOZ MORENO,Aguascalientes,Circ. 2,Representacion Proporcional,Representación proporcional,,,M-469,MC,anayeli.munoz@diputados.gob.mx,Samantha Salas Solís,False,https://sitl.diputados.gob.mx/LXVI_leg/curricula.php?dipt=380,https://sitl.diputados.gob.mx/LXVI_leg/fotos_lxviconfondo/412_foto_chica.jpg,https://sitl.diputados.gob.mx/LXVI_leg/images/mc.webp,static/img/diputados_lxvi_raw/487_380_munoz_moreno_anayeli.png,static/img/diputados_lxvi_bn/487_380_munoz_moreno_anayeli.png,
340,Núñez Sánchez Gloria Elizabeth,GLORIA ELIZABETH NÚÑEZ SÁNCHEZ,Nayarit,Circ. 1,Representacion Proporcional,Representación proporcional,,,K-380,MC,gloria.nunez@diputados.gob.mx,Nancy Nelly Frías Moreno,False,https://sitl.diputados.gob.mx/LXVI_leg/curricula.php?dipt=340,https://sitl.diputados.gob.mx/LXVI_leg/fotos_lxviconfondo/497_foto_chica.jpg,https://sitl.diputados.gob.mx/LXVI_leg/images/mc.webp,static/img/diputados_lxvi_raw/488_340_nunez_sanchez_gloria_elizabeth.png,static/img/diputados_lxvi_bn/488_340_nunez_sanchez_gloria_elizabeth.png,
418,Ortega Pacheco Ivonne Aracelly,IVONNE ARACELLY ORTEGA PACHECO,Yucatán,Circ. 3,Representacion Proporcional,Representación proporcional,,,L-425,MC,ivonne.ortega@diputados.gob.mx,Martha Leticia Gongora Sánchez,False,https://sitl.diputados.gob.mx/LXVI_leg/curricula.php?dipt=418,https://sitl.diputados.gob.mx/LXVI_leg/fotos_lxviconfondo/404_foto_chica.jpg,https://sitl.diputados.gob.mx/LXVI_leg/images/mc.webp,static/img/diputados_lxvi_raw/489_418_ortega_pacheco_ivonne_aracelly.png,static/img/diputados_lxvi_bn/489_418_ortega_pacheco_ivonne_aracelly.png,
496,Pérez Gabino Gildardo,GILDARDO PÉREZ GABINO,México,Circ. 5,Representacion Proporcional,Representación proporcional,,,M-461,MC,gildardo.perez@diputados.gob.mx,Margarito Arias Benítez,False,https://sitl.diputados.gob.mx/LXVI_leg/curricula.php?dipt=496,https://sitl.diputados.gob.mx/LXVI_leg/fotos_lxviconfondo/417_foto_chica.jpg,https://sitl.diputados.gob.mx/LXVI_leg/images/mc.webp,static/img/diputados_lxvi_raw/490_496_perez_gabino_gildardo.png,static/img/diputados_lxvi_bn/490_496_perez_gabino_gildardo.png,
460,Ramírez Reyes Gibrán,GIBRÁN RAMÍREZ REYES,Ciudad de México,Circ. 4,Representacion Proporcional,Representación proporcional,,,K-377,MC,gibran.ramirez@diputados.gob.mx,Enrique Martínez Vives,False,https://sitl.diputados.gob.mx/LXVI_leg/curricula.php?dipt=460,https://sitl.diputados.gob.mx/LXVI_leg/fotos_lxviconfondo/400_foto_chica.jpg,https://sitl.diputados.gob.mx/LXVI_leg/images/mc.webp,static/img/diputados_lxvi_raw/491_460_ramirez_reyes_gibran.png,static/img/diputados_lxvi_bn/491_460_ramirez_reyes_gibran.png,
376,Reyes De la Torre Irais Virginia,IRAIS VIRGINIA REYES DE LA TORRE,Nuevo León,Circ. 2,Representacion Proporcional,Representación proporcional,,,L-424,MC,irais.reyes@diputados.gob.mx,Luz Camila Guerra Acevedo,False,https://sitl.diputados.gob.mx/LXVI_leg/curricula.php?dipt=376,https://sitl.diputados.gob.mx/LXVI_leg/fotos_lxviconfondo/407_foto_chica.jpg,https://sitl.diputados.gob.mx/LXVI_leg/images/mc.webp,static/img/diputados_lxvi_raw/492_376_reyes_de_la_torre_irais_virginia.png,static/img/diputados_lxvi_bn/492_376_reyes_de_la_torre_irais_virginia.png,
500,Ruiz Hernández Juan Armando,JUAN ARMANDO RUIZ HERNÁNDEZ,México,Circ. 5,Representacion Proporcional,Representación proporcional,,,M-470,MC,juan.ruiz@diputados.gob.mx,Brenda Anayeli Lara Hernández,False,https://sitl.diputados.gob.mx/LXVI_leg/curricula.php?dipt=500,https://sitl.diputados.gob.mx/LXVI_leg/fotos_lxviconfondo/403_foto_chica.jpg,https://sitl.diputados.gob.mx/LXVI_leg/images/mc.webp,static/img/diputados_lxvi_raw/493_500_ruiz_hernandez_juan_armando.png,static/img/diputados_lxvi_bn/493_500_ruiz_hernandez_juan_armando.png,
457,Ruiz Massieu Salinas Claudia,CLAUDIA RUIZ MASSIEU SALINAS,Ciudad de México,Circ. 4,Representacion Proporcional,Representación proporcional,,,M-464,MC,claudia.ruizmassieu@diputados.gob.mx,Vania Roxana Ávila García,False,https://sitl.diputados.gob.mx/LXVI_leg/curricula.php?dipt=457,https://sitl.diputados.gob.mx/LXVI_leg/fotos_lxviconfondo/415_foto_chica.jpg,https://sitl.diputados.gob.mx/LXVI_leg/images/mc.webp,static/img/diputados_lxvi_raw/494_457_ruiz_massieu_salinas_claudia.png,static/img/diputados_lxvi_bn/494_457_ruiz_massieu_salinas_claudia.png,
336,Salas Rodríguez Claudia Gabriela,CLAUDIA GABRIELA SALAS RODRÍGUEZ,Jalisco,Circ. 1,Representacion Proporcional,Representación proporcional,,,L-428,MC,claudia.salas@diputados.gob.mx,Ana Irlanda Flores Aguilar,False,https://sitl.diputados.gob.mx/LXVI_leg/curricula.php?dipt=336,https://sitl.diputados.gob.mx/LXVI_leg/fotos_lxviconfondo/402_foto_chica.jpg,https://sitl.diputados.gob.mx/LXVI_leg/images/mc.webp,static/img/diputados_lxvi_raw/495_336_salas_rodriguez_claudia_gabriela.png,static/img/diputados_lxvi_bn/495_336_salas_rodriguez_claudia_gabriela.png,
377,Sánchez Rivera Miguel Ángel,MIGUEL ÁNGEL SÁNCHEZ RIVERA,Nuevo León,Circ. 2,Representacion Proporcional,Representación proporcional,,,L-421,MC,miguelangel.sanchez@diputados.gob.mx,Horacio Jonatan Tijerina Hernández,False,https://sitl.diputados.gob.mx/LXVI_leg/curricula.php?dipt=377,https://sitl.diputados.gob.mx/LXVI_leg/fotos_lxviconfondo/413_foto_chica.jpg,https://sitl.diputados.gob.mx/LXVI_leg/images/mc.webp,static/img/diputados_lxvi_raw/496_377_sanchez_rivera_miguel_angel.png,static/img/diputados_lxvi_bn/496_377_sanchez_rivera_miguel_angel.png,
316,Vázquez Ahued Pablo,PABLO VÁZQUEZ AHUED,Jalisco,Circ. 1,Representacion Proporcional,Representación proporcional,,,L-423,MC,pablo.vazquez@diputados.gob.mx,José Manuel Morales García,False,https://sitl.diputados.gob.mx/LXVI_leg/curricula.php?dipt=316,https://sitl.diputados.gob.mx/LXVI_leg/fotos_lxviconfondo/411_foto_chica.jpg,https://sitl.diputados.gob.mx/LXVI_leg/images/mc.webp,static/img/diputados_lxvi_raw/497_316_vazquez_ahued_pablo.png,static/img/diputados_lxvi_bn/497_316_vazquez_ahued_pablo.png,
998,Vidales Vargas Ochoa Alfonso Armando,ALFONSO ARMANDO VIDALES VARGAS OCHOA,México,Circ. 5,Representacion Proporcional,Representación proporcional,,,L-420,MC,alfonso.vargas@diputados.gob.mx,,False,https://sitl.diputados.gob.mx/LXVI_leg/curricula.php?dipt=998,https://sitl.diputados.gob.mx/LXVI_leg/fotos_lxviconfondo/552_foto_chica.jpg,https://sitl.diputados.gob.mx/LXVI_leg/images/mc.webp,static/img/diputados_lxvi_raw/498_998_vidales_vargas_ochoa_alfonso_armando.png,static/img/diputados_lxvi_bn/498_998_vidales_vargas_ochoa_alfonso_armando.png,
458,Zavala Gutiérrez Juan Ignacio,JUAN IGNACIO ZAVALA GUTIÉRREZ,Ciudad de México,Circ. 4,Representacion Proporcional,Representación proporcional,,,K-381,MC,juan.zavala@diputados.gob.mx,Alejandro Daniel Pérez Corzo,False,https://sitl.diputados.gob.mx/LXVI_leg/curricula.php?dipt=458,https://sitl.diputados.gob.mx/LXVI_leg/fotos_lxviconfondo/405_foto_chica.jpg,https://sitl.diputados.gob.mx/LXVI_leg/images/mc.webp,static/img/diputados_lxvi_raw/499_458_zavala_gutierrez_juan_ignacio.png,static/img/diputados_lxvi_bn/499_458_zavala_gutierrez_juan_ignacio.png,
173,Mendoza Arias Guadalupe Araceli,GUADALUPE ARACELI MENDOZA ARIAS,Michoacán,Dtto. 9,Mayoria Relativa,Mayoría Relativa,Michoacán,9,M-459,PVEM,araceli.mendoza@diputados.gob.mx,Ana Laura Medina Soto,False,https://sitl.diputados.gob.mx/LXVI_leg/curricula.php?dipt=173,https://sitl.diputados.gob.mx/LXVI_leg/fotos_lxviconfondo/392_foto_chica.jpg,,static/img/diputados_lxvi_raw/500_173_mendoza_arias_guadalupe_araceli.png,static/img/diputados_lxvi_bn/500_173_mendoza_arias_guadalupe_araceli.png,
