expediente,categoria,numero,fragmento
SUP-RAP-385/2023,rp,1,"confirma , en lo que fue materia de impugnación, el A cuerdo INE/CG 645/2023 del Consejo General del Instituto Nacional Electoral , mediante el cual se determinó el mecanismo para la aplicación de la fórmula de asignación de las diputaciones y las senadurías por el principio de representación proporcional en el Congreso de la Unión, en el marco del proceso electoral federal 2023-2024. Lo anterior, porqu e : 1) Contrario a lo que sostuvo el PAN, la autoridad sí previó un mecanismo con el fin de evitar la implementación de estrategias que distorsionen el sistema de representación,"
SUP-RAP-385/2023,rp,2,"ESTUDIO DE FONDO 9. CONCLUSIÓN 10. PUNTOS RESOLUTIVOS 11. ANEXO 1. SÍNTESIS DEL ACUERDO INE/CG645/2023 GLOSARIO Acuerdo: Acuerdo INE/CG645/2023 , por el que se determina el mecanismo para la aplicación de la fórmula de asignación de las curules y los escaños por el principio de representación proporcional en el Congreso de la Unión, que correspondan a los partidos políticos nacionales , con base en los resultados que obtengan en la jornada electoral a celebrarse el dos de junio de dos mil veinticuatro Constitución general o CPEUM : Constitución Política de los Estados Unidos Mexi"
SUP-RAP-385/2023,rp,3,Procedimientos Electorales Ley de Medios: Ley General de l Sistema de Medios de Impugnación en Materia Electoral Ley de Partidos o LGPP : Ley General de Partidos Políticos MR: Mayoría relativa PAN: Partido Acción Nacional PES: Partido Encuentro Social PT: Partido del Trabajo RP: Representación proporcional Sala Superior: Sala Superior del Tribunal Electoral del Poder Judicial de la Federación SCJN o Suprema Corte: Suprema Corte de Justicia de la Nación Tribunal Electoral: Tribunal Electoral del Poder Judicial de la Federación 1. ASPECTOS GENERALES (1) El Consejo General del INE em
SUP-RAP-385/2023,rp,4,"erificación de los límites de sobrerrepresentación en la integración de la Cámara de Diputaciones del Congreso de la Unión ; y , por otro lado, el PT impugna la medida que aprobó el INE para garantizar la paridad de género , específicamente, e n la asignación de diputaciones por representación proporcional . (28) A continuación, se estudiarán los planteamientos de la parte actora en ese orden . [11] 8.2. V erificación de los límites de sobrerrepresentación en la integración de la Cámara de Diputaciones del Congreso de la Unión 8.2.1. Agravios del PAN (29) El partido recurrente ale"
SUP-RAP-385/2023,rp,5,"rídica distinta a las fuerzas que la conforman . [26] Es e entendimiento es importante, dada la composición del sistema de representación previsto en la Constitución general y la legislación respectiva. (46) Tal y como se explicó previamente, ambos sistemas de mayoría relativa y representación proporcional se c onjugan en un modelo único de sufragio. Es decir, un voto tiene doble efecto , pues a la vez que manifiesta su respaldo por una candidatura de MR para que gane el distrito respectivo, también se traduce en un apoyo a favor del partido político contendiente para la distribuc"
SUP-OP-4/2023,fiscalizacion,1,"os Públicos Locales Electorales [11] 33 párrafo 1; 47; 55, párrafo 1, inciso ñ); 56, párrafo 1, incisos h) , m) y ñ) ; 57; 58; 59; 61; 62; 71; 72; 99 párrafo s 3 y 4 ; 121; 456; 465; 468; 469; 470; 471; 472; 474 y 474 bis de la LGIPE. S í 2 Aspectos vinculados con las labores de fiscalización del INE Decreto en su totalidad, así como los artículos 49, párrafo 2; 62, párrafo 4; 229, párrafos 3 y 4 y 456, párrafo 1, inciso c), fracción III, e inciso d), fracciones III, IV y V de la LGIPE , y 8, párrafo 2 ; 11 ; 23, párrafo 1, inciso d) ; 59, párrafo 2 y 60, párrafo 2 d"
SUP-OP-4/2023,fiscalizacion,2,"ejada una afectación en las funciones del INE, en particular la de l registro de candidaturas, pues ahora la administración del sistema atinente le corresponderá a la Dirección Ejecutiva de Partidos Políticos, cuando en la práctica esa función le pertenece a la Unidad Técnica de Fiscalización ; f) De forma análoga, los OPLE también resienten una restructuración y disminución de plazas , pues el artículo 99 párrafos 3 y 4 de la LGIPE prevén que contarán con una estructura que comprenda, por una parte, la organización, capacitación electoral y educación cívica, y por o"
SUP-OP-4/2023,propaganda,1,"so a) de la LGPP. S í 7 Padrón electoral de la ciudadanía mexicana residente en el extranjero 135 párrafo 1 ; 331 párrafos 3 inciso a) y 4; 333, párrafo 1 y 371 de la LGIPE . Parcialmente 8 Violaciones al artículo 105 de la CPEUM Decreto en su totalidad. S í 9 Restricciones a la propaganda gubernamental 209, párrafo 1 de la LGIPE. S í 10 Registro y acreditación de partidos políticos nacionales en ámbito local 52, párrafo 1 de la LGPP . S í 11 Vicios en el procedimiento legislativo Decreto en su totalidad, así como los artículos 11 y 11 Bis de la LGIPE No 12 Divisi"
SUP-JDC-296/2024,rp,1,"cción Nacional Tribunal local: Tribunal Electoral del Estado de Tamaulipas 1. ASPECTOS GENERALES (1) Un a persona militante del PAN promovió un juicio de inconformidad en contra de la invitación para la designación de las candidaturas a diputaciones federales por el principio de representación proporcional en las posiciones 1 a 3 de las cinco circunscripciones electorales plurinominales que postulará el PAN en el proceso electoral federal 2023-2024. (2) No obstante, ante la falta de respuesta de la Comisión de Justicia, así como la presunta omisión de dar trámite y admitir su juic"
SUP-JDC-296/2024,rp,2,"ciudadanía. 2. ANTECEDENTES (4) Medio de impugnación partidista. El veintisiete de enero [2] , la parte actora presentó un recurso ante la Comisión de Justicia, solicitando la nulidad de la invitación para designar a las candidaturas a diputaciones federales por el principio de representación proporcional, en las posiciones 1 a 3 de las cinco circunscripciones, que postulará y registrará el PAN en el proceso electoral federal 2023-2024. (5) Medio de impugnación local. El once de febrero, la parte actora presentó un medio de impugnación ante el Tribunal local en contra de la omisi"
SUP-JDC-296/2024,rp,3,"024) . El seis de marzo , la Sala Superior determinó: 1) asum ir competencia para conocer el medio de impugnación promovido por la parte actora ante el Tribunal local , ya que advirtió que la controversia se relaciona con la elección de diputaciones federales por el principio de representación proporcional ; y 2) ordenar el cambio de vía a juicio de la ciudadanía. (9) Juicio de la ciudadanía. Derivado de lo anterior, se ordenó registrar e integrar el expediente SUP-JDC- 296 /2024 . 3. TRÁMITE (10) Turno. Aprobada la integración del expediente del juicio de la ciudadanía, se ordenó"
SUP-JDC-296/2024,rp,4,"te asunto, ya que se trata de un juicio de la ciudadanía promovido en contra de una presunta omisión atribuida a un órgano nacional de un partido político nacional ; además , el planteamiento de fondo está relacionado con la elección de diputaciones federales por el principio de representación proporcional . [3] 5 . IM PROCEDENCIA (13) El juicio de la ciudadanía es improcedente , porque existe un cambio de situación jurídica que dejó sin materia el asunto, ya que el órgano partidista responsable ha resuelto el recurso intraparti dista que promovió la parte actora. (14) Enseguida,"
SUP-JDC-296/2024,rp,5,"pugnado es sólo el conducto para llegar a esa situación. 5.2 . Caso concreto (20) El veintisiete de enero, u na persona militante del PAN pro movió un recurso intrapartidario en contra de la invitación para designar a las candidaturas a diputaciones federales por el principio de representación proporcional, en las posiciones 1 a 3 de las cinco circunscripciones, que postulará y registrará ese partido en el proceso electoral federal 2023-2024. (21) Posteriormente , el once de febrero, la parte actora presentó un medio de impugnación ante el Tribunal local para denunciar la presunta"
SUP-JDC-414/2024,rp,1,"que participarían en la insaculación de candidaturas, en las que afirma aparece para participar mediante las acciones afirmativas de juventud [6] e indígena [7] . 4. Proceso de insaculación . El veintiuno de febrero, se llevó a cabo la insaculación de candidaturas en la lista de representación proporcional para el Senado de la República y para la Cámara de Diputaciones. Al respecto, la persona promovente aduce que durante el procedimiento fue eliminada su participación. 5. Publicación de listas. El veintidós de febrero siguiente se publicaron los resultados del proceso de insacula"
SUP-JDC-414/2024,rp,2,"competente para conocer y resolver el medio de impugnación identificado al rubro, ya que se trata de un juicio de la ciudadanía promovido para controvertir la resolución partidista dictada en relación con la selección de candidaturas a diputaciones federales por el principio de representación proporcional [9] . SEGUNDA. Requisitos de procedencia . El juicio de la ciudadanía satisface los requisitos en cuestión [10] , de conformidad con lo siguiente: 2.1. Oportunidad. El juicio de la ciudadanía se promovió dentro del plazo legal de cuatro días, de acuerdo con lo siguiente. La reso"
SUP-JDC-414/2024,rp,3,"eclame. En el caso, la parte actora refiere que se transgrede su derecho de acceso a la justicia al negársele el interés jurídico para controvertir las decisiones de Morena en el procedimiento de selección de candidaturas a diputaciones federales y senadurías por el principio de representación proporcional. Con base en lo anterior, es evidente que la actora tiene interés jurídico para presentar el juicio de la ciudadanía que se resuelve. 2.4. Definitividad. Esta Sala Superior no advierte algún otro medio de impugnación que deba agotarse antes de acudir a esta instancia, con lo cua"
SUP-JDC-414/2024,rp,4,"or satisfecho el requisito. TERCER A . Caso concreto. 3.1. Contexto de la controversia . La parte actora promovió dos juicio s de la ciudadanía per saltum en contra de la emisión de las listas publicadas por Morena que cont ienen las “Fórmulas preseleccionadas para las listas de representación proporcional para el Congreso de la Unión”. Al resolver los expedientes SUP-JDC-25 4 /2024 y acumulado, esta Sala Superior determinó que los medios de impugnación eran improcedentes al no haberse agotado el principio de definitividad , por lo que reencauzó las demandas a la Comisión Nacional"
SUP-JDC-414/2024,rp,5,"ido de acumular las quejas y declarar su improcedencia , al estimar que la parte promovente no cuenta con interés para controvertir las referidas listas , porque no demostr ó que participó en el proceso de selección de candidaturas para diputaciones federales por el principio de representación proporcional. 3.2. Consideraciones del órgano responsable. En el acuerdo impugnado, el órgano responsable consideró actualizado el supuesto previsto en el artículo 22, inciso a), del Reglamento [11] , el cual señala q ue cualquier recurso de queja se declarará improcedente cuando la o el que"
SUP-JDC-559/2024,rp,1,"Morena Sala Superior: Sala Superior del Tribunal Electoral del Poder Judicial de la Federación 1. ASPECTOS GENERALES (1) El presente asunto tiene su origen en el medio de impugnación presentado por la actora en su calidad de aspirante a una diputación federal por el principio de representación proporcional, en contra de las l istas de representación proporcional para el Congreso de la Unión determinadas por la Comisión Nacional de Elecciones de Morena, publicadas en la página oficial de Morena. (2) Dicha impugnación se presentó junto con la solicitud de que fuera conocida directam"
SUP-JDC-559/2024,rp,2,"l del Poder Judicial de la Federación 1. ASPECTOS GENERALES (1) El presente asunto tiene su origen en el medio de impugnación presentado por la actora en su calidad de aspirante a una diputación federal por el principio de representación proporcional, en contra de las l istas de representación proporcional para el Congreso de la Unión determinadas por la Comisión Nacional de Elecciones de Morena, publicadas en la página oficial de Morena. (2) Dicha impugnación se presentó junto con la solicitud de que fuera conocida directamente por esta Sala Superior . En atención a lo anterior,"
SUP-JDC-559/2024,rp,3,"ndidaturas a Diputaciones federales en el proceso electoral federal 2023-2024. (5) 2.2. Registro y proceso. La parte actora señala que oportunamente se registró ante la Comisión Nacional de Elecciones como aspirante a ocupar una candidatura a diputada federal por el principio de representación proporcional, en específico, de la C uarta C ircunscripción . Asimismo, señala que se registró para el proceso de insaculación para diputaciones por el principio de representación proporcional por discapacidad, al tener una parálisis cerebral infantil a nivel motriz. (6) 2.3 Lista de candida"
SUP-JDC-559/2024,rp,4,"cional de Elecciones como aspirante a ocupar una candidatura a diputada federal por el principio de representación proporcional, en específico, de la C uarta C ircunscripción . Asimismo, señala que se registró para el proceso de insaculación para diputaciones por el principio de representación proporcional por discapacidad, al tener una parálisis cerebral infantil a nivel motriz. (6) 2.3 Lista de candidaturas. Según la parte actora, las l istas de representación proporcional para el Congreso de la Unión determinadas por la Comisión Nacional de Elecciones de Morena se aprobaron en"
SUP-JDC-559/2024,rp,5,"ón . Asimismo, señala que se registró para el proceso de insaculación para diputaciones por el principio de representación proporcional por discapacidad, al tener una parálisis cerebral infantil a nivel motriz. (6) 2.3 Lista de candidaturas. Según la parte actora, las l istas de representación proporcional para el Congreso de la Unión determinadas por la Comisión Nacional de Elecciones de Morena se aprobaron en la asamblea celebrada el veinte de febrero [2] y se publicaron en la página oficial de Morena. (7) 2.4 Primer juicio de la ciudadanía (SUP-JDC-275/2024) . El veintitrés de"
SUP-JDC-606/2024,rp,1,"que participarían en la insaculación de candidaturas, en las que afirma aparece para participar mediante las acciones afirmativas de juventud [5] e indígena [6] . 4. Proceso de insaculación . El veintiuno de febrero, se llevó a cabo la insaculación de candidaturas en la lista de representación proporcional para el Senado de la República y para la Cámara de Diputaciones. Al respecto, la persona promovente aduce que durante el procedimiento fue eliminada su participación. 5. Publicación de listas. El veintidós de febrero siguiente se publicaron los resultados del proceso de insacula"
SUP-JDC-606/2024,rp,2,"ue, de ser el caso, aport ara en esa instancia el documento idóneo para acreditar su interés jurídico; y, requirie ra a la Comisión Nacional de Elecciones para corroborar su inscripción en el procedimiento de selección de candidaturas a diputaciones federales por el principio de representación proporcional, lo cual deb ía realizar en un plazo no mayor a veinticuatro horas a partir de que se le notifi cara la ejecutoria, fijando un plazo breve para su cumplimiento. Asimismo, una vez d esahogados el requerimiento y la prevención, o transcurrido el plazo para ello, la CNHJ deber ía e"
SUP-JDC-606/2024,rp,3,"es competente para conocer y resolver el medio de impugnación identificado al rubro, ya que se trata de un juicio de la ciudadanía promovido para controvertir un acuerdo partidista dictad o en relación con la selección de candidaturas a diputaciones federales por el principio de representación proporcional [8] . SEGUNDA. Acumulación. Por conexidad de la causa, economía procesal y para evitar el dictado de sentencias contradictorias, se acumula el juicio de la ciudadanía SUP-JDC- 607 /2024 al diverso SUP-JDC- 606 /2024 , al ser éste el primero que se recibió en esta Sala Superior,"
SUP-JDC-606/2024,rp,4,"ser el caso, aporte en esa instancia el documento idóneo para acreditar su interés jurídico; y, formule requerimiento a la Comisión Nacional de Elecciones para corroborar su inscripción en el procedimiento de selección de candidaturas a diputaciones federales por el principio de representación proporcional, lo cual deberá realizar en un plazo no mayor a veinticuatro horas a partir de que se le notifique la presente ejecutoria, fijando un plazo breve para su cumplimiento. III. Desahogados el requerimiento y la prevención, o transcurrido el plazo para ello, la CNHJ deberá emitir la"
SUP-JDC-606/2024,rp,5,"do controvertido en cumplimiento a lo mandatado por este órgano jurisdic c ional , en que le requirió a la parte promovente para que, dentr o del plazo máximo de cuarenta y ocho horas, exhiba el acuse de su registro a la candidatura para la diputación federal por el principio de representación proporcional a la que aspira . Asimismo, requirió a la Comisión Nacional de Elecciones de Morena para que informe lo correspondiente respecto a la existencia o no del registro de la parte promovente para el referido cargo de elección popular. Así , si bien la parte actora se inconforma con l"
SUP-JDC-798/2024,rp,1,"Nacional de Honestidad y Justicia de Morena, [1] la cual declaró ineficaces los agravios formulados en el recurso de queja promovido por Luis Morales Flores, en contra de los resultados del proceso de insaculación de las candidaturas a diputaciones federales por el principio de representación proporcional. ANTECEDENTES 1. Proceso electoral federal. El siete de septiembre de dos mil veintitrés, inició el proceso electoral federal 2023-2024, por el que se renovará a las personas integrantes de ambas Cámaras del Congreso de la Unión, así como la titularidad de la Presidencia de la R"
SUP-JDC-798/2024,rp,2,"ión de Morena para candidaturas a diputaciones federales en el proceso electoral federal 2023-2024. 3. Registro y proceso. La parte actora se registró ante la Comisión Nacional de Elecciones de Morena como aspirante a ocupar una candidatura a diputado federal por el principio de representación proporcional . Además, del proceso de insaculación resultó en la posición B de la lista de prelación de militantes, correspondiente a la cuarta circunscripción, posición que, asegura, no fue respetada en la lista final de preseleccionados que publicó el partido político. 4. Lista final de pr"
SUP-JDC-798/2024,rp,3,", no fue respetada en la lista final de preseleccionados que publicó el partido político. 4. Lista final de preseleccionados. El veintidós de febrero, [2] se publicó en la página oficial de Morena el listado de candidaturas definitivas al Congreso de la Unión por el principio de Representación Proporcional para el Proceso Electoral Federal 2023-2024 . [3] La parte actora aparece como suplente, en la posición número doce de la lista de la cuarta circunscripción. 5. Juicio de la ciudadanía SUP-JDC-257/2024. El veinticinco de febrero, la parte actora en su calidad de militante de Mor"
SUP-JDC-798/2024,rp,4,". El cuatro de abril, la Comisión de Justicia declaró improcedente, por no contar con interés jurídico, el recurso de queja promovido por Luis Morales Flores, en contra de los resultados del proceso de insaculación de las candidaturas a diputaciones federales por el principio de representación proporcional. [5] 7. Juicio de la ciudadanía SUP-JDC-548/2024. El diez de abril, la parte actora controvirtió la referida resolución partidista, mediante la presentación ante esta Sala Superior de un juicio para la protección de los derechos político-electorales de la ciudadanía. Al respecto"
SUP-JDC-798/2024,rp,5,"a impugnada) . El quince de mayo, la Comisión de Justicia declaró ineficaces los agravios formulados en el recurso de queja promovido por Luis Morales Flores, en contra de los resultados del proceso de insaculación de las candidaturas a diputaciones federales por el principio de representación proporcional . Lo anterior, porque la lista que la parte actora controvirtió se trata de un acto no conclusivo, ya que cuestionó la lista de preseleccionados para los cargos de diputaciones federales por el principio de representación proporcional y no la lista de candidaturas definitivas ,"
SUP-JDC-858/2024,rp,1,"lver el medio de impugnación por el que se controvierte la resolución CNHJ-GTO-257/2024 , en atención a que la materia de la controversia involucra aspectos relacionados con el proceso de selección interna de candidaturas a diputaciones federales y senadurías por el principio de representación proporcional. VI I I . R e cepción, re gistro y turno . E n la fecha antes indicada, se recibió mediante notificación electrónica el acuerdo de competencia antes señalado, En la misma fecha, l a M agistrada P residenta de la Sala Superior ordenó que la demanda se registrara con la clave de e"
SUP-JDC-858/2024,rp,2,"relacionados con el proceso de selección interna de candidaturas de diputaciones federales y senadurías , de manera general, lo que involucra las que corresponden al principio de mayoría relativa ( cuya competencia recae en las Salas Regionales ) , así como las del principio de representación proporcional ( cuya competencia recae en forma exclusiva en la Sala Superior ) . En el caso, resulta aplicable la Jurisprudencia 5/2004, con título: “CONTINENCIA DE LA CAUSA. ES INACEPTABLE DIVIDIRLA PARA SU IMPUGNACIÓN” [5] . SEGUNDA. Improcedencia y desechamiento . Al margen de que en el p"
SUP-AG-182/2024,rp,1,"82 /202 4 PONENTE: MAGISTRADO FELIPE DE LA MATA PIZAÑA [1] Ciudad de México, once de septiembre de do s mil veinti cuatro . Sentencia que desecha el escrito presentad o por Juventino Mejía Labastida , relacionado con la asignación de diputaciones y senadurías por el principio de representación proporcional , porque el acto reclamado se ha consumado de manera irreparable . ÍNDICE GLOSARIO I. ANTECEDENTES II. COMPETENCIA III. IMPROCEDENCIA IV. RESOLUTIVO GLOSARIO CPEUM : Constitución Política de los Estados Unidos Mexicanos . INE: Instituto Nacional Electoral. LGSMIME : Ley General"
SUP-AG-182/2024,rp,2,". 3 . Asignación de diputaciones y senadurías . El veintitrés de agosto, el Consejo General del INE aprobó los a cuerdo s INE/CG2129/2024 y INE/CG21 30 /2024, por el que efectuó el cómputo total, declaró la validez de la elección de diputaciones y senadurías por el principio de representación proporcional y se asign aron los escaños correspondientes a cada instituto político . 4. Confirmación de asignación de escaños . El veintiocho de agosto, la Sala Superior , al resolver distintos medios de impugnación, confirmó la asignación de curules que realizó el Consejo General del INE."
SUP-AG-182/2024,rp,3,"dios de impugnación, confirmó la asignación de curules que realizó el Consejo General del INE. [3] 5 . Escrito . El primero de septiembre , el promovente presentó escrito , a efecto de que le sea asignada a él y otras personas divers as candidaturas o escaños por el principio de representación proporcional para los cargos de diputaciones federales y senadurías . 6 . Trámite. L a presidencia de este órgano jurisdiccional ordenó integrar el expediente SUP- AG - 182 /202 4 y turnarlo a la ponencia del magistrado Felipe de la Mata Pizañ a. II. COMPETENCIA La Sala Superior es competent"
SUP-AG-182/2024,rp,4,"que , con independencia de que se actualice otra causal , el acto se ha consumado de modo irreparable , al haber culminado las etapas de registro de candidaturas , de jornada electoral, de validación de la elección y de asignación de diputaciones y senadurías por el principio de representación proporcional dentro del proceso electoral 2023-2024 , y haberse efectuado la instalación de las cámaras del Congreso de la Unión. 2 . Base normativa La legislación procesal electoral señala que el medio de impugnación será improcedente, entre otros casos, cuando los actos reclamados se hayan"
SUP-AG-182/2024,rp,5,"puesta, solicitaron al INE el registro respectivo. Solicita que esta Sala Superior le s con ceda, en su calidad de indígenas, “las asignaturas solicitadas en los listados adjuntos”, la cual se relaciona, en el caso específico del promovente, con una senaduría por el principio de representación proporcional. c ) Consideraciones de la Sala Superior L a pretensión de la parte promovente , quien se ostenta como indígena, es que le sea asignada una candidatura o escaño relativo a la senaduría por el principio de representación proporcional. Asimismo, solicita que le sean otorgad as otr"
SUP-AG-184/2024,rp,1,"tura de la Cámara de Diputaciones elegida en el proceso electoral federal 2023-2024 . (2) Lo anter i or, p orque considera que la transferencia implic ó una distorsión sobre lo previsto en los convenios de coalición , los resultados electorales y la asignac ión de las curules de representación proporcional , en beneficio de Morena. (3) Previo al estudio del fondo del asunto, e sta Sala Superior debe determinar el escrito presentado por el ciudadano satisface los requisitos de procedencia. 2. ANTECEDENTES (4) Proceso electoral federal. El 7 de septiembre de 2023 [2] inició el proce"
SUP-AG-184/2024,rp,2,"l Congreso de la Unión. (5) Jornada electoral. El 2 de junio de 2024 , se celebró la jornada electoral del proceso electoral federal 2023-2024, en la cual se eligieron, de entre otros cargos, las diputaciones federales del Congreso de la Unión . (6) Asignación de diputaciones de representación proporcional . El 23 de agosto, el Consejo General del INE aprobó el Acuerdo INE/CG2129/2024, por el que efectuó el cómputo total, declaró la validez de la elección de las diputaciones por el principio de representación proporcional y asignó a los partidos políticos nacionales Acción Naciona"
SUP-AG-184/2024,rp,3,"el Congreso de la Unión . (6) Asignación de diputaciones de representación proporcional . El 23 de agosto, el Consejo General del INE aprobó el Acuerdo INE/CG2129/2024, por el que efectuó el cómputo total, declaró la validez de la elección de las diputaciones por el principio de representación proporcional y asignó a los partidos políticos nacionales Acción Nacional, Revolucionario Institucional, del Trabajo, Verde Ecologista de México, Movimiento Ciudadano y M orena , las diputaciones que les corresponden bajo el principio referido para el periodo 2024-2027 . El 28 de agosto sigu"
SUP-AG-184/2024,rp,4,"(26) En esencia, l a persona promovente plantea que tal transferencia vulner a los principios de legalidad, certeza y seguridad jurídica , ya que implicó una distorsión sobre lo previsto en los convenios de coalición, los resultados electorales y la asignación de las curules de representación proporcional, en beneficio de Morena. (27) Sin embargo, esta Sala Superior considera que el ciudadano carece de interés jurídico o legítimo para controvertir la cuestión que planteó, ya que no le causa ning ún perjuicio real, directo e inmediato en su esfera de derechos político-electorales"
SUP-AG-193/2024,constancia_mayoria,1,"se en las constancias de mayoría y validez y de asignación proporcional, en los términos del inciso anterior; … 4. En los términos de los supuestos previstos por esta ley para la conformación de los Grupos Parlamentarios, los partidos políticos cuyos candidatos hayan obtenido su constancia de mayoría y validez o que hubieren recibido constancia de asignación proporcional, comunicarán a la Cámara, por conducto de su Secretario General, a más tardar el 28 de agosto del año de la elección, la integración de su Grupo Parlamentario, con los siguientes elementos: a) La denominació"
SUP-AG-193/2024,rp,1,". Marco jurídico aplicable 5.2. Análisis del caso 6. PUNTO RESOLUTIVO GLOSARIO Acuerdo INE/CG2129/2024 : A cuerdo del Consejo General del Instituto Nacional Electoral por el que se efectúa el cómputo total, se declara la validez de la elección de diputaciones por el principio de representación proporcional y se asignan a los partidos políticos nacionales Acción Nacional , Revolucionario Institucional , del T rabajo, V erde E cologista de M éxico, Movimiento Ciudadano y morena, las diputaciones que les corresponden para el periodo 2024-2027 . Constitución general: Constitución Polí"
SUP-AG-193/2024,rp,2,"versia tiene su origen en el escrito que el promovente presentó ante esta Sala Superior , en el que realiza diversas manifestaciones relacionadas con el proceso electoral federal 2023-2024, específicamente, cuestionando la asignación de diputaciones federales por el principio de representación proporcional. En esencia, considera que dicha asignación es irregular y solicita que este órgano jurisdiccional intervenga para “ restablecer la paz y el orden público ”, así como para que revise y, en su caso, realice una nueva asignación de diputaciones . (2) No obstante, antes de estudiar"
SUP-AG-193/2024,rp,3,"la cual se eligieron, de entre otros cargos, las diputaciones federales . (5) Acuerdo INE/CG2129/2024. El veintitrés de agosto, el Consejo General del INE aprobó el acuerdo por el que efectuó el cómputo total, declaró la validez de la elección de diputaciones por el principio de representación proporcional y asignó las diputaciones correspondientes. (6) Sentencias de Sala Superior . En contra del a cuerdo INE/CG2129/2024 , los partidos políticos y candidatura s inconformes, así como diversas personas ciudadanas, presentaron múltiples demandas , las cuales fueron registradas bajo l"
SUP-AG-193/2024,rp,4,"ación, así como de interés jurídico o legítimo. (8) Escrito. El cinco de septiembre , se recibió en la Oficialía de Partes de la Sala Superior el escrito del promovente , en el que realiza diversas manifestaciones dirigidas a cuestionar la asignación de diputaciones federales de representación proporcional . 3. TRÁMITE (9) Turno . En su oportunidad , la magistrada presidenta ordenó integrar el expediente, registrarlo con la clave SUP-AG- 193 /2024 y turnarlo a la ponencia del magistrado Reyes Rodríguez Mondragón para su trámite y sustanciación. (10) Radicación. E n su momento, el"
SUP-AG-193/2024,rp,5,"mento, el magistrado instructor radicó el asu nto general en su ponencia . 4. COMPETENCIA (11) Esta Sala Superior es competente para conocer y resolver el presente medio de impugnación, porque el promovente controvierte , esencialmente, la asignación de diputaciones federales de representación proporcional . [2] 5. IMPROCEDENCIA (12) Con independencia de que se actualice alguna otra causa de improcedencia, e sta Sala Superior considera que la impugnación planteada es improcedente y, por tanto, debe desecharse de plano el escrito presentado , debido a que el acto que el promovente"
SUP-RAP-103/2024,rp,1,"l CGINE celebró se sión extraordinaria por la que declaró formalmente el inicio del PEF . (2) Acuerdo INE/CG645/2023. En la misma fecha, el CGINE aprobó el a cuerdo por el que se determina el mecanismo para la aplicación de la fórmula de curúles y los escaños por el principio de representación proporcional [4] en el C ongreso de la U nión, que corresponden a los partidos políticos nacionales con base en los resultados que obtengan en la jornada electoral a celebrarse el dos de junio. (3) Criterios para el registro de candidaturas (INE/CG527/2023) . El ocho de septiembre , el CGINE"
SUP-RAP-342/2024,fiscalizacion,1,"idos Mexicanos, senadurías y diputaciones federales, correspondientes al proceso electoral federal ordinario 2023-2024. RP: Principio de representación proporcional. Sala Superior: Sala Superior del Tribunal Electoral del Poder Judicial de la Federación. SIF: Sistema Integral de Fiscalización. Tribunal Electoral: Tribunal Electoral del Poder Judicial de la Federación. UTF: Unidad Técnica de Fiscalización del INE. I. ANTECEDENTES 1. Resolución impugnad a . El veintidós de julio [4] , el CG del INE aprobó la resolución impugnada, en la que determinó sancionar, entre ot"
SUP-RAP-342/2024,fiscalizacion,2,"2024. RP: Principio de representación proporcional. Sala Superior: Sala Superior del Tribunal Electoral del Poder Judicial de la Federación. SIF: Sistema Integral de Fiscalización. Tribunal Electoral: Tribunal Electoral del Poder Judicial de la Federación. UTF: Unidad Técnica de Fiscalización del INE. I. ANTECEDENTES 1. Resolución impugnad a . El veintidós de julio [4] , el CG del INE aprobó la resolución impugnada, en la que determinó sancionar, entre otros, al recurrente por diversas irregularidades en materia de fiscalización. 2. Recurso de apelación. Inconforme,"
SUP-RAP-342/2024,fiscalizacion,3,"la Federación. UTF: Unidad Técnica de Fiscalización del INE. I. ANTECEDENTES 1. Resolución impugnad a . El veintidós de julio [4] , el CG del INE aprobó la resolución impugnada, en la que determinó sancionar, entre otros, al recurrente por diversas irregularidades en materia de fiscalización. 2. Recurso de apelación. Inconforme, el veintiséis de julio y el dos de agosto, el recurrente presentó demandas de apelación para controvertir la resolución señalada y el engrose respectivo. 3. Turno. Recibidas las constancias, la presidencia de esta Sala Superior ordenó integr"
SUP-RAP-342/2024,fiscalizacion,4,"ó instrucción. II. COMPETENCIA Esta Sala Superior es competente para conocer y resolver los recurso s de apelación, conforme a lo señalado en el acuerdo de acumulación y es cisión, porque se controvierte una resolución del CG del INE relacionada con irregularidades en materia de fiscalización de los ingresos y gastos de campaña vinculadas al cargo de presidencia o de diputaciones y senadurías por el principio de representación proporcional, o bien de tratarse de conclusiones sancionatorias inescindibles para no dividir la continencia de la causa , correspondientes al"
SUP-RAP-342/2024,fiscalizacion,5,"través de su representante ante el CG del INE, calidad que reconoció la responsable al rendir su informe circunstanciado [13] . d. Interés jurídico . El recurrente tiene interés jurídico pues controvierte una resolución que le impone sanciones como sujeto obligado en materia de fiscalización. e. Definitividad . Se tiene por cumplido este requisito, porque no existe ningún medio de defensa que deba agotarse previo a acudir a esta instancia jurisdiccional federal. IV. ESTUDIO DE FONDO Metodología A fin de dotar de claridad a la presente resolución, e n primer lugar, s"
SUP-RAP-342/2024,rp,1,"s irregularidades encontradas en los informes de ingresos y gastos de campaña de las candidaturas a los cargos de presidencia de los Estados Unidos Mexicanos, senadurías y diputaciones federales, correspondientes al proceso electoral federal ordinario 2023-2024. RP: Principio de representación proporcional. Sala Superior: Sala Superior del Tribunal Electoral del Poder Judicial de la Federación. SIF: Sistema Integral de Fiscalización. Tribunal Electoral: Tribunal Electoral del Poder Judicial de la Federación. UTF: Unidad Técnica de Fiscalización del INE. I. ANTECEDENTES 1. Resoluci"
SUP-RAP-342/2024,rp,2,"perior determinó lo siguiente: a) Acumular los recursos debido a la conexidad en la causa. b) Asumir competencia para conocer respecto de 3 7 conclusiones [5] relacionadas con irregularidades vinculadas al cargo de presidencia o de diputa ciones y senad urías por el principio de representación proporcional , o bien de tratarse de conclusiones sancionatorias inescindibles para no dividir la continencia de la causa. c) Remitir a la Sala Regional Monterrey lo relativo a 1 conclusi ón [6] , relacionada con irregularidades vinculadas a la elección de diputaciones de mayoría relativa de"
SUP-RAP-342/2024,rp,3,"do en el acuerdo de acumulación y es cisión, porque se controvierte una resolución del CG del INE relacionada con irregularidades en materia de fiscalización de los ingresos y gastos de campaña vinculadas al cargo de presidencia o de diputaciones y senadurías por el principio de representación proporcional, o bien de tratarse de conclusiones sancionatorias inescindibles para no dividir la continencia de la causa , correspondientes al proceso electoral federal ordinario 2023-2024 [7] . III. PROCEDENCIA La s demanda s cumple n con los requisitos de procedencia conforme a lo siguient"
SUP-RAP-342/2024,propaganda,1,"n. Lo anterior respetando el principio non reformatio in peius . 3. No se tomó en cuenta la adenda aprobada Conclusión 6_C103 BIS_FD a. Planteamiento Conclusión Agravios específicos 6_C103 BIS_FD. El sujeto obligado omitió reportar en el SIF los egresos generados por concepto de propaganda y publicidad localizada en internet de campaña por un monto de $897,709.82 Sanción: $897,656.76 SUP-RAP-342/2024: Menciona que existe elementos que permiten vincular la póliza de 121 elementos publicitarios de los observados, por un monto de $1,812,436.30, tal como se muestra en"
SUP-RAP-342/2024,propaganda,2,"D, 6_C72_FD, 6_C73_FD, 6_C75_FD, 6_C84_FD, 6_C96_FD, 6_C97 BIS_FD, 6_C102_FD, 6_C111-BIS_FD y 6_C125_FD. a. Planteamiento Conclusión Agravios específicos 6_C20Bis_FD. El sujeto obligado omitió presentar la documentación soporte respecto de operaciones contratadas por concepto de propaganda exhibida en páginas de internet, por un monto de $3,937,449.28 Sanción: $47,770.80 Nota: la sanción referida fue por 44 faltas formales, entre ellas, la C20Bis SUP-RAP-342/2024: Refiere que hay 4 elementos que permiten vincular el gasto con la póliza en 4 observaciones, por un t"
SUP-RAP-342/2024,propaganda,3,"donde fue registrado el gasto, el nombre del archivo incorporado oportunamente en el SIF, una explicación y hace referencia a la conclusión 6_C20Bis_FD. 6_C23Bis_FD. El sujeto obligado omitió presentar la documentación soporte respecto de operaciones contratadas por concepto de propaganda exhibida en páginas de internet, por un monto de $117,498.96 Sanción: $47,770.80 Nota: la sanción referida fue por 44 faltas formales, entre ellas, la C20Bis SUP-RAP-342/2024: Los 3 hallazgos valuados en $117,498.96 corresponden a pauta digital, por lo que atendiendo al criterio"
SUP-RAP-342/2024,propaganda,4,"o falta formal y no de fondo. Refiere que ello se muestra en las pólizas del anexo 19_MC_FD, al que le agregaron la columna W, de nombre “OBSERVACIONES”, en la que se da una explicación. 6_C28_FD. El sujeto obligado omitió reportar en el SIF los egresos generados por concepto de propaganda y publicidad colocada en la vía pública de campaña por un monto de $466,832.53 del ámbito federal. Sanción : $466,742.43 SUP-RAP-342/2024: MC indica que los egresos sí fueron reportados en el SIF, y que hay elementos que permiten vincular el gasto con la póliza de 133 elementos"
SUP-RAP-342/2024,propaganda,5,"DE DOCUMENTO” y “OBSERVACIONES”, en las que se identifica el número de póliza en donde se registró el gasto, el nombre del archivo incorporado oportunamente en el SIF y una explicación. 6_C29_FD. El sujeto obligado omitió reportar en el SIF los egresos generados por concepto de propaganda y publicidad localizada en internet de campaña por un monto de $135,683.29 Sanción: $135,603.93 SUP-RAP-342/2024: Hay elementos que permiten vincular el gasto con la póliza de 38 medios publicitarios de 65 observados, por un total de $70,843.53, lo que reduce el monto de lo impa"
SUP-RAP-352/2024,fiscalizacion,1,"as impugnadas no fueron objeto de modificación en el engrose correspondiente . Sin embargo, no asiste la razón a la responsable , pues en términos de la jurisprudencia 1/2022 , de rubro: PLAZO PARA PROMOVER MEDIOS DE IMPUGNACIÓN. CUANDO UNA RESOLUCIÓN SANCIONATORIA EN MATERIA DE FISCALIZACIÓN FUE OBJETO DE MODIFICACIONES, NO OPERA LA NOTIFICACIÓN AUTOMÁTICA , la demanda se debe considerar oportuna, aunque la modificación hecha en el engrose no verse sobre las conclusiones impugnadas. 17. En ese sentido, las dos demandas fueron presentadas dentro del plazo de cuatro d"
SUP-RAP-352/2024,fiscalizacion,2,"ante el Consejo General, calidad que le es reconocida por la autoridad responsable. 20. 4. Interés jurídico. El recurrente tiene interés jurídico para interponer el medio de impugnación, pues controvierte una resolución que le impone sanciones como sujeto obligado en materia de fiscalización de recursos de los partidos políticos. 21. 5. Definitividad . Se tiene por cumplido este requisito, en virtud de que no existe algún otro medio de defensa que el partido apelante deba agotar previo a acudir a esta instancia jurisdiccional federal . VI. CUESTIÓN PREVIA Contexto 2"
SUP-RAP-352/2024,fiscalizacion,3,"os sesenta mil ciento setenta y siete pesos 68/100 M.N.) VIII . PLANTEAMIENTOS DEL CASO 1. Pretensión y causa de pedir 43. La pretensión del partido recurrente es que se revoque la resolución INE/CG1929/2024 del Consejo General del INE , respecto a las infracciones en materia de fiscalización atribuidas al PAN . 44. Su causa de pedir la sustenta en el hecho de que la responsable incurrió en diversas irregularidades e inconsistencias al dictar la resolución impugnada . 2. Controversia por resolver 45. La litis en el presente asunto consiste en determinar si la resoluc"
SUP-RAP-352/2024,fiscalizacion,4,"se impus ieron diversas sanciones al PAN fue emitida conforme a D erecho, o si bien, los planteamientos del apelante resultan fundados y se debe revocar . 3. Metodología 46. En primer lugar , se analizará el concepto de agravio vinculado con las fallas en el Sistema Integral de Fiscalización, pues no lo vincula con alguna conclusión sancionatoria en específico, sino que lo dirige a cuestionar de manera general el procedimiento de fiscalización de todas las elecciones. 47. Enseguida se estudiarán de manera particular las conclusiones impugnadas, prescindiendo del est"
SUP-RAP-352/2024,fiscalizacion,5,"3. Metodología 46. En primer lugar , se analizará el concepto de agravio vinculado con las fallas en el Sistema Integral de Fiscalización, pues no lo vincula con alguna conclusión sancionatoria en específico, sino que lo dirige a cuestionar de manera general el procedimiento de fiscalización de todas las elecciones. 47. Enseguida se estudiarán de manera particular las conclusiones impugnadas, prescindiendo del estudio de aquellas que son competencia de las Salas Regionales y aquellas sobre las que el propio recurrente se desistió. 48. Las conclusiones 1_C11Bis_FD, 1"
SUP-RAP-352/2024,rebase_tope,1,"ta la omisión de reportar los egresos generados por concepto de propaganda y publicidad colocada en internet como se detalla en el Anexo 4_PAN_FD, donde se identifican 3 (consecutivo del anexo 31 al 33), en los que indica que no se reportaron los gastos, por lo que se sumaran al tope de gastos de campaña. 93. No obstante, la evidencia adjunta a la póliza con referencia contable PN1/DR3/29-04-2024 de la contabilidad con ID 9039 y con valor de $0.00 pesos, con la finalidad de complementar la evidencia, ya que la póliza PN1/DR3/29-0 3 -2024 de la misma contabilidad tiene"
SUP-RAP-352/2024,propaganda,1,"onclusión se encuentra relacionada únicamente con el cargo de diputaciones federales, pero al estar involucradas diversas circunscripciones, la competencia corresponde a la Sala Superior. 1_C43_FD El sujeto obligado omitió reportar en el SIF los egresos generados por concepto de propaganda y publicidad colocada en internet por un monto de $9,973.00 del ámbito federal. Diputaciones federales en diversas entidades federativas correspondientes a distintas circunscripciones. La conclusión se encuentra relacionada únicamente con el cargo de diputaciones federales, pero"
SUP-RAP-352/2024,propaganda,2,"ncepto de 1 spot de radio por un monto de $17,400.00 Grave ordinaria 160 (ciento sesenta) UMAS , equivalente a $17,371.20 ( diecisiete mil trescientos setenta y un pesos 20/100 M.N.). 1_C43_ FD FD El sujeto obligado omitió reportar en el SIF los egresos generados por concepto de propaganda y publicidad colocada en internet por un monto de $9,973.00 del ámbito federal. Grave ordinaria 91 (noventa y uno) UMAS , equivalente a $9,879.87 (nueve mil ochocientos setenta y nueve pesos 87/100 M.N.). 1_C62 Bis_FD El sujeto obligado omitió presentar la documentación soporte"
SUP-RAP-352/2024,propaganda,3,"de errores y omisiones y la documentación anexa, tampoco se hace referencia a la póliza que refiere en su concepto de agravio , de ahí que es ineficaz su planteamiento. 2.4. Conclusión 1_C43_FD . El sujeto obligado omitió reportar en el SIF los egresos generados por concepto de propaganda y publicidad colocada en internet por un monto de $9,973.00 del ámbito federal. 2.4. a) Planteamientos del recurrente 92. En el ID 91 del dictamen emitido por la responsable como respuesta al oficio de errores y omisiones, determina en este la falta concreta la omisión de report"
SUP-RAP-352/2024,propaganda,4,"monto de $9,973.00 del ámbito federal. 2.4. a) Planteamientos del recurrente 92. En el ID 91 del dictamen emitido por la responsable como respuesta al oficio de errores y omisiones, determina en este la falta concreta la omisión de reportar los egresos generados por concepto de propaganda y publicidad colocada en internet como se detalla en el Anexo 4_PAN_FD, donde se identifican 3 (consecutivo del anexo 31 al 33), en los que indica que no se reportaron los gastos, por lo que se sumaran al tope de gastos de campaña. 93. No obstante, la evidencia adjunta a la póli"
SUP-RAP-352/2024,propaganda,5,"oficio de errores y omisiones, la autoridad observó lo siguiente: Monitoreo en Internet Segundo periodo de campaña Ámbito Federal y Local 1. Derivado del monitoreo en internet se observaron gastos por la realización de eventos de campaña, así como por la difusión de publicidad y propaganda que omitió reportar en los informes de campaña de las candidaturas beneficiadas a cargos del ámbito federal y local (ambos), como se detalla en el Anexo 3.5.10.A del presente oficio. Se le solicita presentar en el SIF lo siguiente: En caso de que los gastos hayan sido realizados"
SUP-RAP-357/2024,fiscalizacion,1,"PONENTE: FELIPE DE LA MATA PIZAÑA [1] Ciudad de México, cuatro de septiembre de dos mil veinticuatro. Sentencia que con motivo de la demanda del Partido del Trabajo para controvertir diversas resoluciones emitidas por el Consejo General del Instituto Nacional Electoral sobre la fiscalización de la campaña a la Presidencia de la República, diputaciones federales y senadurías por representación proporcional, diversas gubernaturas y aquellas que son inescindibles, correspondientes al proceso electoral concurrente 2023 – 2024; revoca parcialmente la resolución INE/CG195"
SUP-RAP-357/2024,fiscalizacion,2,"el partido reconoce no haber destinado el 50% del financiamiento para doce candidaturas de mujeres para senadoras de mayoría relativa, se advierte que la autoridad correctamente consideró que el porcentaje omitido fue 3.40% siguiendo la metodología establecida por la Comisión de Fiscalización del INE. Tema 4. Falta de certeza en las candidaturas beneficiadas. Decisión . Los planteamientos son inoperantes por novedosos, toda vez que el INE le hizo saber los gastos que se le observaban y le dio la oportunidad para que hiciera las aclaraciones que considerara, sin que e"
SUP-RAP-357/2024,fiscalizacion,3,itución: Constitución Política de los Estados Unidos Mexicanos. Ley de Medios: Ley General del Sistema de Medios de Impugnación en Materia Electoral. Ley de Partidos: Ley General de Partidos Políticos. Ley Orgánica: Ley Orgánica del Poder Judicial de la Federación. Reglamento de Fiscalización. Reglamento de Fiscalización del INE. RP: Principio de representación proporcional. Sala Superior: Sala Superior del Tribunal Electoral del Poder Judicial de la Federación. SIF: Sistema Integral de Fiscalización. Tribunal Electoral: Tribunal Electoral del Poder Judicial de la Fe
SUP-RAP-357/2024,fiscalizacion,4,a de los Estados Unidos Mexicanos. Ley de Medios: Ley General del Sistema de Medios de Impugnación en Materia Electoral. Ley de Partidos: Ley General de Partidos Políticos. Ley Orgánica: Ley Orgánica del Poder Judicial de la Federación. Reglamento de Fiscalización. Reglamento de Fiscalización del INE. RP: Principio de representación proporcional. Sala Superior: Sala Superior del Tribunal Electoral del Poder Judicial de la Federación. SIF: Sistema Integral de Fiscalización. Tribunal Electoral: Tribunal Electoral del Poder Judicial de la Federación. UTF: Unidad Técnica
SUP-RAP-357/2024,fiscalizacion,5,ca: Ley Orgánica del Poder Judicial de la Federación. Reglamento de Fiscalización. Reglamento de Fiscalización del INE. RP: Principio de representación proporcional. Sala Superior: Sala Superior del Tribunal Electoral del Poder Judicial de la Federación. SIF: Sistema Integral de Fiscalización. Tribunal Electoral: Tribunal Electoral del Poder Judicial de la Federación. UTF: Unidad Técnica de Fiscalización del INE. I. ANTECEDENTES 1. Resoluciones del CG del INE. El veintidós de julio de dos mil veinticuatro [2] el CG del INE emitió diversas resoluciones en las que sanc
SUP-RAP-357/2024,rebase_tope,1,"logía descrita en la fracción II, del acuerdo mencionado, para verificar el cumplimiento de la distribución equitativa de recursos de las senadurías de un mismo partido político o coalición, primero se debe obtener un porcentaje de ingresos por financiamiento público respecto al tope de gastos por cada candidatura a partir de considerar la información del SIF consistente en sujeto obligado, entidad, sexo (mujer u hombre), total de ingresos por financiamiento público y el tope de gastos de campaña. Después, se realiza una suma de índice de hombres y de mujeres, a parti"
SUP-RAP-357/2024,rebase_tope,2,"ro se debe obtener un porcentaje de ingresos por financiamiento público respecto al tope de gastos por cada candidatura a partir de considerar la información del SIF consistente en sujeto obligado, entidad, sexo (mujer u hombre), total de ingresos por financiamiento público y el tope de gastos de campaña. Después, se realiza una suma de índice de hombres y de mujeres, a partir de sumar los porcentajes obtenidos conforme al punto anterior. En este caso, la suma de índice de las mujeres fue de 327.11% y el de los hombres fue de 374.88%, y la suma total fue de 701.99%. L"
SUP-RAP-357/2024,rp,1,"Sentencia que con motivo de la demanda del Partido del Trabajo para controvertir diversas resoluciones emitidas por el Consejo General del Instituto Nacional Electoral sobre la fiscalización de la campaña a la Presidencia de la República, diputaciones federales y senadurías por representación proporcional, diversas gubernaturas y aquellas que son inescindibles, correspondientes al proceso electoral concurrente 2023 – 2024; revoca parcialmente la resolución INE/CG1955/2024 en las conclusiones 4_C33_CM y 4_C64_CM , y confirma , en lo que fue materia de impugnación, el resto de reso"
SUP-RAP-357/2024,rp,2,"o Nacional Electoral respecto de las irregularidades encontradas en los dictámenes consolidados de la revisión de los informes de ingresos y gastos de campaña de las candidaturas a los cargos de Presidencia de la República, diputaciones federales y senadurías por el principio de representación proporcional y diversas gubernaturas, correspondientes al proceso electoral concurrente 2023-2024. Apelante, recurrente o PT Partido del Trabajo. CEN: Comité Ejecutivo Nacional. CEP: Comprobantes Electrónicos de Pago. CG del INE o responsable: Consejo General del Instituto Nacional Electoral"
SUP-RAP-357/2024,rp,3,e Medios: Ley General del Sistema de Medios de Impugnación en Materia Electoral. Ley de Partidos: Ley General de Partidos Políticos. Ley Orgánica: Ley Orgánica del Poder Judicial de la Federación. Reglamento de Fiscalización. Reglamento de Fiscalización del INE. RP: Principio de representación proporcional. Sala Superior: Sala Superior del Tribunal Electoral del Poder Judicial de la Federación. SIF: Sistema Integral de Fiscalización. Tribunal Electoral: Tribunal Electoral del Poder Judicial de la Federación. UTF: Unidad Técnica de Fiscalización del INE. I. ANTECEDENTES 1. Resoluci
SUP-RAP-357/2024,propaganda,1,"s impugnadas en las que no se impuso una sanción. 2. Análisis de los agravios Tema 1. No se tomaron en cuenta las fallas en el SIF. Conclusiones controvertidas Conclusión Sanción Federal 4_C42_FD. El sujeto obligado omitió reportar en el SIF los egresos generados por concepto de propaganda y publicidad localizada en internet de campaña por un monto de $1,280,190.31 del ámbito federal. $1,280,190.31 4_C115_FD. El sujeto obligado omitió firmar 3375 comprobantes Electrónicos de Pago (CEP) con estatus de oneroso, por un monto de $512,835.00. $1,099,271.25 Guanajuato 4"
SUP-RAP-357/2024,propaganda,2,"cuenta las fallas técnicas y mal funcionamiento del SIF imputables al INE, lo que ocasionó informara de forma extemporánea la agenda de eventos; no se concluyeran en tiempo y forma los registros de los representantes generales de casilla; no se reportaran a tiempo los gastos por propaganda y no se presentara a tiempo una factura. Para acreditar lo anterior, respecto de las conclusiones 4_C42_FD , 4_C24_GT , 4_C4Bis_CI y 4_C4Ter_CI , el PT refiere que envío al correo oficialía.utf@INE.mx diversos oficios y videos en los que informó de las fallas del sistema, motivo"
SUP-RAP-357/2024,propaganda,3,"igación de firmar los CEP con estatus de oneroso. Además de que no acredita haber activado el Plan de Contingencia de Operación del SIF ya referido. C. Particularidades de las conclusiones impugnadas. a) C onclusión 4_C42_FD. Omisión de reportar egresos generados por concepto de propaganda y publicidad localizada en internet. Planteamiento. El PT refiere que la responsable vulnera los principios de exhaustividad, debida fundamentación y motivación al determinar que omitió reportar gastos por 205 hallazgos por concepto de publicidad realizada y distribuida en inter"
SUP-RAP-357/2024,propaganda,4,"a autoridad fiscalizadora al desahogar el oficio de errores y omisiones. Justificación. Derivado del monitoreo realizado en internet, la responsable requirió al PT que reportara los gastos relacionados con los hallazgos vinculados con eventos de campaña, difusión de publicidad y propaganda detallada en el Anexo 3.5.10 del oficio INE/UTF/DA/13685/2024. Una vez emitida la respuesta del recurrente y analizada por la responsable, ésta consideró que la observación no había quedado atendida por lo que hacía a los hallazgos señalados con (3) en la columna “Referencia Dic"
SUP-RAP-357/2024,propaganda,5,"n destinar un financiamiento paritario para las candidaturas de senadurías de mujeres de mayoría relativa. Tema 4. Falta de certeza en las candidaturas beneficiadas. Conclusión controvertida Conclusión Sanción 4_C88_FD. El sujeto obligado realizó un ingreso/gasto por concepto de propaganda en vía pública y propaganda en internet, que benefició de manera conjunta a la campaña, en el mismo ámbito, a una candidatura postulada por una coalición y a una candidatura postulada por alguno de los partidos que lo integran, por un importe de $9,598,913.38. $9,598,913.38 Plan"
SUP-RAP-413/2024,fiscalizacion,1,ue se precisan en la sentencia . ÍNDICE I. ASPECTOS GENERALES II. ANTECEDENTES III. TRÁMITE I V. COMPETENCIA V. PROCEDENCIA VI. PLANTEAMIENTO DEL CASO Pretensión y causa de pedir Controversia por resolver Metodología VII. ESTUDIO DEL CASO Tema 1. Fallas en el Sistema Integral de Fiscalización a) Decisión b) Agravios c) Análisis del caso Tema 2. Gastos que benefician en el mismo ámbito Contexto de la controversia Apartado 1. Inaplicación de norma reglamentaria Apartado 2. Indebida fundamentación y motivación al individualizar la sanción Apartado 3. Gasto por concepto
SUP-RAP-413/2024,fiscalizacion,2,"ectoral federal ordinario 2023-2024. (2) Derivado de lo anterior, el C onsejo G eneral del INE emitió la resolución que ante esta instancia se impugna y determinó , entre otras cuestiones, imponer diversas multas a Morena , por la comisión de supuestas infracciones en materia de fiscalización. (3) Inconforme, l a parte apelante interp uso el presente recurso. II. ANTECEDENTES (4) De los escritos de demanda y de las constancias que obran en el expediente, se advierte lo siguiente: (5) Dictamen consolidado. En sesión de doce de julio reanudada el catorce de julio sigui"
SUP-RAP-413/2024,fiscalizacion,3,"so. II. ANTECEDENTES (4) De los escritos de demanda y de las constancias que obran en el expediente, se advierte lo siguiente: (5) Dictamen consolidado. En sesión de doce de julio reanudada el catorce de julio siguiente, se aprobó Dictamen consolidado que presentó la Comisión de Fiscalización al C onsejo G eneral del INE respecto de la revisión de los informes de ingresos y gastos de campaña de las candidaturas a los cargos de presidencia de los Estados Unidos Mexicanos, senadurías y diputaciones federales, correspondientes al proceso electoral federal ordinario 2023"
SUP-RAP-413/2024,fiscalizacion,4,"ción reclamad a se emitió el veintidós de julio , mientras que el escrito de demanda se presentó el dos de agosto [6] . (15) Al respecto, en la tesis de jurisprudencia 1/2022 de rubro: “ PLAZO PARA PROMOVER MEDIOS DE IMPUGNACIÓN. CUANDO UNA RESOLUCIÓN SANCIONATORIA EN MATERIA DE FISCALIZACIÓN FUE OBJETO DE MODIFICACIONES, NO OPERA LA NOTIFICACIÓN AUTOMÁTICA” , [7] esta Sala Superior ha sostenido que no opera la notificación automática si se determina que la resolución impugnada de carácter sancionador fue materia de engrose o de cualquier modificación relacionada con"
SUP-RAP-413/2024,fiscalizacion,5,"el plazo para la interposición de un medio de impugnación deberá computarse a partir de la notificación o del momento en que se tenga conocimiento de la resolución modificada. (20) En esa medida, esta Sala Superior sostuvo que el plazo para impugnar una resolución en materia de fiscalización que haya sido objeto de modificaciones posteriores a la sesión de resolución del Consejo General del INE debe empezar a correr, en todos los casos, cuando surta efectos la notificación personal a los partidos políticos . (21) Esto se justificó al considerar que solamente hasta q"
SUP-RAP-413/2024,rebase_tope,1,"nto la observación no quedó atendida.  En consecuencia, procedió a realizar la distribución del gasto en términos del artículo 218 del Reglamento de Fiscalización, de los testigos identificados correspondientes.  Asimismo, los gastos determinados no prorrateados los acumuló al tope de gastos de campaña . (146) Como se advierte de lo anterior, en relación con los hallazgos materia de la conclusión sancionatoria 7_C89_FD , la recurrente se limitó a informar que los mismos se encontraban reportados en el SIF, es decir, reconoció el gasto en cuestión como propio; sin qu"
SUP-RAP-413/2024,rebase_tope,2,"no generados en el SIFIJE. 4. Los CEP firmados con monto $0.00, cuando inicialmente se establecieron como onerosos, salvo que se justifique dicha modificación. (232) De igual forma, del Dictamen se desprende que la autoridad determinó contabilizar los gastos no reportados en el tope de gastos respectivo, lo que evidencia que el trato otorgado fue acorde con la consecuencia señalada en la normatividad. (233) Sin embargo, el partido recurrente yerra al considerar que, en virtud de que la autoridad no sancionó con base en un criterio específicamente señalado en procesos"
SUP-RAP-413/2024,rebase_tope,3,"sancionó con el 100% del monto involucrado, cuando lo cierto es que la autoridad sí conceptualizó a partir del Reglamento de Fiscalización que la infracción se traducía en la existencia de egresos no reportados y, a partir de ello, ordenó la sumatoria respectiva para efectos del tope de gastos. (236) Sin embargo, de la normativa aludida por el partido político, no se desprende la obligación de la autoridad de sancionar la infracción referida a partir de un criterio fijo. En ese sentido, resulta infundado el agravio en cuanto a la supuesta inaplicación de la normativa"
SUP-RAP-413/2024,propaganda,1,"la conducta e individualización de la sanción Tema 5. Omisión de firmar comprobantes electrónicos de pago (CEP) a) Decisión b) Agravios c) Análisis del caso Tema 6. Cédulas de prorrateo Contexto de la controversia Apartado 1. Los hallazgos fueron reportados en el SIF Apartado 2. Propaganda de uso genérico Apartado 3. Propaganda diseñada para beneficio a diversas candidaturas VIII. CONCLUSIÓN Y EFECTOS IX. RESOLUTIVO I. ASPECTOS GENERALES (1) El asunto se origina con la emisión del Dictamen consolidado y la resolución del C onsejo G eneral de INE, respecto de los i"
SUP-RAP-413/2024,propaganda,2,"anción Tema 5. Omisión de firmar comprobantes electrónicos de pago (CEP) a) Decisión b) Agravios c) Análisis del caso Tema 6. Cédulas de prorrateo Contexto de la controversia Apartado 1. Los hallazgos fueron reportados en el SIF Apartado 2. Propaganda de uso genérico Apartado 3. Propaganda diseñada para beneficio a diversas candidaturas VIII. CONCLUSIÓN Y EFECTOS IX. RESOLUTIVO I. ASPECTOS GENERALES (1) El asunto se origina con la emisión del Dictamen consolidado y la resolución del C onsejo G eneral de INE, respecto de los informes de ingresos y gastos de campaña"
SUP-RAP-413/2024,propaganda,3,". VII. ESTUDIO DEL CASO Tema 1. Fallas en el Sistema Integral de Fiscalización (37) Las conclusiones respecto de las cuales plantea el tema de fallas en el SIF son las siguientes: CONCLUSIONES 7_C122_FD. El sujeto obligado realizó la distribución mediante cédulas de prorrateo de propaganda directa por un importe de $39,938,272.43 . 8.2_C42_FD. El sujeto obligado omitió reportar en el SIF los egresos generados por concepto de carteleras, espectaculares, lonas y pintas de bardas por un monto de $5,888,104.94 . 8.2_C51_FD. El sujeto obligado omitió reportar en el SIF"
SUP-RAP-413/2024,propaganda,4,"El sujeto obligado omitió reportar en el SIF los egresos generados por concepto de gastos realizados en publicidad en vía pública por un monto de $1,273,711.68 del ámbito federal. 8.2_C219 BIS_FD. El sujeto obligado omitió reportar en el SIF los egresos generados por concepto de propaganda en la vía pública y por un monto de $3,237,856.69. 8.2_C237_FD. El sujeto obligado omitió reportar en el SIF los egresos generados por concepto de gastos realizados en eventos de campaña por un monto de $2,368,842.60 del ámbito federal. 8.2_C238_FD. El sujeto obligado omitió rep"
SUP-RAP-413/2024,propaganda,5,"entre candidaturas. (40) No obstante, de la revisión del dictamen consolidado impugnado, se advierte que la autoridad fiscalizadora constató en el SIF que las pólizas contienen documentación soporte consistente en muestras fotográficas proporcionadas por el sujeto obligado de la propaganda utilitaria adquirida y que de su revisión advirtió que dicha propaganda beneficia a la entonces candidata a la Presidencia de la República . (41) En ese sentido, la responsable consideró que fue indebido que dichos gastos fuer a n distribuidos mediante cédulas de prorrateo, al c"
SUP-RAP-414/2024,fiscalizacion,1,"y de la Revolución Democrática ( en adelante: PRD ), así como contra David Alejandro Cortés Mendoza, entonces candidato a Diputado Federal por el Distrito 10 en Morelia, Michoacán , denuncian do hechos que podrían constituir infracciones a la normatividad electoral en materia de fiscalización, por la presunta omisión de reportar ingresos o egresos, así como la posible recepción de aportaci ones de ente s prohibido s y la omisión de reportar en tiempo real la supuesta entrega de propaganda utilitaria consistente en bolsas tipo tote bag y playeras a favor del entonces"
SUP-RAP-414/2024,fiscalizacion,2,"denunciado y en consecuencia, su cuantificación al tope de gastos respectivo, lo anterior, en el marco del Proceso Electoral Federal 2023-2024. I I. Acuerdo de admisión del procedimiento de queja ( e xpediente INE/ Q -COF-UTF/ 1036 /2024). El trece de mayo, la Unidad Técnica de Fiscalización ( en adelante: UT F ) acordó tener por recibido el escrito de queja mencionado, form ó el expediente, admiti ó a trámite , lo sustanció, y dio aviso del inicio del procedimiento de queja a la Secretaría del Consejo General, así como a la Presidencia de la Comisión de Fiscalizaci"
SUP-RAP-414/2024,fiscalizacion,3,"scalización ( en adelante: UT F ) acordó tener por recibido el escrito de queja mencionado, form ó el expediente, admiti ó a trámite , lo sustanció, y dio aviso del inicio del procedimiento de queja a la Secretaría del Consejo General, así como a la Presidencia de la Comisión de Fiscalización del I NE , notifica n do a l a s partes denuncia das del inicio del procedimiento y emplaza ndo a los sujetos denunciados. I II . Resolución impugnad a (INE/CG1089/2024) . E n sesión extraordinaria del CGINE celebrada el veintidós de julio , el CGINE emitió resolución INE/CG1089"
SUP-RAP-414/2024,fiscalizacion,4,"UND A . Acumulación. Del análisis de los escritos de demanda se advierte que existe conexidad en la causa, al advertirse identidad en el acto reclamado y autoridad responsable, toda vez que se controvierte la resolución del CGINE respecto del procedimiento de queja en materia de fiscalización, instaurado en contra de la coalición “Fuerza y Corazón por México”, integrada por el PAN , PRI y PRD , así como de David Alejandro Cortés Mendoza, entonces candidato a la Diputación Federal del distrito 10 en Morelia, Michoacán, identificado con el número de expediente INE/Q-CO"
SUP-RAP-414/2024,fiscalizacion,5,"unal Electoral del Poder Judicial de la Federación, con sede en Toluca de Lerdo, estado de México . Lo anterior obedece a que l a resolución controvertid a de l CGINE , entre otras determinaciones, declaró infundada la queja presentada por presuntas irregularidades en materia de fiscalización, se relaciona con l a persona que , al momento de la comisión de los hechos era candidata a la Diputa ción Federal de Mayoría Relativa para el estado de Michoacán , postulad o por la Coalición “Fuerza y Corazón por México”; lo cual implica que se trata de actos que se encuentran"
SUP-RAP-414/2024,rebase_tope,1,"como la posible recepción de aportaci ones de ente s prohibido s y la omisión de reportar en tiempo real la supuesta entrega de propaganda utilitaria consistente en bolsas tipo tote bag y playeras a favor del entonces candidato denunciado y en consecuencia, su cuantificación al tope de gastos respectivo, lo anterior, en el marco del Proceso Electoral Federal 2023-2024. I I. Acuerdo de admisión del procedimiento de queja ( e xpediente INE/ Q -COF-UTF/ 1036 /2024). El trece de mayo, la Unidad Técnica de Fiscalización ( en adelante: UT F ) acordó tener por recibido el e"
SUP-RAP-414/2024,rp,1,"y/o de la elección con la que tenga un vínculo. Respecto al tipo de elección, la Sala Superior es competente para conocer y resolver de los medios de impugnación vinculados con la elección de la Presidencia de la República, diputaciones federales y senadurías por el principio de representación proporcional, gubernaturas y jefatura de Gobierno de la Ciudad de México. Lo anterior, de conformidad con lo previsto en los artículos 83, párrafo I, inciso a), fracción I, y 87, párrafo 1, inciso a), de la LGSMIME; 169, fracción I, incisos d) y e), de la Ley Orgánica del Poder Judicial de l"
SUP-RAP-414/2024,propaganda,1,"ue podrían constituir infracciones a la normatividad electoral en materia de fiscalización, por la presunta omisión de reportar ingresos o egresos, así como la posible recepción de aportaci ones de ente s prohibido s y la omisión de reportar en tiempo real la supuesta entrega de propaganda utilitaria consistente en bolsas tipo tote bag y playeras a favor del entonces candidato denunciado y en consecuencia, su cuantificación al tope de gastos respectivo, lo anterior, en el marco del Proceso Electoral Federal 2023-2024. I I. Acuerdo de admisión del procedimiento de"
SUP-RAP-414/2024,propaganda,2,"ones tanto para la coalición como para el entonces candidato , derivado de l a presunt a omisión de la autoridad responsable de valorar la extemporaneidad del reporte de gastos de campaña de la persona candidata denunciada, así como por la omisión de re portar diversos gastos de propaganda electoral en tiem po real, argumentado que tal acto es ilega l y por tanto debe reproducirse sanciones correspondientes. Como puede advertirse, la materia de controversia en el presente recurso de apelación se circunscribe n actos de fiscalización relacionados con la diputaci ón"
SUP-RAP-415/2024,fiscalizacion,1,"Toluca es el órgano competente para conocer y resolver el recurso de apelación interpuesto por Morena en contra de la resolución INE/CG1 098 /2024 del Consejo General del Instituto Nacional Electoral , respecto del procedimiento administrativo sancionador de queja en materia de fiscalización , instaurado en contra de la coalición “Fuerza y Corazón por México ” integrada por los partidos políticos Acción Nacional, Revolucionario Institucional y de la Revolución Democrática, así como de David Alejandro Cortés Mendoza , entonces candidato a la diputación federal por el"
SUP-RAP-415/2024,fiscalizacion,2,"e la candidatura denunciada. Lo anterior en el marco del proceso electoral federal ordinario 2023-2024. (2) El Consejo General del INE determinó infundado el procedimiento de queja , al advertir que parte de los conceptos denunciados obraban registrados en el Sistema Integral de Fiscalización, mientras que respecto de otros no se tuvo por acreditada su existencia, y por tanto , estableció que no se inobservaron las obligaciones previstas en los artículos 79, numeral 1, inciso b) , fracción I, de la Ley General de Partidos Políticos, así como 127 del Reglamento de Fis"
SUP-RAP-415/2024,fiscalizacion,3,"ión, mientras que respecto de otros no se tuvo por acreditada su existencia, y por tanto , estableció que no se inobservaron las obligaciones previstas en los artículos 79, numeral 1, inciso b) , fracción I, de la Ley General de Partidos Políticos, así como 127 del Reglamento de Fiscalización . (3) Finalmente, por cuanto hace al extremo de denuncia de subvaluación en el valor de registro de concepto de gasto [casa de campaña] , la autoridad señaló que dicho análisis es parte de la revisión ordinaria que se efectúa en el marco del proceso de revisión de informes de ca"
SUP-RAP-415/2024,fiscalizacion,4,"s la autoridad competente para resolver el recurso. 2. ANTECEDENTES (6) Resolución INE/CG1 098 /2024 . E l veintidós de julio de dos mil veinticuatro, [1] el Consejo General del INE aprobó la resolución respecto del procedimiento administrativo sancionador de queja en materia de fiscalización, instaurado en contra de la coalición “Fuerza y Corazón por México ” , así como de su entonces candidato a la diputación federal por el Distrito 10, en Morelia , Michoacán, David Alejandro Cortés Mendoza, en el proceso electoral federal 2023-2024, identificado con el número de e"
SUP-RAP-415/2024,fiscalizacion,5,"so acumulado. 6. DETERMINACIÓN DE LA COMPETENCIA Y REMISIÓN 6.1. Determinación (14) La Sala Regional Toluca es la autoridad jurisdiccional competente para conocer y resolver el recurso de apelación , ya que la controversia se relaciona con un procedimiento de queja en materia de fiscalización, instaurado en contra de la coalición “Fuerza y Corazón por México ”, así como de David Alejandro Cortés Mendoza, entonces candidato a la diputación federal por el Distrito 10 en Morelia , Michoacán; entidad federativa en la cual la Sala Regional indicada ejerce su jurisdicción"
SUP-RAP-415/2024,rp,1,"advierte que, con base en el criterio relacionado con el tipo de elección, la Sala Superior es competente para conocer y resolver los medios de impugnación vinculados con la elección de la P residencia de la R epública, las diputaciones federales y senadurías por el principio de representación proporcional , a sí como de las gubernaturas y la Jefatura de Gobierno de la Ciudad de México . [4] (18) Por otra parte, las S alas R egionales son competentes para conocer y resolver los medios de impugnación vinculados con las elecciones de diputaciones federales y senadurías de mayoría re"
SUP-RAP-415/2024,propaganda,1,"podrían constituir infracciones a la normativa electoral en materia de fiscalización , tales como la omisión de reportar diversos gastos operativos ( vehículos, gasolina y sueldos y salarios de personal eventual, alimentos y viáti cos ) ; así como utilitarios (playeras, camisas, propaganda con la cara del candidato y bolsas) . Asimismo, denunció la presunta subvaluación de l valor de registro de la casa de campaña de la candidatura denunciada . (25) La Unidad Técnica de Fiscalización integró el expediente y, mediante resolución del Consejo General del INE se deter"
SUP-REC-761/2024,constancia_mayoria,1,"r la Sala Toluca en el J uicio ST-JIN-1-2024 y su acumulado , en la cual se confirmó el cómputo de la elección de diputaciones de mayoría relativa en el 07 Distrito Electoral Federal en el Estado de México, con sede en Cuautitlán Izcalli , así como la declaración de validez y la constancia de mayoría correspondientes. Lo anterior , porque la autoridad responsable sí analizó las causales de nulidad planteadas por el PRD ante esa instancia, y el partido no controv i ert e eficazmente las razones de la S ala R egional , o bien, incluye aspectos novedosos que no fueron planteado"
SUP-REC-761/2024,constancia_mayoria,2,"e i) del artículo 75 de la Ley de Medios , además de la causal genérica prevista en el artículo 78 de la misma ley. (2) Sin embargo, la Sala Toluca confirmó los resultados consignados en el acta de cómputo distrital, la declaración de validez y, en consecuencia, la entrega de la constancia de mayoría de la elección de diputaciones al Congreso de la Unión . En esencia, respecto de lo planteado por el PRD , sostuvo que el partido no aportó los elementos necesarios para el análisis de las causales de nulidad evocadas para controvertir los resultados del cómputo distrital y de l"
SUP-REC-761/2024,constancia_mayoria,3,"incuenta y tres VOTOS NULOS 5,433 Cinco mil cuatrocientos treinta y tres VOTACIÓN TOTAL 241,941 Doscientos cuarenta y un mil novecientos cuarenta y uno (7) Al finalizar el cómputo, se declaró la validez de la elección de diputaciones federales de mayoría relativa y se expidió la constancia de mayoría y validez a favor de la fórmula de candidaturas postulada por la coalición “Sigamos Haciendo Historia”. [2] (8) Juicio s de inconformidad ( ST-JIN-1-2024 y ST-JIN-61/2024, acumulado s ) . El 9 y 10 de junio , los partidos Movimiento Ciudadano y PRD promovi eron, respectivamente,"
SUP-REC-761/2024,constancia_mayoria,4,"omovi eron, respectivamente, ju icio s de inconformidad a fin de controvertir el cómputo y la validez de la elección de diputaciones de mayoría relativa en el 07 Distrito. El 5 de julio , la Sala Toluca confirmó el cómputo de la elección , así como la declaración de validez y la constancia de mayoría. Recurso de reconsideración. El 8 de julio, el PRD presentó una demanda de recurso de reconsideración en contra de la sentencia de la Sala Toluca. 3. TRÁMITE (9) Turno . Recibidas [Truncated]"
SUP-REC-763/2024,constancia_mayoria,1,"inominal con sede en Toluca , Estado de México , [2] en el juicio de inconformidad registrado con la clave S T -JIN- 145 /20 2 4 , que a su vez confirmó el cómputo de la elección de diputaciones por el principio mayoría relativa, la declaración de validez y el otorgamiento de la constancia de mayoría y validez, realizados por el 16 C onsejo D istrital [3] del I nstituto N acional E lectoral [4] en el Estado de México , con cabecera en Ecatepec de Morelos . ANTECEDENTES 1. Jornada electoral . El dos de junio se llevó a cabo la jornada electoral , a fin de renovar diversos car"
SUP-REC-763/2024,constancia_mayoria,2,"istradas/os 122 Ciento veintidós Votos nulos 5, 009 Cinco mil nueve Total 195 , 080 Ciento noventa y cinco mil ochenta 3. Declaración de validez y entrega de constancias de mayoría. Una vez concluido el cómputo, el Consejo Distrital declaró la validez de la elección y entregó la constancia de mayoría y validez a la fórmula postulad a por la coalición Sigamos Haciendo Historia , integrada por los partidos políticos Verde Ecologista de México , del Trabajo y Morena , con base en los resultados siguientes: PARTIDOS POLÍTICOS O COALICIONES VOTOS VOTOS (LETRA) Fuerza y Corazón po"
SUP-REC-763/2024,constancia_mayoria,3,"Dieciséis mil setecientos setenta Candidaturas no registradas 122 Ciento veintidós Votos Nulos 5,009 Cinco mil nueve 4. Juicio de inconformidad. El diez posterior , el PRD promovió juicio de inconformidad a fin de impugnar el cómputo, la declaración de validez y la entrega de la constancia de mayoría y validez de la elección referida. Dicho medio de impugnación fue registrado en la Sala Toluca con la clave ST-JIN-1 45 /2024. 5. Sentencia controvertida. El cinco de ju l io, la Sala Toluca dictó sentencia en el sentido de confirmar los resultados consignados en el acta de cómp"
SUP-REC-763/2024,constancia_mayoria,4,"la Sala Toluca con la clave ST-JIN-1 45 /2024. 5. Sentencia controvertida. El cinco de ju l io, la Sala Toluca dictó sentencia en el sentido de confirmar los resultados consignados en el acta de cómputo distrital, la declaración de validez de la elección y el otorgamiento de la constancia de mayoría y validez correspondiente, de la elección a la diputaci ó n federal en el d istrito 16 en el Estado de México. 6. Recurso de reconsideración. El ocho de julio, el PRD interpuso recurso de reconsideración, en contra de la sentencia dictada por la sala responsable. 7. Escrito de t"
SUP-REC-763/2024,constancia_mayoria,5,"a por la Sala Toluca en el juicio de inconformidad identificado con la clave S T -JIN- 1 45 /2024 , en la cual resolvió, entre otras cuestiones, confirmar los resultados consignados en el acta de cómputo distrital, la declaración de validez de la elección y el otorgamiento de la constancia de mayoría y validez correspondiente, de la elección de diputaci ó n federal por el principio de mayoría relativa en el 16 distrito electoral federal, en el E stado de México . En su demanda el recurrente controvierte la determinación de la Sala responsable que declaró infundados e inopera"
SUP-REC-763/2024,nulidad,1,"ror en l a computación de los voto s , derivado de supuestas intermitencias en el sistema de carga de información en los cómputos distritales ; al razonar que el PRD no identificó las casillas que impugnaba por dicha causal . Finalmente, la Sala Regional desestimó la petición de nulidad de la elección relativa a la intervención del gobierno federal en favor de la coalición que obtuvo el triunfo en el distrito , debido a que e l partido no precisó circunstancias de tiempo, modo y lugar respecto de la incidencia del actuar del presidente de la República, en la elección en el di"
SUP-REC-763/2024,nulidad,2,"ctoral (SIJE), las cuales resultaban suficientes para verificar todo tipo de incidentes ocurridos en las mesas directivas de casilla ya que el sistema recoge información de documentos que tienen el carácter de documentales públicas. Aduce también que, al analizar sus reclamos de nulidad de la elección, la sala dejó de analizar y aplicar la figura jurídica de la prueba contextual. Finalmente, sostiene que la Sala omitió considerar que la información recibida en las mesas capturada en el sistema de cómputos distritales presentó diversas inconsistencias como intermitencias const"
SUP-REC-763/2024,nulidad,3,"ales de nulidad alegadas . En ese sentido, señala que debió realizarse un estudio global e integral de todo el caudal probatorio, bajo las reglas de la experiencia, sana crítica y contexto de las elecciones controvertidas. Con lo cual, a su juicio, es suficiente para declarar la nulidad de la elección impugnada, sin que le fuera exigible aportar la totalidad de las circunstancias de modo, tiempo y lugar en que pudieran haber ocurrido los ilícitos que atentaron contra la integridad de la elección. Al respecto, esta Sala Superior califica como inoperantes dichos planteamientos,"
SUP-REC-763/2024,nulidad,4,"mas esenciales de la valoración de la prueba , porque dejó de tomar en cuenta las causales de nulidad debidamente probadas que hizo valer en el juicio. En concepto del PRD, a pesar de que en su demanda primigen i a indicó de forma puntual y específica las casillas impugnadas, la causal de nulidad específica y el respaldo probatorio suficiente para acreditar su dicho; la sala dejó de analizar sus planteamientos y los elementos probatorios que, además, se trataba de datos obtenidos del sistema de información de la Jornada Electoral (SIJE), las cuales resultaban suficientes"
SUP-REC-763/2024,nulidad,5,"resión popular emitida en las urnas, por considerar que existe una vulneración significativa a los principios constitucionales que rigen las elecciones. [15] De ahí que uno de los elementos que invariablemente se exige para que pueda ser declarada como procedente una determinada causal de nulidad –sea específica o genérica–, es el de la determinancia, misma que debe analizarse bajo criterios cuantitativos y cualitativos, con el fin de verificar si se han conculcado de manera significativa uno o más de los principios rectores del proceso electoral, atendiendo a la graveda"
SUP-REC-763/2024,rp,1,"de reconsideración sólo procederá para impugnar sentencias de fondo dictadas por las Salas Regionales, en los juicios de inconformidad que, se hayan interpuesto en contra de los resultados de las elecciones de diputados y senadores, así como las asignaciones por el principio de representación proporcional que respecto de dichas elecciones realice el Consejo General del INE. Por su parte, el artículo 62, párrafo 1, inciso a), fracción I , de la Ley de Medios dispone que, para el recurso de reconsideración, es presupuesto que la sentencia de la Sala Regional haya dejado de tomar en"
SUP-REC-764/2024,constancia_mayoria,1,"e mayoría relativa en el 10 distrito electoral federal en el Estado de México . I. ASPECTOS GENERALES (1) El recurrente controvirtió ante la responsable los resultados consignados en las actas de cómputo distrital, la declaración de validez de la elección y el otorgamiento de la constancia de mayoría y validez por nulidad de votación recibida en varias casillas o por nulidad de la elección de diputaciones por el principio de mayoría relativa en el Estado de México . (2) En su momento, la Sala Toluca confirmó el cómputo distrital de la elección de diputados federales por el p"
SUP-REC-764/2024,constancia_mayoria,2,"teria de la impugnación el cómputo distrital de la elección de diputaciones federales por el principio de mayoría relativa realizado por el 10 Consejo Distrital del INE , con cabecera en Ecatepec, Estado de México, la declaración de validez de la elección y el otorgamiento de la constancia de mayoría a la fórmula de candidatos electos. (9) e . Demanda. El ocho de julio , la recurrente presentó una demanda de recurso reconsideración ante esta Sala Superior . I II . TRÁMITE (10) a . Turno. El ocho de julio , se turnó el expediente SUP-RE C - 764 /202 4 , a la ponencia del magi"
SUP-REC-764/2024,constancia_mayoria,3,"te. (23) e.2. Presupuesto. Se cumple el requisito especial, porque se impugna una sentencia de fondo de un juicio de inconformidad [9] , en la cual se confirmaron los resultados consignados en el acta de cómputo distrital, la declaración de validez de la elección, y se otorgó la constancia de mayoría y validez entregada a la fórmula de candidaturas al Congreso de la Unión por el principio de mayoría relativa, postulada por la coalición “Sigamos Haciendo Historia” . (24) Por lo tanto, si en la demanda se aduce un indebido análisis de las causales de nulidad de votación recibi"
SUP-REC-764/2024,nulidad,1,"S GENERALES (1) El recurrente controvirtió ante la responsable los resultados consignados en las actas de cómputo distrital, la declaración de validez de la elección y el otorgamiento de la constancia de mayoría y validez por nulidad de votación recibida en varias casillas o por nulidad de la elección de diputaciones por el principio de mayoría relativa en el Estado de México . (2) En su momento, la Sala Toluca confirmó el cómputo distrital de la elección de diputados federales por el principio de mayoría relativa realizado por el 10 Consejo Distrital del INE [2] , con cabece"
SUP-REC-764/2024,nulidad,2,"so electoral llevado a cabo en el distrito electoral federal analizado .  Si bien hubo procedimientos sancionadores en los cuales se determinó la existencia de la infracción, y cuya actuar fue confirmado por la Sala Superior, ello tampoco es suficiente para tener por colmada la nulidad de la elección del distrito, porque tales procedimientos sancionadores en los que se acreditaron irregularidades administrativas son insuficientes por sí mismas, para cuestionar la presunción de validez que tienen las elecciones .  Máxime que, e n el caso, las infracciones desplegadas en el d"
SUP-REC-764/2024,nulidad,3,"omovente no había señalado las casillas cuya nulidad se pretendía.  Por lo tanto, al haberse incumplido la carga del promovente de señalar en qué casillas ocurrió tal cuestión, la responsable se encontraba impedida para analizar sus particularidades.  Por último, respecto a la nulidad de la elección por presunta intervención del Gobierno federal y violación de principios constitucionales , la responsable desestimó sus planteamientos esencialmente bajo dos premisas . o Primero , la Sala Toluca consideró que el partido omitió precisar de manera objetiva en qué modo la conduct"
SUP-REC-764/2024,nulidad,4,"idas cautelares emitidas por la Comisión de Quejas y Denuncias del INE , así como sentencias de la Sala Superior, las mismas no exponen por sí mismas, ni indican de qué forma fueron determinantes para el resultado de la votación por lo que resultan insuficientes para declarar la nulidad de la elección . o Segundo, no se encontraba demostrado que la intervención aludida tuvo un impacto en los votantes en el distrito de la elección que se cuestiona, y que fue de tal magnitud que trascendió al resultado de la elección , toda vez que no se particulariza ron conductas relacionadas"
SUP-REC-764/2024,nulidad,5,"les de nulidad en los términos que hizo valer el ahora recurrente , d e ahí lo infundado del agravio. (50) Por otra parte, es infundado el disenso sobre que no se analizaron las pruebas obtenidas en el SIJE , las cuales en su concepto constituían pruebas plenas para acreditar la nulidad de la elección . (51) Ello, pues el SIJE no es suficiente para el estudio de las causales de nulidad invocadas , ya que éste no tiene la finalidad de preconstituir pruebas para demostrar dichas causales, y por tanto no exime al recurrente de aportar elementos argumentativos y probatorios de ca"
SUP-REC-1142/2024,constancia_mayoria,1,"ras Candidaturas no registradas Votos Nulos 115,854 114,373 23,108 494 5,920 Ciento quince mil ochocientos cincuenta y cuatro Ciento catorce mil trescientos setenta y tres Veintitrés mil ciento ocho Cuatrocientos noventa y cuatro Cinco mil novecientos veinte (6) 2. Entrega de la constancia de mayoría y declaración de la validez de la elección. El 7 de junio, el Consejo Distrital entr egó la constancia de mayoría relativa a las candidaturas con mayores resultados en el cómputo distr ital y se declaró la validez de la elección. (7) 3. Juicios de Inconformidad. La Sala Responsa"
SUP-REC-4505/2024,rp,1,"ción que confirma, en lo que fue materia de impugnación , el acuerdo INE/CG 2129 /2024 emitido por el Consejo General del INE , porque , contrario a lo que afirma la recurrente, la responsable aplicó correctamente la fórmula para la asignación de diputaciones por el principio de representación proporcional y observ ó las reglas en materia de acciones afirmativas conforme a las bases establecidas . I. ASPECTOS GENERALES (1) El asunto tiene su origen en el acuerdo INE/CG 2129 /2024 mediante el cual, el Consejo General del INE efectuó el cómputo total, declaró la validez de la elecci"
SUP-REC-4505/2024,rp,2,"es afirmativas conforme a las bases establecidas . I. ASPECTOS GENERALES (1) El asunto tiene su origen en el acuerdo INE/CG 2129 /2024 mediante el cual, el Consejo General del INE efectuó el cómputo total, declaró la validez de la elección de las diputaciones por el principio de representación proporcional y realizó las diversas asignaciones que corresponden para el periodo 2024-2027 a la Cámara de Diputados y Diputadas . (2) En contra de ese acuerdo, la recurrente plantea que el Consejo General del INE incurrió, por un lado , en errores aritméticos al aplicar la fórmula prevista"
SUP-REC-4505/2024,rp,3,"e otros, el Congreso de la Unión. (5) Acuerdo de asignación INE/CG 2129 /2024 (acto impugnado). El veintitrés de agosto, el Consejo General del INE emitió el acuerdo “por el que se efectúa el cómputo total, se declara la validez de la elección de diputaciones por el principio de representación proporcional y se asignan a diversos partidos políticos nacionales Acción Nacional, Revolucionario Institucional, de la Revolución Democrática, del Trabajo, Verde Ecologista de México, Movimiento Ciudadano y Morena, las diputaciones que les corresponden para el periodo 2024-2027”. (6) Recurs"
SUP-REC-4505/2024,rp,4,") Esta Sala Superior es competente para conocer y resolver el presente medio de impugnación porque se trata de un medio de impugnación promovido para controvertir el acuerdo del Consejo General del INE, mediante el cual se hizo la asignación de diputa cione s por el principio de representación proporcional para el periodo 2024-2027 . [6] V. REQUISITOS DE PROCEDENCIA I. Requisitos generales (10) 1. Forma. La demanda se presentó por escrito y, en ella consta: a) el nombre de la recurrente ; b) su firma autógrafa; c) el acto impugnado; d) la autoridad responsable; e) los hechos, y f)"
SUP-REC-4505/2024,rp,5,"entes antes de acudir a esta instancia, con lo cual se debe tener por satisfecho el requisito. II. Requisitos especiales (15) 1. Presupuesto de impugnación. Se tiene por cumplido, porque la recurrente señala que el Consejo General del INE asignó indebidamente las diputaciones de representación proporcional , en específico, por contravenir las reglas y fórmulas establecidas en la CPEUM y en la ley ; así como, por incumplir la finalidad de las acciones afirmativas en materia indígena . [10] (16) 2. Expresión de planteamientos para modificar la asignación. A su vez, la recurrente exp"
SUP-REC-6450/2024,rp,1,"manera extemporánea . I. ASPECTOS GENERALES (1) El asunto tiene su origen en el acuerdo dictado por el Consejo General del I nstituto N acional E lectoral [3] por el cual se efectuó el cómputo total, la declaración de la validez de la elección de diputaciones por el principio de representación proporcional y la asignación a los partidos políticos nacionales PAN, PRI, PT, PVEM, MC y Morena de las diputaciones que les correspondían para el periodo 2024-2027. (2) Específicamente, por el otorgamiento de la constancia como Diputada Federal Electa por el principio de representación prop"
SUP-REC-6450/2024,rp,2,"tación proporcional y la asignación a los partidos políticos nacionales PAN, PRI, PT, PVEM, MC y Morena de las diputaciones que les correspondían para el periodo 2024-2027. (2) Específicamente, por el otorgamiento de la constancia como Diputada Federal Electa por el principio de representación proporcional a Nadia Yadira Sepúlveda García , en el número 9 de la lista de la 1 a circunscripción presentada por MORENA . II. ANTECEDENTES (3) De l o narrado por la parte recurrente y de las constancias que obran en el expediente se advierten los siguientes hechos: (4) Emisión de Convocato"
SUP-REC-6450/2024,rp,3,"nal dictó sentencia en el sentido de confirmar la resolución de la CNHJ de Morena. (10) Acuerdo impugnado ( INE/CG2129/2024 ) . El 23 de agosto , el Consejo General del INE e fectuó el cómputo total, la declaración de la validez de la elección de diputaciones por el principio de representación proporcional y la asignación a los partidos políticos nacionales PAN, PRI, PT, PVEM , MC y Morena de las diputaciones que les correspondían para el periodo 2024 - 2027. (11) Demanda. El 27 de agosto , la accionante presentó juicio de la ciudadanía directamente en la oficialía de partes de es"
SUP-REC-6450/2024,rp,4,"horas. Marco de referencia (16) Conforme con lo dispuesto en el artículo 66.1, inciso b) de la Ley de Medios, el recurso de reconsideración que se interponga contra el acuerdo del Consejo General del INE en el que haya realizado la asignación de diputaciones por el principio de representación proporcional, deberá presentarse dentro de las cuarenta y ocho horas siguientes, contadas a partir de la conclusión de la sesión respectiva. (17) Sin perjuicio de lo anterior, esta Sala Superior ha interpretado que en el caso de ciudadanas y ciudadanos que acuden por propio derecho y en su c"
SUP-REC-6450/2024,rp,5,"ntes de colectivos de grupos en situación de vulnerabilidad, que no se encontraban vinculadas a la sesión del Consejo General del INE en la que se realizó la asignación — como es en el caso de los partidos políticos, así como las candidaturas que participaban por el principio de representación proporcional — , lo procedente es flexibilizar el estándar del plazo para la presentación del recurso de reconsideración en este supuesto [7] . (18) Por ello, la Sala Superior ha considerado que el plazo de 48 horas para personas ciudadanas y que pertenecen a grupos vulnerables debe computar"
SCM-JIN-27/2024,constancia_mayoria,1,"ectoral lleva a concluir que se debe entender que impugna ambos principios. TERCERA. Acumulación Del análisis de las demanda s se advierte que las impugnaciones están relacionadas con los resultados del acta de cómputo distrital, la declaración de validez y el otorgamiento de la constancia de mayoría y validez de la elección de diputaciones federales en el Distrito 07 , por lo tanto, atendiendo al principio de economía procesal y para evitar sentencias contradictorias, procede acumular los juicios de inconformidad S CM -JIN- 89 /202 4 y SCM-JIN-91/2024 al diverso S CM -JIN-"
SCM-JIN-27/2024,fiscalizacion,1,l 8.3. SCM-JIN-91/2024 8.4. Intermitencias en el sistema 8.5. Nulidad de votación prevista en el artículo 75.1.e) de la Ley de Medios 8.6. Nulidad de votación prevista en el artículo 75.1.g) de la Ley de Medios NOVENO. Sentido de la sentencia R E S U E L V E GLOSARIO Comisión de Fiscalización Comisión de Fiscalización del Instituto Nacional Electoral Consejo Distrital 07 Consejo Distrital del Instituto Nacional Electoral en la Ciudad de México Constitución Constitución Política de los Estados Unidos Mexicanos Credencial Credencial para votar con fotografía expedida p
SCM-JIN-27/2024,fiscalizacion,2,. Intermitencias en el sistema 8.5. Nulidad de votación prevista en el artículo 75.1.e) de la Ley de Medios 8.6. Nulidad de votación prevista en el artículo 75.1.g) de la Ley de Medios NOVENO. Sentido de la sentencia R E S U E L V E GLOSARIO Comisión de Fiscalización Comisión de Fiscalización del Instituto Nacional Electoral Consejo Distrital 07 Consejo Distrital del Instituto Nacional Electoral en la Ciudad de México Constitución Constitución Política de los Estados Unidos Mexicanos Credencial Credencial para votar con fotografía expedida por el Instituto Nacional E
SCM-JIN-27/2024,fiscalizacion,3,INE Instituto Nacional Electoral Ley de Medios Ley General del Sistema de Medios de Impugnación en Materia Electoral Ley Electoral Ley General de Instituciones y Procedimientos Electorales PAN Partido Acción Nacional PRD Partido de la Revolución Democrática UTF Unidad Técnica de Fiscalización del Instituto Nacional Electoral A N T E C E D E N T E S 1. Inicio del proceso electoral. El 7 ( siete ) de septiembre de 2023 (dos mil veintitrés) inició el proceso para la elección -entre otros cargos- de diputaciones federales. 2. Jornada e lectoral. El 2 ( dos ) de junio se
SCM-JIN-27/2024,rebase_tope,1,"as causas de nulidad previstas en el artículo 75.1 incisos e) y g) -SCM-JIN-89/2024- . Posterior a ello, el 11 (once) de junio el PRD promovió un nuevo juicio de inconformidad -SCM-JIN-91/2024- en el que pretende la nulidad de la elección -entre otras causas- por el rebase en el tope de gastos de campaña. En ese sentido, se advierte que ambos juicios fueron promovidos en el plazo previsto para ello y que en ambos se hacen valer agravios diversos por lo que, como se adelantó resulta aplicable la excepción prevista en la jurisprudencia 14/2022 referida , por lo que no p"
SCM-JIN-27/2024,nulidad,1,"es competente para conocer y resolver est os medio s de impugnación, toda vez que se trata de juicios promovido s por el PAN y el PRD a fin de controvertir el cómputo distrital de diputaciones federales en el Distrito 0 7, con motivo de la pasada jornada electoral , así como la nulidad de la elección . Lo anterior, con fundamento en:  Constitución: artículos 41 párrafo tercero Base VI, 60 segundo párrafo y 99 párrafo cuarto fracción I.  Ley Orgánica del Poder Judicial de la Federación: artículos 166-III . b y 176.  Ley de Medios: artículos 34.2-a), 49, 50.1 . b) y c) , y"
SCM-JIN-27/2024,nulidad,2,"un partido político que participó en la elección controvertida y acude con un interés contrario al del PAN y PRD que comparecieron como parte actora, pues pretende que se confirmen los resultados de las casillas que se impugnan y en el caso del SCM-JIN-91/2024 que se declare la nulidad de la elección . 4 .4. Personería . El requisito debe tenerse por cumplido, toda vez que quien presentó los escritos es representante propietario de MORENA ante la autoridad responsable según consta en el acta de cómputo distrital de la elección por el principio de mayoría relativa en que actu"
SCM-JIN-27/2024,nulidad,3,"ravios relacionados con la nulidad de votación de casillas por las causas de nulidad previstas en el artículo 75.1 incisos e) y g) -SCM-JIN-89/2024- . Posterior a ello, el 11 (once) de junio el PRD promovió un nuevo juicio de inconformidad -SCM-JIN-91/2024- en el que pretende la nulidad de la elección -entre otras causas- por el rebase en el tope de gastos de campaña. En ese sentido, se advierte que ambos juicios fueron promovidos en el plazo previsto para ello y que en ambos se hacen valer agravios diversos por lo que, como se adelantó resulta aplicable la excepción prevista"
SCM-JIN-27/2024,rp,1,"sión pública , acumula los juicios SCM-JIN-89/2024 y SCM-JIN-91/2024 al SCM-JIN-27/2024, declara la nulidad de la votación recibida en la casilla 1530 Básica, modifica los resultados consignados en el acta de cómputo distrital de la elección de diputaciones de mayoría relativa y representación proporcional, correspondiente al 07 Consejo Distrital del Instituto Nacional Electoral en la Ciudad de México, confirma la declaratoria de mayoría y validez, y vincula al Consejo General del Instituto Nacional Electoral para que considere la modificación del cómputo distrital al realizar la"
SCM-JIN-27/2024,rp,2,"nstituto Nacional Electoral en la Ciudad de México, confirma la declaratoria de mayoría y validez, y vincula al Consejo General del Instituto Nacional Electoral para que considere la modificación del cómputo distrital al realizar la asignación de diputaciones por el principio de representación proporcional, con base en lo siguiente. ÍNDICE GLOSARIO A N T E C E D E N T E S R A Z O N E S Y F U N D A M E N T O S PRIMERA. Jurisdicción y competencia SEGUNDA. Precisión del acto impugnado TERCERA. Acumulación CUARTA. Escritos de parte tercera interesada QUINTA. Causa de improcedencia SEX"
SCM-JIN-27/2024,rp,3,"ciudad cabecera. SEGUNDA. Precisión del acto impugnado En su demanda el PAN señala únicamente que impugna el cómputo relativo a la elección de diputaciones correspondiente al proceso electoral federal 2023-2024. Es decir, no señala si impugna la elección de mayoría relativa o de representación proporcional. En ese sentido, para tener certeza respecto de qué elección impugnó, la magistrada instructora requirió al PAN para que identificara la elección o elecciones que pretende impugnar. Además, señaló que . en caso de no cumplir el requerimiento, esta s ala determinaría lo conducent"
SCM-JIN-27/2024,rp,4,"nte, emitir un fallo de fondo. En este sentido, esta Sala Regional estima que, del análisis integral del escrito de demanda presentado por el PAN es posible inferir que se pretende impugnar la elección de diputaciones federales tanto por el principio de mayoría relativa, como de representación proporcional. Lo anterior tiene sustento en una interpretación teleológica y funcional de la pretensión del PAN a la luz del sistema electoral y del sistema de nulidades en materia electoral. En efecto, si la pretensión del PAN es la nulidad de la votación recibida en determinadas casillas s"
SCM-JIN-27/2024,rp,5,"dad de la votación recibida en determinadas casillas sin acotarla a una elección particular, entonces se debe entender que pretende impugnar ambas elecciones porque, de esta manera, habrá una armonía y coherencia entre los resultados de la votación de mayoría relativa con los de representación proporcional. Así, y dado que el PAN no precisó qué elección está impugnando, una interpretación que busca darle mayor funcionalidad al sistema de nulidades en materia electoral lleva a concluir que se debe entender que impugna ambos principios. TERCERA. Acumulación Del análisis de las deman"
SCM-JIN-30/2024,constancia_mayoria,1,"SESENTA Y SEIS 908 NOVECIENTOS OCHO 1 , 027 MIL VEINTISIETE CANDIDATURAS NO REGISTRADAS 258 DOSCIENTOS CINCUENTA Y OCHO CI1 0 CERO VOTOS NULOS 3 , 653 TRES MIL SEISCIENTOS CINCUENTA Y TRES TOTAL 240 , 544 DOSCIENTOS CUARENTA MIL QUINIENTOS CUARENTA Y CUATRO I II . Entrega de la constancia de mayoría y declaración de validez de la elección. Al finalizar el cómputo, el Consejo Distrital declaró la validez de la elección, así como la elegibilidad de las candidaturas que obtuvieron la mayoría de los votos, y expidió la constancia de mayoría y validez a la fórmula postulada por"
SCM-JIN-30/2024,constancia_mayoria,2,"UARENTA Y CUATRO I II . Entrega de la constancia de mayoría y declaración de validez de la elección. Al finalizar el cómputo, el Consejo Distrital declaró la validez de la elección, así como la elegibilidad de las candidaturas que obtuvieron la mayoría de los votos, y expidió la constancia de mayoría y validez a la fórmula postulada por la coalición integrada por los partidos Acción Nacional, Revolucionario Institucional y de la Revolución Democrática . I V. Juicio de inconformidad. 1. Demanda. Inconforme con lo anterior , el d iez de junio , la parte actora promovi ó ante e"
SCM-JIN-30/2024,constancia_mayoria,3,"onocer y resolver el presente medio de impugnación , toda vez que se trata de un juicio de inconformidad promovido por un partido político con el objeto de controvertir los resultados del acta de cómputo distrital, la declaración de validez de la elección y el otorgamiento de la constancia de mayoría y validez de la elección de diputaciones federales en el distrito federal electoral 1 0 del INE en la Ciudad de México. Tipo de elección y entidad federativa en la que ejerce jurisdicción esta Sala Regional. Lo anterior tiene fundamento en: Constitución. Artículos 41, párrafo te"
SCM-JIN-30/2024,nulidad,1,"romovente acude ante este Tribunal electoral a fin de impugnar los resultados de la elección de candidat uras a diputa ciones federal es por el principio de mayoría relativa, en el Distrito Electoral Federal 10 de l a Ciudad de México . Aduce como agravio la actualización de una causal de nulidad ocurrida en la jornada electoral, específicamente por la contenida en el artículo 75, párrafo 1, inciso e), de la Ley de Medios, consistente en recibir la votación personas u órganos distintos a los facultados por la Ley Electoral. En el caso, en la instrucción del Juicio de Inc"
SCM-JIN-30/2024,nulidad,2,"de diputaciones federales , correspondiente al señalado Distrito Electoral Federal . Individualización de mesas directivas de casilla. Se satisface este requisito de procedibilidad, porque el PAN señala de forma individual las casillas cuya votación se controvierte, aduciendo la causal de nulidad existente en cada caso, de ahí que se cumpla la exigencia legal en cita. Error aritmético. Por cuanto hace al citado requisito, tal circunstancia no es aplicable en el particular, porque la parte actora no impugna los resultados consignados en el acta de cómputo distrital por er"
SCM-JIN-30/2024,nulidad,3,"ción los hechos expuestos por el PAN en su demanda, esta Sala Regional realizará el estudio de las casillas que impugna en atención a la misma . S EXTA . Estudio de fondo . De la demanda se advierte que se pretende la nulidad de la votación recibida en diversas casillas , por la causal de nulidad contenida en el artículo 75, párrafo 1, inciso e), de la Ley de Medios, consistente en recibir la votación personas u órganos distintos a los facultados por la Ley Electoral. Al respecto, se advierte que la parte actora precisa el nombre y cargo de las personas funcionarias que,"
SCM-JIN-30/2024,rp,1,"diente en que se actúa, el PAN señala únicamente que impugna el cómputo relativo a la elección de diputaciones correspondiente al proceso electoral federal 2023-2024 (dos mil veintitrés – dos mil veinticuatro) . Es decir, no señala si impugna la elección de mayoría relativa o de representación proporcional. En ese sentido, para tener certeza respecto de qué elección impugnó, el magistrado instructor requirió al partido actor para que identificara la elección o elecciones que pretende impugnar. Además, se señaló que, en caso de no cumplir con el requerimiento, esta Sala determinarí"
SCM-JIN-30/2024,rp,2,"mente, emitir un fallo de fondo. Sobre esa base, esta Sala Regional estima que del análisis integral del escrito de demanda presentado por el PAN es posible inferir que se pretende impugnar la elección de diputaciones federales tanto por el principio de mayoría relativa, como de representación proporcional. Ello tiene sustento en una interpretación teleológica y funcional de la pretensión del partido político a la luz del sistema electoral y del sistema de nulidades en materia electoral. En efecto, si la pretensión del partido actor es la nulidad de la votación recibida en determi"
SCM-JIN-30/2024,rp,3,"dad de la votación recibida en determinadas casillas sin acotarla a una elección particular, entonces se debe entender que pretende impugnar ambas elecciones porque, de esta manera, habrá una armonía y coherencia entre los resultados de la votación de mayoría relativa con los de representación proporcional. Así, dado que el PAN no precisó qué elección está impugnando, una interpretación que busca darle mayor funcionalidad al sistema de nulidades en materia electoral lleva a concluir que se debe entender que impugna ambos principios. TERCERA. I neficacia del desistimiento . Previo"
SCM-JIN-30/2024,inelegibilidad,1,"MIL SEISCIENTOS CINCUENTA Y TRES TOTAL 240 , 544 DOSCIENTOS CUARENTA MIL QUINIENTOS CUARENTA Y CUATRO I II . Entrega de la constancia de mayoría y declaración de validez de la elección. Al finalizar el cómputo, el Consejo Distrital declaró la validez de la elección, así como la elegibilidad de las candidaturas que obtuvieron la mayoría de los votos, y expidió la constancia de mayoría y validez a la fórmula postulada por la coalición integrada por los partidos Acción Nacional, Revolucionario Institucional y de la Revolución Democrática . I V. Juicio de inconformidad"
SCM-JIN-56/2024,constancia_mayoria,1,; [3] modifica los resultados consignados en las acta s de cómputo distrital de la elección de diputaciones correspondiente al 03 distrito electoral federal en el estado de Guerrero; [4] confirma -en lo que fue materia de impugnación- la declaración de validez y la entrega de la constancia de mayoría y validez respectiva ; y [5] vincula al Consejo General del Instituto Nacional Electoral para que considere la modificación del cómputo distrital al realizar la asignación de diputaciones por el principio de representación proporcional . ÍNDICE GLOSARIO A N T E C E D E N T E S R
SCM-JIN-56/2024,constancia_mayoria,2,"ento Ciudadano 6,543 (Seis mil quinientos cuarenta y tres) MORENA 107,116 (Ciento siete mil ciento dieciséis) Candidat ura s no registradas 111 ( Ciento once) Votos nulos 7,295 (Siete mil doscientos noventa y cinco) Total 186,003 (Ciento ochenta y seis mil tres) 4. Entrega de la constancia de mayoría y declaración de validez de la elección. En virtud de los resultados obtenidos, se hizo entrega de la constancia de mayoría relativa a las personas candidatas propuestas por la Coalición “Sigamos Haciendo Historia” conformada por los Partidos Verde Ecologista de México, del Trab"
SCM-JIN-56/2024,constancia_mayoria,3,"no registradas 111 ( Ciento once) Votos nulos 7,295 (Siete mil doscientos noventa y cinco) Total 186,003 (Ciento ochenta y seis mil tres) 4. Entrega de la constancia de mayoría y declaración de validez de la elección. En virtud de los resultados obtenidos, se hizo entrega de la constancia de mayoría relativa a las personas candidatas propuestas por la Coalición “Sigamos Haciendo Historia” conformada por los Partidos Verde Ecologista de México, del Trabajo y MORENA, y se declaró la validez de la elección. 5. Juicio s de inconformidad 5.1. Demanda s . Inconforme s con lo ante"
SCM-JIN-56/2024,constancia_mayoria,4,"s) juicio s promovido s por igual número de partido s político s con registro nacional , a fin de controvertir los resultados del cómputo de la elección de las diputaciones por ambos principios, así como la declaración de validez de la elección y la correspondiente entrega de la constancia de mayoría a la fórmula ganadora . Lo anterior, con fundamento en:  Constitución: artículos 41 párrafo tercero Base VI, 60 segundo párrafo y 99 párrafo cuarto fracción I.  Ley Orgánica del Poder Judicial de la Federación: artículos 166- I y 176 -II .  Ley de Medios: artículos 34.2-a), 4"
SCM-JIN-56/2024,constancia_mayoria,5,"ante ante el Consejo Distrital [4] . 4 .4. Interés jurídico. MORENA tiene una pretensión incompatible con el PRD , pues aunque el partido compareciente no lo refiere expresamente tiene un derecho incompatible con el del partido actor, ya que postuló la candidatura que recibió la constancia de mayoría y validez de la elección de la diputación federal por el principio de mayoría relativa controvertida. QUINTA . Requisitos de procedencia Est os medio s de impugnación reúne n los requisitos de procedencia generales previstos en los artículos 8, 9.1, 13 y 49, así como los especia"
SCM-JIN-56/2024,nulidad,1,Oportunidad. 4.3. Legitimación y personería. 4.4. Interés jurídico. QUINTA. Requisitos de procedencia 5.1. Requisitos generales 5.2. Requisitos especiales SEXTA. Estudio de fondo 6.1. Suplencia 6.2. Síntesis de agravios 6.3. Planteamiento de la controversia 6.4. Metodología 6.5. Nulidad de la elección [artículo 78.1 de la Ley de Medios] 6.6. Nulidad de la votación recibida en casillas 6.6.1. Nulidad de elección por error en el cómputo de votos por intermitencias y fallas en el sistema [artículo 75.1.f) de la Ley de Medios] 6.6.2. Recibir votación por personas no facultadas (i
SCM-JIN-56/2024,nulidad,2,"rsonas que no contaban con su Credencial y/o que no aparecían en la lista nominal de personas electoras de la casilla, por lo que se incumplió lo previsto en el artículo 75.1.g) de la Ley de Medios. b.4. Intervención del gobierno federal. El PRD sostiene que debe determinarse la nulidad de la elección, por la vulneración de los principios de neutralidad y equidad, que conllevaron la violación implícita de los principios rectores de la elección, pues -desde su perspectiva- la votación se encontraba viciada por la indebida intervención del gobierno federal. b.5. Fallas en el si"
SCM-JIN-56/2024,nulidad,3,"de carga de la información de los cómputos distritales que generaron variaciones de los números de votos. 6 . 3 . Planteamiento de la controversia a. Pretensiones de los partidos actores . De la demanda del juicio SCM-JIN-56/2024 se extrae que el PRD solicita lo siguiente:  La nulidad de la elección , en términos del artículo 78.1 de la Ley de Medios, por la indebida intervención del gobierno federal ; y  La nulidad de la votación recibida en diversas casillas por la actualización de algunos de los supuestos previstos en el artículo 75.1 de la Ley de Medios . Por su parte,"
SCM-JIN-56/2024,nulidad,4,"as causales de nulidad de elección o de votación recibida en esas casillas y debe decretarse su nulidad y en consecuencia ajustar al cómputo distrital respectivo. 6.4. Metodología . Por razón de método, se analizarán en primer término los argumentos relacionados con la causal de nulidad de la elección controvertida por la intervención del gobierno federal, ya que si el PRD tuviera razón quedarían sin efectos la declaración de validez de la elección impugnada y el otorgamiento de las constancias respectivas y, por tanto, sería innecesario realizar el estudio sobre la nulidad d"
SCM-JIN-56/2024,nulidad,5,"impugnada y el otorgamiento de las constancias respectivas y, por tanto, sería innecesario realizar el estudio sobre la nulidad de la votación recibida en las casillas controvertidas por dicho partido. Lo anterior, en el entendido de que, de estimarse infundada la pretensión de nulidad de la elección, procedería entonces el análisis sobre las causales de nulidad de votación recibida en casilla que invocan los partidos actores, comenzando por aquella en que el PRD indica que debe declararse la nulidad en todas las casillas por las fallas en el sistema de carga de los cómputos"
SCM-JIN-56/2024,rp,1,ión- la declaración de validez y la entrega de la constancia de mayoría y validez respectiva ; y [5] vincula al Consejo General del Instituto Nacional Electoral para que considere la modificación del cómputo distrital al realizar la asignación de diputaciones por el principio de representación proporcional . ÍNDICE GLOSARIO A N T E C E D E N T E S R A Z O N E S Y F U N D A M E N T O S PRIMERA. Jurisdicción y competencia SEGUNDA. Determinación de la elección impugnada TERCERA. Acumulación CUARTA. Parte tercera interesada 4.1. Forma. 4.2. Oportunidad. 4.3. Legitimación y personería.
SCM-JIN-56/2024,rp,2,"tos diez ) 131,066 (Ciento treinta y un mil sesenta y seis ) 6,404 ( Seis mil cuatrocientos cuatro ) 1 09 (Ciento nueve ) 7 , 115 ( Siete mil ciento quince ) El 7 (siete) siguiente concluyó el cómputo distrital relativo a la elección de diputaciones federales por el principio de representación proporcional, obteniéndose los siguientes resultados: Partidos políticos Resultados consignados en el acta de cómputo distrital Partido Acción Nacional 3,613 (Tres mil seiscientos trece ) Partido Revolucionario Institucional 24,084 (Veinticuatro mil ochenta y cuatro) Partido de la Revolución"
SCM-JIN-56/2024,rp,3,"ciudad cabecera. SEGUNDA. Determinación de la elección impugnada La demanda señala únicamente que impugna el cómputo relativo a la elección de diputaciones correspondiente al proceso electoral federal 2023-2024. Es decir, no señala si impugna la elección de mayoría relativa o de representación proporcional. En ese sentido, para tener certeza respecto de qué elección impugnó, la magistrada instructora requirió al partido actor que identificara la elección o elecciones que pretende controvertir. Además, se señaló que, en caso de no cumplir el requerimiento, esta sala determinaría lo"
SCM-JIN-56/2024,rp,4,"onsecuentemente, emitir un fallo de fondo. En este sentido, esta Sala Regional estima que, del análisis integral de la demanda presentada por el PAN es posible inferir que pretende impugnar la elección de diputaciones federales tanto por el principio de mayoría relativa, como de representación proporcional. Lo anterior tiene sustento en una interpretación teleológica y funcional de la pretensión del partido político a la luz del sistema electoral y del sistema de nulidades en materia electoral. En efecto, si la pretensión del partido actor es la nulidad de la votación recibida en"
SCM-JIN-56/2024,rp,5,"dad de la votación recibida en determinadas casillas sin acotarla a una elección particular, entonces se debe entender que pretende impugnar ambas elecciones porque, de esta manera, habrá una armonía y coherencia entre los resultados de la votación de mayoría relativa con los de representación proporcional, que no necesariamente ocurriría si se considera que sólo impugna 1 (uno) de los 2 (dos) principios. Con base en esta interpretación, se permite lograr una correlación entre los votos de mayoría relativa y los de representación proporcional y, con esto, se logra una integración"
SCM-JIN-56/2024,propaganda,1,"de apelación SUP-RAP-43/2009, señalando que en esa decisión se determinó que la promoción velada o explícita de las personas servidoras públicas constituye promoción personalizada. Continúa indicando que el actual presidente de la República, en el ejercicio de su encargo realizó propaganda gubernamental con intromisión directa en el proceso electoral 2023-2024 (dos mil veintitrés - dos mil veinticuatro), siempre en beneficio de los partidos MORENA -principalmente-, del Trabajo y Verde Ecologista de México, así como de sus candidaturas, en especial de la postulada"
SCM-JIN-56/2024,propaganda,2,"la postulada al Poder Ejecutivo Federal, conducta que afirma es contraria a derecho. De igual manera sostiene que resulta aplicable la jurisprudencia de la Sala Superior 20/2008 de rubro PROCEDIMIENTO SANCIONADOR ORDINARIO. REQUISITOS PARA SU INICIO Y EMPLAZAMIENTO TRATÁNDOSE DE PROPAGANDA POLÍTICA O ELECTORAL QUE IMPLIQUE LA PROMOCIÓN DE UN SERVIDOR PÚBLICO [9] . Para sustentar su argumento sostiene que, con relación a lo anterior, se presentaron diversas quejas ante el INE, en algunas de las cuales se determinó la vulneración de los principios constitucionales p"
SCM-JIN-103/2024,constancia_mayoria,1,"de mayoría relativa, correspondiente al 05 Consejo Distrital del Instituto Nacional Electoral en el estado de Hidalgo, modifica los resultados consignados en el acta de cómputo distrital de mayoría relativa de dicha elección, confirma la declaración de validez y la entrega de la constancia de mayoría y validez de la elección, y vincula al Consejo General del Instituto Nacional Electoral para que considere la modificación del cómputo distrital al realizar la asignación de diputaciones por el principio de representación proporcional, ante la nulidad de la votación recibida en"
SCM-JIN-103/2024,constancia_mayoria,2,"ta y cinco 145 Votos nulos Once mil cuatrocientos ocho 11,408 Votación final Doscientos treinta y nueve mil ochocientos se senta y dos 239,8 6 2 4. D eclaración de validez de la elección. En razón de los resultados obtenidos, se realizó la declaratoria de validez y se entregó la constancia de mayoría a la candidatura ganadora . 5. Juicios de Inconformidad 5.1. Demandas. Inconformes con lo anterior, el diez y once de junio , respectivamente, el PRD y el PAN promovieron estos medios de impugnación. 5.2. Turno y recepción. Recibidas las constancias en esta Sala Regional se inte"
SCM-JIN-103/2024,constancia_mayoria,3,"ne jurisdicción y es competente para conocer y resolver los presente s medio s de impugnación, toda vez que se trata de juicios de inconformidad promovidos por el PRD y el PAN a fin de controvertir , entre otros, el cómputo distrital, la declaración de validez y la entrega de la constancia de mayoría relativa a la elección de diputaciones federales de mayoría relativa y representación proporcional del 0 5 distrito electoral en el estado de Hidalgo . Lo anterior, con fundamento en:  Constitución: artículos 41 párrafo segundo Base VI, 60 segundo párrafo y 99 párrafo cuarto fr"
SCM-JIN-103/2024,nulidad,1,NDAMENTOS PRIMERA. Jurisdicción y Competencia. SEGUNDA. Precisión del acto impugnado. TERCERA. Acumulación. CUARTA. Comparecencia de Parte tercera interesada. QUINTA. Causales de improcedencia. SEXTA. Requisitos de procedencia SÉPTIMA. Metodología y suplencia ESTUDIO DE FONDO 1. Nulidad de la elección por intervención del gobierno federal 2. Intermitencia en el sistema de carga de información de los cómputos distritales 3. Nulidad de la votación recibida en casillas RESUELVE GLOSARIO Consejo Distrital 0 5 o autoridad responsable 0 5 Consejo Distrital del Instituto Nacional El
SCM-JIN-103/2024,nulidad,2,"xigencia porque el PRD y el PAN señalan de forma específica las casillas que controvierten y las causales de nulidad respecto de cada una. SÉPTIMA . Metodología y suplencia 7 .1. Metodología. Por razón de método, se analizarán en primer término los argumentos relacionados con la nulidad de la elección por la intervención del gobierno federal , ya que, si el PRD tuviera razón, quedarían sin efectos la declaración de validez de la elección impugnada y el otorgamiento de la constancia respectiva y, por tanto, sería innecesario realizar pronunciamiento alguno sobre la nulidad de"
SCM-JIN-103/2024,nulidad,3,"la elección impugnada y el otorgamiento de la constancia respectiva y, por tanto, sería innecesario realizar pronunciamiento alguno sobre la nulidad de la votación recibida en las casillas controvertidas por el PRD y el PAN. En caso de desestimarse los agravios vinculados con la nulidad de la elección, se analizará n las causales de nulidad de votación hechas valer por el PRD en el juicio SCM-JIN-103/2024 y por el PAN en el SCM-JIN- 181 /202 4 . Lo que en vista del criterio contenido en la jurisprudencia 4/2000 emitida por la Sala Superior, de rubro AGRAVIOS, SU EXAMEN EN CON"
SCM-JIN-103/2024,nulidad,4,"erecho se consideró válida la votación recibida en las mesas directivas de casillas instaladas el pasado dos de junio, cuando -desde su perspectiva- la votación se encontraba viciada por la indebida intervención de gobierno federal. En ese contexto, sostiene debe determinarse la nulidad de la elección por la vulneración a los principios de neutralidad y equidad, que se traduce en una implícita trasgresión de los principios rectores de la elección; a saber, que sean libres, auténticas y periódicas, mediante voto universal, libre, secreto y directo, así como los derechos de par"
SCM-JIN-103/2024,nulidad,5,"e la Sala Superior de este Tribunal, debe destacar se que el PRD , contrario al deber que tiene de frente a su pretensión de nulidad, incumple con la exigencia de referir y demostrar las circunstancias particulares que pudieran llevar a este órgano jurisdiccional a determinar la nulidad de la elección o de las casillas que se impugnan concretamente en el presente juicio de inconformidad, como a continuación se expone. La controversia en este juicio lleva a un análisis específico de esos hechos de frente a la actualización o no de alguna causal de nulidad invocada en su demand"
SCM-JIN-103/2024,rp,1,"firma la declaración de validez y la entrega de la constancia de mayoría y validez de la elección, y vincula al Consejo General del Instituto Nacional Electoral para que considere la modificación del cómputo distrital al realizar la asignación de diputaciones por el principio de representación proporcional, ante la nulidad de la votación recibida en casillas, de conformidad con lo siguiente: Í N D I C E GLOSARIO ANTECEDENTES RAZONES Y FUNDAMENTOS PRIMERA. Jurisdicción y Competencia. SEGUNDA. Precisión del acto impugnado. TERCERA. Acumulación. CUARTA. Comparecencia de Parte tercera"
SCM-JIN-103/2024,rp,2,"enta y dos 112,842 Candidaturas no registradas Ciento cuarenta y cinco 145 Votos nulos Once mil trecientos uno 11,301 El mismo siete de junio el Consejo Distrital concluyó la sesión en la que se llevó a cabo el cómputo de la elección de diputaciones federales por el principio de representación proporcional y se obtuvieron los siguientes resultados. Partido Votación Veinte mil seiscientos doce 20,612 Veintiún mil ochocientos tres 21,803 Dos mil setecientos ochenta y seis 2,786 Veintitrés mil seiscientos cuarenta y nueve 23,649 Veintiocho mil cincuenta y cinco 28,055 Diecisiete mil"
SCM-JIN-103/2024,rp,3,", toda vez que se trata de juicios de inconformidad promovidos por el PRD y el PAN a fin de controvertir , entre otros, el cómputo distrital, la declaración de validez y la entrega de la constancia de mayoría relativa a la elección de diputaciones federales de mayoría relativa y representación proporcional del 0 5 distrito electoral en el estado de Hidalgo . Lo anterior, con fundamento en:  Constitución: artículos 41 párrafo segundo Base VI, 60 segundo párrafo y 99 párrafo cuarto fracción I.  Ley Orgánica del Poder Judicial de la Federación: artículos 164, 165, 166 fracción I, 1"
SCM-JIN-103/2024,rp,4,"cera . SEGUNDA. Precisión del acto impugnado. El escrito de demanda del PAN señala únicamente que impugna el cómputo relativo a la elección de diputaciones correspondiente al proceso electoral federal 2023-2024. Es decir, no señala si impugna la elección de mayoría relativa o de representación proporcional. En ese sentido, para tener certeza respecto de qué elección impugnó, el magistrado instructor requirió al PAN para que identificara la elección o elecciones que pretende impugnar. Además, se señaló que, en caso de no cumplir con el requerimiento, esta Sala determinaría lo condu"
SCM-JIN-103/2024,rp,5,"nte, emitir un fallo de fondo. En este sentido, esta Sala Regional estima que, del análisis integral del escrito de demanda presentado por el PAN es posible inferir que se pretende impugnar la elección de diputaciones federales tanto por el principio de mayoría relativa, como de representación proporcional. Lo anterior tiene sustento en una interpretación teleológica y funcional de la pretensión del partido político a la luz del sistema electoral y del sistema de nulidades en materia electoral. En efecto, si la pretensión del PAN es la nulidad de la votación recibida en determinad"
SCM-JIN-103/2024,propaganda,1,"icado con la clave SUP-RAP-43/2009, señalando que en esa decisión se concluyó que la promoción velada o explícita de las personas servidoras públicas constituye promoción personalizada. Contin ú a indicando que el presidente de la República, en el ejercicio de su encargo realizó propaganda gubernamental e incidió en forma directa en el proceso electoral 2023-2024 en beneficio de la coalición que obtuvo el triunfo, de sus candidaturas, y en especial de la postulada al Poder Ejecutivo Federal, conducta que afirma es contraria a derecho. De igual manera sostiene que"
SCM-JIN-103/2024,propaganda,2,"l de la postulada al Poder Ejecutivo Federal, conducta que afirma es contraria a derecho. De igual manera sostiene que en la especie, resulta aplicable la jurisprudencia 20/2008 de rubro PROCEDIMIENTO SANCIONADOR ORDINARIO. REQUISITOS PARA SU INICIO Y EMPLAZAMIENTO TRATÁNDOSE DE PROPAGANDA POLÍTICA O ELECTORAL QUE IMPLIQUE LA PROMOCIÓN DE UN SERVIDOR PÚBLICO [7] . Abunda en la exposición de la presentación de diversas quejas ante el INE, para destacar que en algunas de ellas se determinó la vulneración de los principios constitucionales por parte del titular del E"
SCM-RAP-47/2024,fiscalizacion,1,"éxico del Tribunal Electoral del Poder Judicial de la Federación, en sesión pública de e sta fecha, revoca la resolución INE/CG1501/2024 emitida por el Consejo General del Instituto Nacional Electoral al resolver el procedimiento administrativo sancionador de queja en materia de fiscalización identificado con el número de expediente INE/Q-COF-UTF/2028/2024 , para los efectos que más adelante se precisan. ÍNDICE GLOSARIO ANTECEDENTES RAZONES Y FUNDAMENTOS PRIMERO. Competencia y jurisdicción. SEGUNDO. Requisitos de procedibilidad. TERCERO. Estudio de fondo. I. Procedim"
SCM-RAP-47/2024,fiscalizacion,2,"xpediente INE/Q-COF-UTF/2028/2024 , para los efectos que más adelante se precisan. ÍNDICE GLOSARIO ANTECEDENTES RAZONES Y FUNDAMENTOS PRIMERO. Competencia y jurisdicción. SEGUNDO. Requisitos de procedibilidad. TERCERO. Estudio de fondo. I. Procedimiento sancionador en materia de fiscalización. II. Síntesis de la resolución impugnada. III. Síntesis de los agravios. IV. Cuestión por dilucidar. V. Determinación de esta Sala Regional a) Decisión judicial b) Marco normativo c) Justificación de la decisión judicial CUARTO. Sentido y efectos de la sentencia. RESUELVE GLOSAR"
SCM-RAP-47/2024,fiscalizacion,3,"Electoral LGIPE Ley General de Instituciones y Procedimientos Electorales LGPP Ley General de Partidos Políticos LGSMIME Ley General del Sistema de Medios de Impugnación en Materia Electoral PRD Partido de la Revolución Democrática PT Partido del Trabajo SIF Sistema Integral de Fiscalización U TF Unidad Técnica de Fiscalización del Instituto Nacional Electoral ANTECEDENTES I. Denuncia . El treinta y uno de mayo de dos mil veinticuatro , el PRD denunció a l PT, PVEM y MORENA , integrantes de la entonces coalición «Sigamos Haciendo Historia» y a su otrora candidato a"
SCM-RAP-47/2024,fiscalizacion,4,"tuciones y Procedimientos Electorales LGPP Ley General de Partidos Políticos LGSMIME Ley General del Sistema de Medios de Impugnación en Materia Electoral PRD Partido de la Revolución Democrática PT Partido del Trabajo SIF Sistema Integral de Fiscalización U TF Unidad Técnica de Fiscalización del Instituto Nacional Electoral ANTECEDENTES I. Denuncia . El treinta y uno de mayo de dos mil veinticuatro , el PRD denunció a l PT, PVEM y MORENA , integrantes de la entonces coalición «Sigamos Haciendo Historia» y a su otrora candidato a la diputación federal por el distrito"
SCM-RAP-47/2024,fiscalizacion,5,"como gastos de campaña la realización de tres eventos o bien, por la omisión de rechazar aportaciones de entes prohibidos , tales como organizaciones gremiales o sindica les . Con esa denuncia se ordenó integrar el procedimiento administrativo sancionador de queja en materia de fiscalización identificado con el número de expediente INE/Q-COF-UTF/2028/2024 . I I . Resolución . Una vez sustanciado ese procedimiento, e l veintidós de julio de este año, el Consejo General del INE resolvió que el reclamo del PRD carecía de sustento , pues este no logró demostrar con sus"
SCM-RAP-47/2024,propaganda,1,"ante el cual se distribuyeron alimentos y se us ó mobiliario como mesas y sillas.  Cuatro de abril de dos mil veinticuatro: e vento con líderes y lideresas del comercio , en que , según la queja , participa ron alrededor de cien personas , para e l cual se utilizaron lonas como propaganda con leyendas que llamaban a votar por el candidato denunciado y se distribuyeron alimentos.  Dieciocho de abril de dos mil veinticuatro: e vento con líderes y l i deres as transportistas , así como comerciantes , que involucró la posible participación de cien personas. Como pru"
SCM-RAP-47/2024,propaganda,2,"ocho de abril de l presente año –que fueron en los que el PRD sustentó su queja– . En dicha resolución se destacó que es as publicaciones estuvieron acompañadas de imágenes que mostraban reuniones de personas en las que efectivamente se brindaban alimentos e instala ron lonas de propaganda, sin embargo, se determinó que de ello no podía desprenderse con certeza la temporalidad exacta ni el lugar en que ocurrieron dichos eventos, lo que impedía establecer entre sí un vínculo directo con la campaña del candidato denunciado . Asimismo, la responsable especificó que s"
SCM-RAP-47/2024,propaganda,3,"tablecer entre sí un vínculo directo con la campaña del candidato denunciado . Asimismo, la responsable especificó que se solicit ó a la Dirección de Auditoría del INE que revisara si los gastos relacionados con estos eventos, tales como alimentos, mobiliario, equipo de sonido y propaganda electoral, habían sido registrados en el SIF , ante lo cual la respuesta fue negativa , debido a que no se encontraron en la contabilidad del otrora candidato denunciado ni en sus informes de campaña. Además, se destacó que estas publicaciones no fueron objeto de monitoreo duran"
SCM-RAP-47/2024,propaganda,4,"lementos de prueba presentad o s por el quejoso, que consistieron en fotografías y enlaces electrónicos a publicaciones en redes sociales, fueron insuficientes para acreditar la existencia de los gastos denunciados , pues aunque las imágenes mostraban reuniones y la presencia de propaganda electoral, no se pudo establecer de manera inequívoca que dichos eventos tuvier on una finalidad proselitista o bien, que implicaran un llamado expreso al voto a favor de dicho candidato. En concepto de la autoridad responsable, dichas pruebas tampoco permitían determinar que lo"
SCM-RAP-47/2024,propaganda,5,"ndidato denunciado y diversas organizaciones sindicales y gremiales, como es el Sindicato Único de Trabajadores del Gobierno de la Ciudad de México . Asimismo, el PRD aduce una supuesta omisión de la autoridad al dejar de investigar adecuadamente ciertos elementos, tales como la propaganda electoral consistente en una lona , en la que se puede leer claramente « vota guillermo rendón » y que, a pes ar a estas evidencias, sus pruebas se encontraron insuficientes para acreditar los hechos denunciados , lo que , a su parecer, le generó un perjuicio directo, dado que l"
SG-JIN-10/2024,constancia_mayoria,1,"cientos cinco CANDIDATAS/OS NO REGISTRADAS/OS 251 Doscientos cincuenta y uno VOTOS NULOS 5,961 Cinco mil novecientos sesenta y uno Finalizado dicho cómputo, se declaró la validez de la elección, la elegibilidad de la candidatura que obtuvo la mayoría de los votos y se expidió la constancia de mayoría y validez de la elección en favor de la candidatura postulada por coalición “ Sigamos H aciendo Historia” integrada por Mer ilyn G ó mez Pozos como propietaria y Laura Minerva Hernández Herrera como suplente . 3. Interposición de l os juicio s de inconformidad. Inconforme con lo"
SG-JIN-10/2024,inelegibilidad,1,"ta y ocho 96,075 Noventa y seis mil setenta y cinco 68,805 Sesenta y ocho mil ochocientos cinco CANDIDATAS/OS NO REGISTRADAS/OS 251 Doscientos cincuenta y uno VOTOS NULOS 5,961 Cinco mil novecientos sesenta y uno Finalizado dicho cómputo, se declaró la validez de la elección, la elegibilidad de la candidatura que obtuvo la mayoría de los votos y se expidió la constancia de mayoría y validez de la elección en favor de la candidatura postulada por coalición “ Sigamos H aciendo Historia” integrada por Mer ilyn G ó mez Pozos como propietaria y Laura Minerva Hernández He"
SG-JIN-143/2024,constancia_mayoria,1,"ido por Bryan Alonso Santiago Sandoval , en representación del Partido de la Revolución Democrática, a fin de impugnar del 0 6 Consejo Distrital del Instituto Nacional Electoral en el Estado de Sonora , el cómputo, la declaración de validez de la elección y el otorgamiento de la constancia de mayoría y validez respectiva, correspondiente a la elección de senadurías de la República por el principio de mayoría relativa en ese distrito. Palabras clave: Senad urías , desechamiento , cómputo distrital. R E S U L T A N D O: I. Antecedente. De los hechos expuestos en la demanda y d"
SG-JIN-143/2024,constancia_mayoria,2,"23-2024, de la que se objetan ” , dejando el renglón incompleto y saltando varios de ellos , para continuar en otro reng lón incompleto “, la declaración de validez de la elección de las Diputaciones Federales , correspondiente al proceso electoral federal 2023-2024, así como la constancia de mayoría emitida ” y con ello termina dicho numeral , sin que se advierta en el ocurso alguna otra mención de la elección que impugna . De igual f orma, se observa como hecho notorio , [6] que dicho partido político por conducto del mismo representante, pr omovió en esa fecha , una diver"
SG-JIN-143/2024,constancia_mayoria,3,"l 2023-2024, de la que se objetan” , dejando el renglón incompleto y saltando varios de ellos, para continuar en otro renglón incompleto “, la declaración de validez de la elección de los Diputaciones Federales, correspondiente al proceso electoral federal 2023-2024, así como la constancia de mayoría emitida” y con ello termina dicho numeral, también sin que se advierta en el ocurso alguna otra mención de la elección que impugna. En ese sentido, tomando en consideración que en el diverso medio de impugnación SG-JIN-141/2024 , se impugna lo referente a la elección de diputaci"
SG-JIN-143/2024,constancia_mayoria,4,"o de manifestar expresamente si se objetan los resultados del cómputo, la declaración de validez de la elección y el otorgamiento de las constancias respectivas , se objetó la declaración de validez - de la elección de las Diputaciones Federales - , equivocadamente , así como la constancia de mayoría emitida . A demás de advertirse que se trata del mismo formato de demanda con los mismos espacios incompletos, por lo que , con la suma de tod o s los elementos descritos, se puede evidencia r que la mención en una sola ocasión de la s diputaciones federales se trata de un error"
SG-JIN-143/2024,constancia_mayoria,5,"o de mayoría relativa . En consecuencia, se considera que en el presente juicio de inconformidad la parte actora impugna del 06 Consejo Distrital del Instituto Nacional Electoral en el Estado de Sonora, el cómputo, la declaración de validez de la elección y el otorgamiento de la constancia de mayoría y validez respectiva, correspondiente a la elección de senadurías de la República por el principio de mayoría relativa en ese distrito. [7] TERCERO . I mprocedencia. La demanda de l presente juicio de inconformidad debe desecharse de plano, en virtud de que se controvierte un ac"
SG-JIN-143/2024,nulidad,1,"consignados en las actas de cómputo de entidad federativa , las declaraciones de validez de las elecciones y el otorgamiento de las constancias de mayoría y validez o de asignación de primera minoría respectivas, por nulidad de la votación recibida en una o varias casillas o por nulidad de la elección; II. Las determinaciones sobre el otorgamiento de las constancias de mayoría y validez o de asignación de primera minoría respectivas; y III. Los resultados consignados en las actas de cómputo de entidad federativa , por error aritmético. De igual forma, según el artículo 50, pá"
SG-JIN-143/2024,rp,1,"o de asignación de primera minoría respectivas; y III. Los resultados consignados en las actas de cómputo de entidad federativa , por error aritmético. De igual forma, según el artículo 50, párrafo 1, inciso e), son impugnable s en l a elección de Senad urías por el principio de representación proporcional , l os resultados consignados en las actas de cómputo de entidad federativa respectivas : I. P or nulidad de la votación recibida en una o varias casillas; o II. P or error aritmético. De lo anterior, se concluye que los actos impugnables , a través del juicio de inconformidad ,"
SG-JIN-143/2024,rp,2,"votación recibida en una o varias casillas; o II. P or error aritmético. De lo anterior, se concluye que los actos impugnables , a través del juicio de inconformidad , en la elección de Senad urías de mayoría relativa y asignación de primera minoría, así como por el principio de representación proporcional, son los resultados consignados en las actas de cómputo de la entidad federativa correspondiente, realizadas por las c onsejos l ocales del INE en la entidad de que se trate , y no los resultados consignados en las actas de cómputo distrital llevadas a cabo por los c onsejos d i"
SG-JIN-143/2024,rp,3,"orman la entidad federativa correspondiente. Lo anterior es acorde al Sistema Electoral Mexicano y , en específico, con el procedimiento establecido para la elección de Senad urías por el principio de mayoría relativa y asignación de primera minoría, así como por el principio de representación proporcional. En efecto, del análisis de la normativa electoral, se advierte que los consejos distritales del INE son los órganos electorales facultados para llevar a cabo los cómputos distritales relativos a las elecciones federales de Preside ncia , Senad urías y Diputa ciones , lo cual re"
SG-JIN-143/2024,rp,4,"los Estados Unidos Mexicanos, enseguida con la de Diputa ciones y, finalmente, con la de Senad urías [12] . L os cómputos de entidad federativa de la elección de Senad urías por el principio de mayoría relativa y de asignación de la primera minoría, así como por el principio de representación proporcional, se realizan por el c onsejo l ocal del INE respectivo , precisamente sobre la base de la suma de los cómputos parciales que respecto de las mismas realizan los consejos distritales correspondientes . [13] Así, a través de los cómputos de entidad federativa se obtiene el resulta"
SG-JIN-143/2024,rp,5,"ión de Senad urías por el principio de mayoría relativa y se determina al ganador o ganadora de la elección, así como a la primera minoría, a quienes se les adjudican, respectivamente, dos y una senaduría, además de establecer el cómputo de entidad federativa por el principio de representación proporcional. Conforme a lo expuesto, tratándose de la elección de Senad urías , el cómputo de la votación recibida en cada una de las mesas directivas de casilla se lleva a cabo , en un primer momento , por los consejos distritales que se encuentran en la entidad federativa respectiva y, en"
SG-JIN-147/2024,constancia_mayoria,1,"7 , 562 SETENTA Y SIETE MIL QUINIENTOS SESENTA Y DOS MOVIMIENTO CIUDADANO 21 , 704 VEINTIUN MIL SETECIENTOS CUATRO CANDIDATOS NO REGISTRADOS 140 CIENTO CUARENTA VOTOS NULOS 4 , 842 CUATRO MIL OCHOCIENTOS CUARENTA Y DOS TOTAL 143 , 130 CIENTO CUARENTA Y TRES MIL CIENTO TREINTA 9. Constancia de mayoría y validez de diputaciones [8] . El siete de junio, al finalizar el cómputo distrital, el 0"
SG-JIN-147/2024,nulidad,1,"ltados consignados en las actas de cómputo distrital de la elección de diputaciones federales por el principio de mayoría y representación proporcional realizad a por el 0 1 Consejo Distrital del Instituto Nacional Electoral [2] en Sonora ; lo anterior, al haberse actualizado la causal de nulidad por indebida integración en cuatro (4) casillas, correspondiente a: 634 Contigua 1, 635 Básica, 708 Contigua 1 y 1590 Contigua 2 [3] . 2. Palabras Clave : cómputo distrital, diputaciones federales, mayoría relativa, nulidad de votación en casilla, recepción de la votación por pe"
SG-JIN-147/2024,rp,1,"RADO ELECTORAL: SERGIO ARTURO GUERRERO OLVERA [1] Guadalajara, Jalisco, veinticinco de ju l io de dos mil veinti cuatro . 1. Sentencia que modifica los resultados consignados en las actas de cómputo distrital de la elección de diputaciones federales por el principio de mayoría y representación proporcional realizad a por el 0 1 Consejo Distrital del Instituto Nacional Electoral [2] en Sonora ; lo anterior, al haberse actualizado la causal de nulidad por indebida integración en cuatro (4) casillas, correspondiente a: 634 Contigua 1, 635 Básica, 708 Contigua 1 y 1590 Contigua 2 [3]"
SG-JRC-221/2024,rp,1,"en el expediente JE-T P- 12 /2024 y acumulados , en que confirmó el acuerdo CG210/2024 del Consejo General del Instituto Estatal Electoral y de Participación Ciudadana [5] de la referida entidad, por el que se declaró la validez de la elección de diputaciones por el principio de representación proporcional, se asignaron diputaciones y se otorgaron las constancias respectiv as, en el proceso electoral ordinario local 2023-2024 . Palabras clave : “ sobrerrepresentación ”, “ afiliación afectiv a”, “ ajustes por paridad ”, “ representación proporcional ” . A N T E C E D E N T E S De l"
SG-JRC-221/2024,rp,2,"diputaciones por el principio de representación proporcional, se asignaron diputaciones y se otorgaron las constancias respectiv as, en el proceso electoral ordinario local 2023-2024 . Palabras clave : “ sobrerrepresentación ”, “ afiliación afectiv a”, “ ajustes por paridad ”, “ representación proporcional ” . A N T E C E D E N T E S De las afirmaciones que realiza n quien es promueve n y de las constancias que obran en el expediente, se desprende lo siguiente: I . Jornada Electoral . El dos de junio tuvo verificativo la jornada electoral en Sonora. II . Cómputo s distritales . El"
SG-JRC-221/2024,rp,3,"esultados de la totalidad de las casillas instaladas en el estado de Sonora . II I . Asignación de diputaciones . El treinta de junio, mediante acuerdo CG210/2024, el Consejo General del IEEyPC aprobó, por unanimidad, la validez de la elección de diputaciones por el principio de representación proporcional [6] y, por ende, la asignación de doce diputaciones por dicho principio, quedando de la siguiente manera: IV. Juicio s local es . Inconforme s con lo anterior, e l tres y cuatro de julio, se presentaron diversos medios de impug n ación ante el Tribunal local . V. Acto impugnado."
SG-JRC-221/2024,rp,4,", el Tribunal local dictó resolución en l os expediente s JE - T P- 12 /2024 y acumulados , en el sentido de confirmar el acuerdo CG210/2024 del Consejo General del IEEyPC de la referida entidad, por el que se declaró la validez de la elección de diputaciones por el principio de representación proporcional, se asignaron diputaciones y se otorgaron las constancias respectivas, en el proceso electoral ordinario local 2023-2024. VI. Impugnaciones federales. Inconformes con tal determinación, un partido político y diversas candidaturas interpusieron demandas , mismas que fueron recibi"
SG-JRC-221/2024,rp,5,"la resolución del Tribunal Estatal Electoral de Sonora que confirmó el acuerdo CG210/2024 del Consejo General del Instituto Estatal Electoral y de Participación Ciudadana de la referida entidad, por el que se declaró la validez de la elección de diputaciones por el principio de representación proporcional, se asignaron diputaciones y se otorgaron las constancias respectivas, en el proceso electoral ordinario local 2023-2024 . Lo anterior, con fundamento en la normativa siguiente:  Constitución Política de los Estados Unidos Mexicanos (Constitución): artículos 41, párrafo segundo"
SM-AG-39/2024,constancia_mayoria,1,"o la elección para renovar, entre otros cargos, las diputaciones federales. 2. El 8 de junio, el Consejo Distrital concluyó el cómputo de la elección de diputación de mr y rp en dicho distrito [4] . 3. E n esa misma fecha, el Consejero Presidente del Consejo Distrital entregó la constancia de mayoría y validez a Pedro Garza como candidato electo a diputado federal de mr en el distrito electoral federal 11 de Nuevo León. II. Juicio federal 1. El 17 de junio , Pedro Garza , candidato electo d e l a coalición integrada por el PRD, PRI y PAN , present ó medio de impugnación cont"
SM-AG-39/2024,constancia_mayoria,2,"er votado y al derecho de afiliación, siempre y c uando , quien lo promueva , lo haga por su propio derecho o a través de su representante , sino también cuando pretenda controvertir los resultados y la validez de la elección en la que contendi ó , así como el otorgamiento de la constancia de mayoría correspondiente . 2. Caso concreto La materia de la controversia se origin a con la impugnación presentada por Pedro Garza contra los resultados del cómputo distrital de la elección de diputa ciones federales por el principio de mr en el 11 distrito electoral federal en Nuevo Le"
SM-AG-39/2024,rp,1,lectoral . Ley General de Instituciones: Ley General de Instituciones y Procedimientos Electorales . mr : PAN: Mayoría relativa. Partido Acción Nacional. Pedro Garza: Pedro Garza Treviño. PRD: PRI: Partido de la Revolución Democrática . Partido Revolucionario Institucional. rp : Representación proporcional. Competencia Esta Sala Monterrey es formalmente competente para definir cuál es la vía en la que debe sustanciarse y resolverse la impugnación contra los resultados del cómputo distrital de la elección de diputa ciones federales por el principio de mr en el 11 distrito electoral
SM-JDC-132/2024,rp,1,"que los partidos políticos debían promover una mayor participación política de la mujer en la vida política del país. Posteriormente, en 1996 se dispuso que en los estatutos partidistas se buscara que las candidaturas a diputaciones y senadurías tanto de mayoría relativa como de representación proporcional no excedieran del 70% para el mismo género. El 24 de junio de 2002, se publicaron reformas a la norma electoral vigente para precisar, que los partidos políticos debían promover la igualdad de oportunidad y la equidad entre hombres y mujeres, y en la vida política, mediante su p"
SM-JDC-132/2024,rp,2,"2002, se publicaron reformas a la norma electoral vigente para precisar, que los partidos políticos debían promover la igualdad de oportunidad y la equidad entre hombres y mujeres, y en la vida política, mediante su postulación en cargos de elección popular de mayoría relativa y representación proporcional. Así, en la citada reforma, el referido ordenamiento prescribió, con carácter obligatorio, un sistema de cuotas en el que se exigía que los partidos respetaran la proporción de 30-70% de candidaturas para ambos géneros en los comicios federales. Esto es, se dispuso que, en ningú"
SM-JDC-132/2024,inelegibilidad,1,"a obligación de que, al revisar las postulaciones que presenten los partidos político o coaliciones, el INE deberá tomar en cuenta los padrones estatales de deudores alimentarios morosos que ya se encuentran vigentes en las entidades federativas, con la finalidad de verificar la elegibilidad de las personas cuyo registro se solicite [9] . 3. El 25 de noviembre, el Consejo General del INE, en acatamiento a lo ordenado por la Sala Superior, aprobó el acuerdo por el que se emitieron los criterios aplicables para el registro de candidaturas a los distintos cargos de ele"
SM-JIN-11/2024,constancia_mayoria,1,"e dos mil veinticuatro . Sentencia definitiva que confirma , en lo que fue materia de impugnación, los resultados del cómputo distrital, la declaración de validez de la elección de diputaciones al Congreso de la Unión por el principio de mayoría relativa, y el otorgamiento de la constancia de mayoría y validez, realizado por el 05 Consejo Distrital del Instituto Nacional Electoral en el Estado de Nuevo León . Lo anterior, debido a que las irregularidades aducidas por l os partido s político s actor es no acreditaron las causales de nulidad de votación recibida en casilla, ni"
SM-JIN-11/2024,constancia_mayoria,2,"nsejo Distrital concluyó el cómputo de la elección de diputaciones federales por el principio de mayoría relativa y representación proporcional, correspondiente al 05 Distrito Electoral Federal en Nuevo León, con cabecera en Monterrey, declaró la validez de la elección y entregó constancia de mayoría y validez a la fórmula de la candidatura postulada por la coalición Sigamos Haciendo Historia integrada por los partidos políticos Verde Ecologista de México, del Trabajo y Morena . Lo anterior, conforme a los resultados siguientes. PARTIDOS POLÍTICOS O COALICIONES VOTOS VOTOS ("
SM-JIN-11/2024,constancia_mayoria,3,"alidez hechas valer. 6 . 3 . Decisión Debe n confirmarse en lo que fue ron materia de impugnación, los resultados del cómputo distrital, la declaración de validez de la elección de diputaciones al Congreso de la Unión por el principio de mayoría relativa, y el otorgamiento de la constancia de mayoría y validez, realizado por el Consejo Distrital , toda vez que no se acreditan las irregularidades hechas valer por l os partido s actor es para, en su caso, generar la nulidad de votación recibida en casilla o de la elección . 6 . 4 . Justificación de la decisión 6 .4.1. Invalide"
SM-JIN-11/2024,rp,1,"ncia de la República, así como a las diputaciones y senadurías de la Cámara de Diputados del Congreso de la Unión . 1.2. Cómputo distrital. El siete de junio, el Consejo Distrital concluyó el cómputo de la elección de diputaciones federales por el principio de mayoría relativa y representación proporcional, correspondiente al 05 Distrito Electoral Federal en Nuevo León, con cabecera en Monterrey, declaró la validez de la elección y entregó constancia de mayoría y validez a la fórmula de la candidatura postulada por la coalición Sigamos Haciendo Historia integrada por los partidos"
SM-JIN-58/2024,constancia_mayoria,1,", Coahuila de Zaragoza ( distrito 0 1 ) , en la que se : i ) modifica n los resultados del acta de cómputo distrital , porque en 2 casillas se acreditó la nulidad de la votación por su recepción por personas distintas a las legalmente autorizadas , ii ) confirma la entrega de la constancia de mayoría en favor de la Coalición S igamos Haciendo Historia , al no cambiar de fórmula ganadora, y, en consecuencia, iii ) confirma la validez de la elección. Índice Glosario Competencia Antecedentes Metodología general de análisis para un análisis integral de la controversia. Cuestión"
SM-JIN-58/2024,constancia_mayoria,2,"es [2] I. Hechos contextuales y origen de la presente controversia 1. El 7 de ju n io, el Consejo Distrital concluyó el cómputo de la elección de diputaciones por los principios de mayoría relativa y representación proporcional y, e n la misma fecha, ordenó elaborar y expedir la constancia de mayoría y validez a la fórmula de candidaturas postulada por la coalición Sigamos Haciendo Historia, integrada por el PVEM, PT y Morena, al obtener la mayoría de los votos [3] . III. Juicios federales 1. Inconformes, el 9 y 10 de junio, el PAN y el PRD presentaron juicios de inconformid"
SM-JIN-58/2024,constancia_mayoria,3,"ar con exactitud la intención del promovente, esta Sala Regional considera necesario precisar los actos impugnados [5] . En el caso, el PRD señala como acto impugnado en su demanda, los resultados del cómputo distrital, la declaración de validez de la elección y la entrega de la constancia de mayoría y validez respectiva, respecto de la elección de diputaciones federales en el 0 1 distrito electoral en Coahuila de Zaragoza con sede en Piedras Negras . Lo anterior, con independencia de que el PRD, en alguna parte de su escrito de demanda, refiera que las irregularidades alega"
SM-JIN-58/2024,nulidad,1,"es , en primer lugar, se analizará la procedencia de l os juicio s de inconformidad . En segundo lugar , en el contexto de lo alegado , se analizará la acreditación o no de las causas de nulidad de la votación en casilla s planteada s por los partido s impugnante s , así como la nulidad de la elección planteada por el PRD. Cuestión previa Es preciso señalar que, en el caso de deficiencias y omisiones en la expresión de agravios, se tomarán en cuenta los deducidos claramente de los hechos expuestos, en ejercicio de la facultad que la ley confiere a esta Sala Regional para supl"
SM-JIN-58/2024,nulidad,2,"casilla Apartado preliminar. Universo de casillas impugnadas Apartado I. Decisión general Apartado II. Desarrollo y justificación de la decisión Tema i . Recepción de la votación por personas u órganos distintos a los legalmente autorizados 1. Criterio jurídico para analizar la causal de nulidad 2. Caso concretamente revisado 3. Valoración 3.1. En primer lugar, en las 69 casillas señaladas por el PRD, es ineficaz el motivo de inconformidad, porque omite señalar el nombre completo de las personas funcionarias que supuestamente no debieron integrar las mesas directivas de"
SM-JIN-58/2024,nulidad,3,"as no autorizadas por la ley, ni se encuentran en los listados nominales de las secciones correspondientes Tema ii . Permitir a personas ciudadanas sufragar sin credencial para votar o cuyo nombre no aparezca en la lista nominal de electores 1. Criterio jurídico para analizar la causal de nulidad 2. Caso concretamente revisado 3. Valoración Tema iii . Haber mediado dolo o error en la computación de los votos y siempre que ello sea determinante para el resultado de la votación 1. Criterio jurídico para analizar la causal de nulidad 2. Caso concretamente revisado 3. Valora"
SM-JIN-58/2024,nulidad,4,es 1. Criterio jurídico para analizar la causal de nulidad 2. Caso concretamente revisado 3. Valoración Tema iii . Haber mediado dolo o error en la computación de los votos y siempre que ello sea determinante para el resultado de la votación 1. Criterio jurídico para analizar la causal de nulidad 2. Caso concretamente revisado 3. Valoración Tema iv. Análisis de la causal genérica de nulidad de elección 1. Criterio jurídico para analizar la causal de nulidad 2. Caso concretamente revisado 3. Valoración Apartado III. Efectos Resuelve Glosario Casilla B Casilla Básica . C:
SM-JIN-58/2024,nulidad,5,"os votos y siempre que ello sea determinante para el resultado de la votación 1. Criterio jurídico para analizar la causal de nulidad 2. Caso concretamente revisado 3. Valoración Tema iv. Análisis de la causal genérica de nulidad de elección 1. Criterio jurídico para analizar la causal de nulidad 2. Caso concretamente revisado 3. Valoración Apartado III. Efectos Resuelve Glosario Casilla B Casilla Básica . C: Contigua . Consejo Distrital: 0 1 Consejo Distrital del Instituto Nacional Electoral en el Estado de Coahuila de Zaragoza, con sede en Piedras Negras . E: Extraordi"
SM-JIN-58/2024,rp,1,"s de Impugnación : Ley General del Sistema de Medios de Impugnación en Materia Electoral Ley General de Instituciones: Ley General de Instituciones y Procedimientos Electorales mr : Mayoría relativa. PAN: Partido Acción Nacional. PRD: Partido de la Revolución D emocrática . rp : Representación proporcional. S: Especial. Competencia Esta Sala Regional es competente para resolver los presente s juicio s de inconformidad promovido s por el PAN y PRD , contra los resultados de la elección de la diputación federal del distrito 01 con sede en Piedras Negras , Coahuila de Zaragoza , enti"
SM-JIN-58/2024,rp,2,"minal Electoral sobre la cual este tribunal ejerce jurisdicción [1] . Antecedentes [2] I. Hechos contextuales y origen de la presente controversia 1. El 7 de ju n io, el Consejo Distrital concluyó el cómputo de la elección de diputaciones por los principios de mayoría relativa y representación proporcional y, e n la misma fecha, ordenó elaborar y expedir la constancia de mayoría y validez a la fórmula de candidaturas postulada por la coalición Sigamos Haciendo Historia, integrada por el PVEM, PT y Morena, al obtener la mayoría de los votos [3] . III. Juicios federales 1. Inconform"
SM-JIN-82/2024,constancia_mayoria,1,"de en Nuevo Laredo , Tamaulipas (distrito 01) , en la que se: i) modifica n los resultados del acta de cómputo distrital, porque en una casilla se acreditó la nulidad de la votación por su recepción por persona distinta a las legalmente autorizadas, ii) confirma la entrega de la constancia de mayoría en favor de la Coalición Seguimos Haciendo Historia, al no cambiar de fórmula ganadora y , en consecuencia, iii ) confirma l a validez de la elección. Índice Glosario Competencia Antecedentes Metodología general para un análisis integral de la controversia. Cuestión previa Acumu"
SM-JIN-82/2024,constancia_mayoria,2,"ra renovar, entre otros cargos, l as diputaciones federales del Congreso de la Unión. 2 . El 7 de junio, el Consejo Distrital concluyó el cómputo de la elección de diputaciones por los principios de mayoría relativa y representación proporcional y, e n la misma fecha, entregó la constancia de mayoría y validez a la fórmula de candidaturas postulada por la Coalición Sigamos Haciendo Historia [4] . II. Juicios federales 1. Inconformes, el 9 y 1 0 de junio, el PRD y PAN , respectivamente, presentaron juicios de inconformidad contra los resultados d el cómputo realizado por el C"
SM-JIN-82/2024,constancia_mayoria,3,"N , respectivamente, presentaron juicios de inconformidad contra los resultados d el cómputo realizado por el Consejo Distrital 01 con sede en Nuevo Laredo, Tamaulipas , relativo a la elección de diputaciones federales en el proceso electoral 2023-2024, así como la entrega de la constancia de mayoría a la fórmula de candidaturas postula da por la Coalición Sigamos Haciendo Historia , al considerar , entre otras cuestiones, que en diversas casillas se recibió la votación por personas u organismos distintos a los facultados por la ley, aunado a que, en otras, se permitió votar"
SM-JIN-82/2024,constancia_mayoria,4,"ención del promovente, esta Sala Regional considera necesario precisar los actos impugnados [8] . En el caso, los partidos impugnantes señalan como actos impugnados en sus demandas, los resultados del cómputo distrital, la declaración de validez de la elección y la entrega de la constancia de mayoría y validez respectiva , respecto de la elección de diputaciones federales en el 01 distrito electoral en Tamaulipas. Lo anterior, con independencia de que el PRD, en alguna parte de su escrito de demanda , refi era que las irregularidades alegadas corresponden a las elecciones de"
SM-JIN-82/2024,nulidad,1,"os juicio s de inconformidad y , en su caso, lo planteado por el tercero interesado . En segundo lugar , en el contexto de lo alegado , se analizará la acreditación o no de las causas de nulidad de la votación en casilla planteada s por l os partido s impugnante s , así como la nulidad de la elección planteada po r el PRD. Cuestión previa Es preciso señalar que, en el caso de deficiencias y omisiones en la expresión de agravios, se tomarán en cuenta los deducidos claramente de los hechos expuestos, en ejercicio de la facultad que la ley confiere a esta Sala Regional para sup"
SM-JIN-82/2024,nulidad,2,silla Apartado preliminar . Universo de casillas impugnadas Apartado I . Decisión general Apartado II . Desarrollo y justificación de la decisión Tema i . Recepción de la votación por personas u órganos distintos a los legalmente autorizados 1. Criterio jurídico para analizar la causal de nulidad 2. Caso concretamente revisado 3. Valoración Tema ii . Permitir a personas ciudadanas sufragar sin credencial para votar o cuyo nombre no aparezca en la lista nominal de electores 1. Criterio jurídico para analizar la causal de nulidad 2. Caso concretamente revisado 3. Valoració
SM-JIN-82/2024,nulidad,3,zados 1. Criterio jurídico para analizar la causal de nulidad 2. Caso concretamente revisado 3. Valoración Tema ii . Permitir a personas ciudadanas sufragar sin credencial para votar o cuyo nombre no aparezca en la lista nominal de electores 1. Criterio jurídico para analizar la causal de nulidad 2. Caso concretamente revisado 3. Valoración Tema iii . Haber mediado dolo o error en la computación de los votos y siempre que ello sea determinante para el resultado de la votación 1. Criterio jurídico para analizar la causal de nulidad 2. Caso concretamente revisado 3. Valora
SM-JIN-82/2024,nulidad,4,es 1. Criterio jurídico para analizar la causal de nulidad 2. Caso concretamente revisado 3. Valoración Tema iii . Haber mediado dolo o error en la computación de los votos y siempre que ello sea determinante para el resultado de la votación 1. Criterio jurídico para analizar la causal de nulidad 2. Caso concretamente revisado 3. Valoración Tema iv . Análisis de la causal genérica de nulidad de elección 1. Criterio jurídico para analizar la causal de nulidad 2. Caso concretamente revisado 3. Valoración Apartado III . Efectos Resuelve Glosario B : Casilla Básica . C: Cont
SM-JIN-82/2024,nulidad,5,"s votos y siempre que ello sea determinante para el resultado de la votación 1. Criterio jurídico para analizar la causal de nulidad 2. Caso concretamente revisado 3. Valoración Tema iv . Análisis de la causal genérica de nulidad de elección 1. Criterio jurídico para analizar la causal de nulidad 2. Caso concretamente revisado 3. Valoración Apartado III . Efectos Resuelve Glosario B : Casilla Básica . C: Contigua . Coalición Sigamos Haciendo Historia: Coalición Sigamos Haciendo Historia integrada por Morena, el Partido Verde Ecologista de México y el Partido del Trabajo."
SM-JIN-82/2024,rp,1,"Medios de Impugnación en Materia Electoral . Ley General de Instituciones: Ley General de Instituciones y Procedimientos Electorales . mr : Mayoría relativa. PAN: Partido Acción Nacional. PRD: Partido de la Revolución Democrática. PVEM: Partido Verde Ec ologista de México. rp : Representación proporcional. Competencia Esta Sala Regional es competente para resolver l os presente s asunto s , porque se trata n de juicio s de inconformidad promovido s por partido s político s , contra los resultados de la elección de la diputación federal del distrito 0 1 con sede en Nuevo Laredo, T"
SM-JIN-82/2024,rp,2,"1 . El 2 de junio de 2024 [3] , se llevó a cabo la elección para renovar, entre otros cargos, l as diputaciones federales del Congreso de la Unión. 2 . El 7 de junio, el Consejo Distrital concluyó el cómputo de la elección de diputaciones por los principios de mayoría relativa y representación proporcional y, e n la misma fecha, entregó la constancia de mayoría y validez a la fórmula de candidaturas postulada por la Coalición Sigamos Haciendo Historia [4] . II. Juicios federales 1. Inconformes, el 9 y 1 0 de junio, el PRD y PAN , respectivamente, presentaron juicios de inconformid"
SM-JIN-109/2024,constancia_mayoria,1,"mil veint i cuatro . Sentencia definitiva que confirma , en lo que fue materia de controversia, el cómputo distrital de la elección de diputaciones federales por el principio de mayoría relativa y, en consecuencia, la declaración de validez de la elección y el otorgamiento de la constancia de mayoría y validez respectiva, realizados por el 04 Consejo Distrital del Instituto Nacional Electoral en el Estado de Coahuila de Zaragoza con sede en Saltillo, toda vez que las irregularidades hechas valer por los partidos políticos actores no generan la nulidad de la votación recibida"
SM-JIN-109/2024,constancia_mayoria,2,"el Congreso de la Unión. 1.2. Cómputo distrital. El siete de junio, el Consejo Distrital concluyó el cómputo de la elección en el 0 4 distrito electoral federal en el Estado de Coahuila de Zaragoza , con sede en Saltillo , en el que se declaró la validez de la elección y entregó constancia de mayoría y validez a la fórmula de la Coalición “ Fuerza y Corazón por México ” . Los resultados obtenidos fueron los siguientes: Votación por candidaturas Partidos políticos y coaliciones Votación Coalición ""Fuerza y Corazón por México ” 111,415 Cincuenta once mil cuatrocientos quince C"
SM-JIN-109/2024,constancia_mayoria,3,"resado en ambos juicios . 2. COMPETENCIA Esta Sala Regional es competente para conocer y resolver los presentes juicios de inconformidad promovidos contra los resultados consignados en el acta de cómputo distrital, la declaración de validez de la elección y el otorgamiento de la constancia de mayoría y validez, respecto de la elección de diputaciones federales en el 0 4 distrito electoral federal en Coahuila de Zaragoza ; supuesto previsto expresamente para conocimiento y resolución de este órgano jurisdiccional. Lo anterior, con fundamento en los artículos 176, fracción II,"
SM-JIN-109/2024,nulidad,1,"La persona electora ejerció su voto sin credencial para votar y/o sin aparecer en la lista nominal de electores o listas adicionales 3 1768 C2 La persona electora ejerció su voto sin credencial para votar y/o sin aparecer en la lista nominal de electores o listas adicionales 4) Nulidad de la elección por violaciones sustanciales en la jornada electoral La parte actora solicita la nulidad de la elección, en tanto que, indebidamente, se consideró válida la votación recibida en las mesas directivas de casilla instaladas el pasado dos de junio, cuando, desde su perspectiva, la v"
SM-JIN-109/2024,nulidad,2,"lectores o listas adicionales 3 1768 C2 La persona electora ejerció su voto sin credencial para votar y/o sin aparecer en la lista nominal de electores o listas adicionales 4) Nulidad de la elección por violaciones sustanciales en la jornada electoral La parte actora solicita la nulidad de la elección, en tanto que, indebidamente, se consideró válida la votación recibida en las mesas directivas de casilla instaladas el pasado dos de junio, cuando, desde su perspectiva, la votación se encontraba viciada por la indebida intervención del gobierno federal. En ese contexto, entre"
SM-JIN-109/2024,nulidad,3,"lida la votación recibida en las mesas directivas de casilla instaladas el pasado dos de junio, cuando, desde su perspectiva, la votación se encontraba viciada por la indebida intervención del gobierno federal. En ese contexto, entre otros aspectos, sostiene debe determinarse la nulidad de la elección, por vulneración a los principios de neutralidad y equidad, que se traduce en una implícita trasgresión de los principios rectores de la elección; a saber, que sean libres, auténticas y periódicas, mediante voto universal, libre, secreto y directo, así como los derechos de parti"
SM-JIN-109/2024,nulidad,4,"votación recibida previstas en los incisos e), f) y g) del artículo 75, de la Ley de Medios , conforme a lo siguiente: 1) Nulidad de votación en treinta y dos [ 32 ] casilla s por recibirla personas u órganos distintos a los facultados para ell o [causal e)] El PRD hace valer la causal de nulidad de la votación recibida en casilla, prevista en el artículo 75, párrafo 1, inciso e) , de la Ley de Medios, en relación con lo establecido en el artículo 274, numeral 1, incisos a) y f) , de la LEGIPE , pues afirma se recibió la votación en las siguientes casillas por personas n"
SM-JIN-109/2024,nulidad,5,"1776 C3 22. 1776 C4 23. 1777 C4 24. 1778 C4 25. 1780 C2 26. 1783 C1 27. 1783 C3 28. 1784 C1 29. 1790 C3 30. 1791 C1 31. 1792 C1 32. 1832 C2 2) Nulidad de votación recibida en casilla, por haber mediado dolo o error en la computación de los votos [causal f)] El PRD h ace valer la causal de nulidad de votación recibida en casilla, prevista en el artículo 75, inciso f), de la Ley de Medios , consistente en error o dolo en la computación de la votación, bajo el argumento de la existencia de anomalías en el sistema de carga de la información de los cómputos distritales que, a"
SM-JIN-146/2024,constancia_mayoria,1,"Nuevo León, a 28 de junio de 202 4 . Sentencia de la Sala Monterrey , respecto a la elección de la diputación federal con sede en Nuevo Laredo , Tamaulipas (distrito 01) , en la que se desecha de plano , por extemporánea , la demanda presentada por el PRI contra la entrega de la constancia de mayoría y validez a la fórmula ganadora de diputación federal postulada por la Coalición “ Sigamos Haciendo Historia ” . Lo anterior , porque el cómputo de la elección en cuestión concluyó el 7 de junio del año en curso y , en esa misma fecha , se entregó la constancia de mayoría corres"
SM-JIN-146/2024,constancia_mayoria,2,"ncipio de representación proporcional. Sala Superior: Sala Superior del Tribunal Electoral del Poder Judicial de la Federación. Competencia Esta Sala Regional es competente para resolver el presente juicio de inconformidad promovido por un partido político , contra la entrega de constancia de mayoría y validez de la elección de diputación federal del distrito 01 con sede en Nuevo Laredo, Tamaulipas, entidad federativa que se ubica dentro de la Segunda Circunscripción Plurinominal Electoral sobre la cual este tribunal ejerce jurisdicción [1] . Antecedentes [2] 1. El 2 de juni"
SM-JIN-146/2024,constancia_mayoria,3,"2024 [3] , se llevó a cabo la elección para renovar, entre otros cargos, las diputaciones federales del Congreso de la Unión. 2. El 7 d e junio, el Consejo Distrital concluyó el cómputo de la elección de diputaciones por los principios de mr y rp y, en la misma fecha, entregó la constancia de mayoría y validez a la fórmula de candidaturas postulada por la Coalición “ Sigamos Haciendo Historia ” [4] . 3 . Inconforme, el 1 2 de junio, el PRI presentó juicio de inconformidad contra la entrega de la constancia de mayoría y validez a la fórmula de candidatura a diputación federal"
SM-JIN-146/2024,constancia_mayoria,4,"los principios de mr y rp y, en la misma fecha, entregó la constancia de mayoría y validez a la fórmula de candidaturas postulada por la Coalición “ Sigamos Haciendo Historia ” [4] . 3 . Inconforme, el 1 2 de junio, el PRI presentó juicio de inconformidad contra la entrega de la constancia de mayoría y validez a la fórmula de candidatura a diputación federal postulada por la Coalición “ Sigamos Haciendo Historia ” , al considerar, en esencia, la existencia de una supuesta afectación a la autenticidad del sufragio y un fraude a la Constitución General, derivado de que Morena"
SM-JIN-146/2024,constancia_mayoria,5,"amiento Apartado I . Decisión general Esta Sala Monterrey considera que , respecto a la elección de la diputación federal con sede en Nuevo Laredo , Tamaulipas (distrito 01) , debe desecha rse de plano , por extemporánea , la demanda presentada por el PRI contra la entrega de la constancia de mayoría y validez a la fórmula ganadora de diputación federal postulada por la Coalición “ Sigamos Haciendo Historia ” . Lo anterior, porque el cómputo de la elección en cuestión concluyó el 7 de junio del año en curso y , en esa misma fecha , se entregó la constancia de mayoría corresp"
SM-JIN-146/2024,nulidad,1,"ón de diputaciones de mr cuando se impugnan los resultados de las actas de cómputo distrital, las declaraciones de validez de las elecciones y el otorgamiento de las constancias de mayoría y validez respectivas , por nulidad de la votación recibida en una o varias casillas o por nulidad de la elección (artículo 50, párrafo 1, inciso b ), fracci o n es I y II [11] ). Asimismo, de manera concreta, establece que el juicio de inconf ormidad debe presentarse dentro de los 4 días contados a partir del día siguiente de que concluya el cómputo correspondiente ( artículo 55, párrafo 1"
SM-JIN-146/2024,nulidad,2,"rincipio de mayoría relativa: I. Los resultados consignados en las actas de cómputo distrital, las declaraciones de validez de las elecciones y el otorgamiento de las Constancias de Mayoría y Validez respectivas, por nulidad de la votación recibida en una o varias casillas o por nulidad de la elección; II. Las determinaciones sobre el otorgamiento de las Constancias de Mayoría y Validez respectivas; y [12] Artículo 55 . 1 . La demanda del juicio de inconformidad deberá presentarse dentro de los cuatro días contados a partir del día siguiente de que concluya la práctica de los"
SM-JIN-146/2024,rp,1,"Tamaulipas, con sede en Nuevo Laredo . Ley de Medios de Impugnación: Ley General del Sistema de Medios de Impugnación en Materia Electoral. mr : Principio de mayoría relativa. PRI : Partido Revolucionario Institucional. PVEM: Partido Verde Ecologista de México. rp : Principio de representación proporcional. Sala Superior: Sala Superior del Tribunal Electoral del Poder Judicial de la Federación. Competencia Esta Sala Regional es competente para resolver el presente juicio de inconformidad promovido por un partido político , contra la entrega de constancia de mayoría y validez de la"
ST-JDC-69/2024,inelegibilidad,1,"justificación para otorgar apoyos, constancias, y documentos que emanan del mismo instituto político, no se brinda la certeza a la militancia de ser respetados los derechos de la igualdad, inclusión y no discriminación. Por tanto, considera que como cumple con los requisitos de elegibilidad (que sostiene anexa a su demanda) establecidos en la Constitución federal y leyes federales, y acredita haber solicitado con considerable antelación haber manifestado su intención de postularse y participar en el proceso interno de selección de candidatos a diputado federal al a"
ST-JDC-69/2024,inelegibilidad,2,"icación para otorgar apoyos, constancias, y documentos que emanan del mismo instituto político, no se brinda la certeza a la militancia de ser respetados los derechos de la igualdad, inclusión y no discriminación. Asimismo, señala que toda vez que él cumple con los requisitos de elegibilidad establecidos en la Constitución federal y leyes federales , así como que acredita haber solicitado con considerable antelación y que no se le otorg ó la candidatura por una cuestión imputable a su persona, lo que revela un trato diferenciado . Marco normativo aplicable Este órga"
ST-JIN-85/2024,constancia_mayoria,1,". [1] Sentencia de la Sala Regional Toluca del Tribunal Electoral del Poder Judicial de la Federación que confirma el cómputo de la elección de diputaciones de mayoría relativa en el 0 3 Distrito Electoral Federal en el Estado de México , así como la declaración de validez y la constancia de mayoría. ANTECEDENTES I . De la narración de hechos que el representante del partido político actor hace en su escrito de demanda, así como de las constancias que obran en autos, se advierte lo siguiente: 1 . Jornada electoral . El dos de junio de dos mil veinticuatro, se llevó a cabo l"
ST-JIN-85/2024,constancia_mayoria,2,"ntos ochenta y dos 19,546 Cuatrocientos setenta y tres CANDIDATURAS NO REGISTRADAS 224 Doscientos veinticuatro VOTOS NULOS 6,061 Seis mil sesenta y uno Concluido el cómputo, el consejo responsable declaró la validez de la elección de diputaciones de mayoría relativa y expidió la constancia de mayoría y validez a favor de la fórmula de candidaturas postuladas por la Coalición “ Juntos Sigamos Haciendo Historia ” . II. Juicio de inconformidad . En contra de los resultados que arrojó el cómputo distrital, la declaración de validez y la expedición de las constancias de mayoría y"
ST-JIN-85/2024,constancia_mayoria,3,"us calami, pues el partido actor claramente refiere controvertir la elección de diputaciones de mayoría relativa del distrito indicado. 2. Falta de definitividad El planteamiento de Morena se desestima porque parte de la premisa de que se controvierte la declaración de validez y constancia de mayoría de las elecciones presidencial y senaduría, lo cual, como se indicó, no es así. Por otro lado, en cuando a la declaración de validez y constancia de mayoría de la elección de diputación impugnada, se trata de un acto definitivo para efectos de procedencia del juicio de inconform"
ST-JIN-85/2024,constancia_mayoria,4,"idad El planteamiento de Morena se desestima porque parte de la premisa de que se controvierte la declaración de validez y constancia de mayoría de las elecciones presidencial y senaduría, lo cual, como se indicó, no es así. Por otro lado, en cuando a la declaración de validez y constancia de mayoría de la elección de diputación impugnada, se trata de un acto definitivo para efectos de procedencia del juicio de inconformidad, pues no existe un medio de impugnación o recurso que pueda modificar tales actos antes de acudir a este juicio. QUINTO . Requisitos generales y especia"
ST-JIN-85/2024,constancia_mayoria,5,"circunstanciado. Requisitos especiales. El escrito de demanda satisface los requisitos especiales, toda vez que se impugnan los resultados del cómputo distrital de la elección de diputaciones federales de mayoría relativa, su declaración de validez, así como la expedición de la constancia de mayoría respectiva, realizados por el 0 3 Consejo Distrital del INE en el Estado de México . Asimismo, se precisan de manera individualizada las casillas cuya votación solicita sea anulada ; la causal de nulidad que se invoca en cada caso , así como la pretensión de nulidad de la elecci"
ST-JIN-85/2024,nulidad,1,"onstancia de mayoría respectiva, realizados por el 0 3 Consejo Distrital del INE en el Estado de México . Asimismo, se precisan de manera individualizada las casillas cuya votación solicita sea anulada ; la causal de nulidad que se invoca en cada caso , así como la pretensión de nulidad de la elección . SEXTO . Precisión del acto impugnado. El promovente señala impugnar los resultados del acta de cómputo distrital, la declaración de validez y el otorgamiento de la constancia de mayoría en el mencionado distrito de la elección de diputación federal, por mayoría relativa. En es"
ST-JIN-85/2024,nulidad,2,"va. SÉPTIMO. Estudio de fondo. La parte actora sostiene nulidad de casillas y pretensión de nulidad de elección. En tal sentido el estudio se hará, primero , respecto de la nulidad de casillas, ya que podría afectar el cómputo y es necesario tener ese dato firme para analizar la nulidad de la elección . En el análisis de los agravios se tomarán en cuenta las actas de jornada, de escrutinio y hojas de incidentes, así como los encartes y la demás documentación oficial de las casillas, las cuales se toman como documentales públicas con pleno valor probatorio, de acuerdo a lo pre"
ST-JIN-85/2024,nulidad,3,"yoría relativa, su declaración de validez, así como la expedición de la constancia de mayoría respectiva, realizados por el 0 3 Consejo Distrital del INE en el Estado de México . Asimismo, se precisan de manera individualizada las casillas cuya votación solicita sea anulada ; la causal de nulidad que se invoca en cada caso , así como la pretensión de nulidad de la elección . SEXTO . Precisión del acto impugnado. El promovente señala impugnar los resultados del acta de cómputo distrital, la declaración de validez y el otorgamiento de la constancia de mayoría en el mencion"
ST-JIN-85/2024,nulidad,4,"AS E N EL ARTÍCULO 75, PÁRRAFO 1, DE LA LEY DE MEDIOS A B C D E F G H I J K 1 422 C-3 X 2 423 C-1 X 3 425 B1 X 4 2219-E1 X 5 2344-B1 X 6 2347-C1 X 7 2361-E1 X 8 2361-E2 X TOTAL 6 1 1 Cabe señalar que, en la demanda, el PRD refiere que en la casilla 2344 básica 1, se actualiza la causal de nulidad prevista en el artículo 75, párrafo 1, inciso f), de la Ley de Medios. Sin embargo, de una lectura detenida del agravio expresado, esta Sala Regional advierte que no dirige ningún argumento en ese sentido y que el hecho de que se mencione la causal del inciso f) se debe a un err"
ST-JIN-85/2024,nulidad,5,"entara la persona que ostente la presidencia , entonces ést a integrará la mesa directiva de casilla nombrando a l as personas funcionari a s de entre l a ciudadanía elector a que se encuentren en la casilla , quienes deben estar en la lista nominal de la sección. Ahora bien, la causal de nulidad se entenderá actualizada cuando se acredite que la votación, efectivamente, se recibió por personas distintas a las facultadas conforme a la ley, sea que hayan sido designadas durante la etapa de preparación de la elección, en el procedimiento relativo a la integración de las me"
ST-RAP-50/2024,fiscalizacion,1,"A AGUILAR GONZÁLEZ Toluca de Lerdo, Estado de México a dos de agosto de dos mil veinticuatro. V I S T O S , para resolver los autos del recurso de apelación interpuesto por MORENA a fin de impugnar la resolución INE/CG838/2024 , que declaró fundado el procedimiento en materia de fiscalización INE/Q- COF-UTF/91/2024 , instaurando en contra del mencionado partido político y su aspirante y/o precandidato a Diputado Federal por el Distrito Electoral 06 en Michoacán, correspondiente al proceso electoral concurrente ordinario 2023-2024; y, R E S U L T A N D O I. Antecedent"
ST-RAP-50/2024,fiscalizacion,2,"del Instituto Nacional Electoral . El veinte de julio de dos mil veintitrés, en sesión extraordinaria, el Consejo General del Instituto Nacional Electoral aprobó el acuerdo INE/CG429/2023 , por el cual se determinaron los lineamientos para la contabilidad, rendición de cuentas y fiscalización, así como los gastos que se consideran como de apoyo de la ciudadanía y precampaña correspondientes a los procesos electorales federales y locales concurrentes 2023-2024, así como los procesos extraordinarios que se pudieran derivar. 2. Sesión ordinaria . El veinticinco de agost"
ST-RAP-50/2024,fiscalizacion,3,"les concurrentes 2023-2024, así como los procesos extraordinarios que se pudieran derivar. 2. Sesión ordinaria . El veinticinco de agosto del dos mil veintitrés, el Consejo General del Instituto Nacional Electoral aprobó el acuerdo INE/CG502/2023 , referente a los plazos para la fiscalización de los informes de ingresos y gastos correspondiente a los periodos de obtención del apoyo de la ciudadanía, precampañas y campañas de los procesos electorales federal y locales concurrentes 2023-2024. 3. Queja . El veintisiete de enero del dos mil veinticuatro, la Junta Ejecuti"
ST-RAP-50/2024,fiscalizacion,4,"procedimiento y emplazó al MORENA . 5. Resolución del Consejo General -Acto impugnado- ( INE/CG838/2024) . El veintisiete de junio de dos mil veinticuatro, el Consejo General del Instituto Nacional Electoral, entre otras cuestiones, declaró fundado el procedimiento en materia de fiscalización INE/Q-COF- UTF/91/2024, promovido en contra de MORENA y Alejandro Correa Gómez, en su carácter de aspirante y/o precandidato a Diputado Federal por el Distrito Electoral 06 en Michoacán, correspondiente al proceso electoral concurrente ordinario 2023-2024. 6. Notificación de la"
ST-RAP-50/2024,fiscalizacion,5,"inominal es competente para conocer y resolver el presente medio de impugnación, por tratarse de un recurso de apelación interpuesto con el fin de controvertir una resolución del Consejo General del Instituto Nacional Electoral, que declaró fundado un procedimiento en materia de fiscalización incoado en contra de MORENA y su aspirante y/o precandidato a Diputado Federal por el Distrito Electoral 06, en el Estado de Michoacán, entidad federativa que pertenecen a la Circunscripción en la que esta Sala Regional ejerce jurisdicción y acto sobre el cual es competente para"
ST-RAP-50/2024,propaganda,1,"ón Democrática en contra del MORENA y su aspirante y/o precandidato a Diputado Federal por el Distrito 06 en esa Entidad Federativa, denunciando la presunta colocación de espectaculares que no incluían el registro ID-INE ; omisión de reportar gastos y la donación de una lona con propaganda electoral en apoyo a la referida precandidatura, la realización de diversos eventos en distintos municipios de ese distrito electoral y la omisión de registrar los mismos en el módulo correspondiente. 4. Notificación . El ocho de febrero del año en curso, la Junta Ejecutiva Dist"
ST-RAP-50/2024,propaganda,2,"sia del asunto radicó en determinar si el partido político actor, así como una persona ciudadana, presunto aspirante y/o precandidato a Diputado Federal por ese partido político, incurrieron en la presunta omisión de reportar gastos, así como reportar la donación de una lona con propaganda electoral en apoyo a su precandidatura y la realización de diversos eventos en distintos municipios del Distrito Electoral 06, en el Estado de Michoacán. Que a decir de la parte actora en la queja primigenia beneficiaron la precandidatura de la persona señalada y consideró const"
ST-RAP-50/2024,propaganda,3,"RENA y a una persona ciudadana presunto aspirante y/o precandidato a Diputado Federal por ese partido político, por la presunta colocación de espectaculares que no incluyeron en el registro ID-NE , la omisión de reportar gastos, la omisión de reportar la donación de una lona con propaganda electoral en apoyo a su precandidatura , la realización de diversos eventos en distintos municipios del Distrito Electoral 06, en el Estado de Michoacán, promoviendo su candidatura y la omisión de registrar los mismos en el módulo correspondiente. Posteriormente, la autoridad re"
ST-RAP-50/2024,propaganda,4,"ingresos o gastos reportados por el concepto denunciado por la parte quejosa. En ese sentido, la autoridad responsable solicitó a la Dirección del Secretariado de la Secretaría Ejecutiva del Instituto Nacional Electoral realizar inspección ocular respecto de la existencia de la propaganda mencionada. Mediante el acta circunstanciada respectiva, la responsable mencionó que la Vocalía del Secretariado de la Junta Distrital Ejecutiva 06 del Instituto Nacional Electoral en el Estado de Michoacán hizo constar la existencia de la lona denunciada ; también las medidas q"
ST-RAP-50/2024,propaganda,5,"a; así como que la encontró colocada en la estructura de unas gradas de la plaza de toros “ La Favorita ” de Huandacareo, Michoacán . Al respecto, la responsable señaló que de conformidad con el artículo 207, numeral 1, inciso b), y numeral 8, del Reglamento de Fiscalización, la propaganda denunciada cumplió con las características y dimensión para ser considerada un espectacular . En tal virtud, el Consejo General del Instituto Nacional Electoral requirió a la Dirección de Auditoría le indicara si dentro del Sistema Integral de Fiscalización se encontraba registr"
ST-RAP-74/2024,fiscalizacion,1,"lver los autos de l os recurso s de apelación citado al rubro, promovido s por el partido MORENA [2] a fin de impugnar la resolución INE/CG1098/2024 del Consejo General del Instituto Nacional Electoral, respecto del procedimiento administrativo sancionador de queja en materia de fiscalización con el número de expediente INE/Q-COF - UTF/1351/2024 , y R E S U L T A N D O I. Antecedentes. De l a demanda y las constancias d el expediente, se advierte n : 1. Escrito de queja . El 16 de mayo, José Alejandro Lorenzo González, en su carácter de Representante Propietario de M"
ST-RAP-74/2024,fiscalizacion,2,"e n : 1. Escrito de queja . El 16 de mayo, José Alejandro Lorenzo González, en su carácter de Representante Propietario de Morena ante la Junta Distrital Ejecutiva 10 del Instituto Nacional Electoral en Morelia , presentó queja ante la Oficialía de Partes de la Unidad Técnica de Fiscalización , en contra de la coalición “Fuerza y Corazón por México” conformada por los partidos políticos Acción Nacional, Revolucionario Institucional y Revolución Democrática, así como su otrora candidato a la Diputación Federal del Distrito 10 en Morelia, Michoacán de Ocampo, David Ale"
ST-RAP-74/2024,fiscalizacion,3,"plazó a los sujetos denunciados. P osterior mente el 11 de julio se cerró instrucción. 3. R esolución —Acto impugnado— . El 22 de julio, el Consejo General del INE aprobó la resolución INE/CG 1098 /2024 respecto del procedimiento administrativo sancionador de queja en materia de fiscalización . II. Recurso s de apelación. Inconforme, e l 2 y 3 de agosto , el representante de MORENA ante la 10 Junta Distrital Ejecutiva del INE en Morelia, Michoacán , promovió , vía correo electrónico y en físico , recurso s de apelación ante el Instituto , los cuales , fue ron recibid"
ST-RAP-74/2024,fiscalizacion,4,"ión citado al rubro, promovido s por el partido MORENA [2] a fin de impugnar la resolución INE/CG1098/2024 del Consejo General del Instituto Nacional Electoral, respecto del procedimiento administrativo sancionador de queja en materia de fiscalización con el número de expediente INE/Q-COF - UTF/1351/2024 , y R E S U L T A N D O I. Antecedentes. De l a demanda y las constancias d el expediente, se advierte n : 1. Escrito de queja . El 16 de mayo, José Alejandro Lorenzo González, en su carácter de Representante Propietario de Morena ante la Junta Distrital Ejecutiv"
ST-RAP-74/2024,fiscalizacion,5,"nciando la presunta omisión de reportar gastos y la subvaluación de diversos gastos, tales, como de transporte, pago de personal y utilitarios, en el marco del Proceso Electoral Federal Ordinario 2023-2024. 2. Sustanciación . El 20 de mayo, se integró con el número de expediente INE/Q-COF - UTF/1351/2024 , se admitió y se emplazó a los sujetos denunciados. P osterior mente el 11 de julio se cerró instrucción. 3. R esolución —Acto impugnado— . El 22 de julio, el Consejo General del INE aprobó la resolución INE/CG 1098 /2024 respecto del procedimiento administrativ"
SRE-PSC-565/2024,propaganda,1,"ENA , por la presunta vulneración a los principios de imparcialidad, neutralidad y equidad, promoción personalizada, el uso indebido de recursos públicos y vulneración a los tiempos de difusión del informe anual de actividades. 3. Lo anterior, derivado de la supuesta difusión de propaganda electoral a través de pinta de bardas y espectaculares relativos a su informe de labores, en diversos municipios de Baja California fuera de la temporalidad permitida por la normativa . 4. Asimismo, solicitó el dictado de medidas cautelares. 5. 2 . Registro e incompetencia feder"
SRE-PSC-565/2024,propaganda,2,"petente para resolver el procedimiento especial sancionador [13] , porque se denunció la supuesta vulneración de los principios de neutralidad, imparcialida d y equidad; el uso indebido de recursos públicos; la promoción personalizada y la vulneración a las reglas de difusión de propaganda relativa al informe de labores de una diputación federal fuera de los plazos establecidos en la ley . SEGUNDA. Causales de improcedencia y vulneraciones procesales . Causales de improcedencia 21. Julieta Andrea Ramírez Padilla solicitó que se desestime el análisis de fondo del a"
SRE-PSC-565/2024,propaganda,3,orio que Julieta Andrea Ramírez Padilla era candidata a una senaduría por MORENA [21] .  Segundo informe de labores legislativas . 33. Julieta Andrea Ramírez Padilla rindió su primer informe de actividades el 17 de febrero y el segundo el 27 de octubre [22] .  Existencia de la propaganda denunciada. 34. De las diversas constancias se aprecia que se certificó la existencia de 3 bardas [23] con mensajes alusivos a su informe de actividades como diputa da federal : Acta Lugar Número y tipo de propaganda INE/BC/JLE/VS/OE/0154/2024 [24] Mexicali No se localizó propag
SRE-PSC-565/2024,propaganda,4,ebrero y el segundo el 27 de octubre [22] .  Existencia de la propaganda denunciada. 34. De las diversas constancias se aprecia que se certificó la existencia de 3 bardas [23] con mensajes alusivos a su informe de actividades como diputa da federal : Acta Lugar Número y tipo de propaganda INE/BC/JLE/VS/OE/0154/2024 [24] Mexicali No se localizó propaganda en cinco ubicaciones. INE/OE/BC/JDE-02/AC01/2024 [25] 1 barda INE/OE/BAJA CALIFORNIA/JDE-06/01/2024 [26] Tijuana 2 bardas INE/OE/BC/JDE08/01/2024 [27] No se localizó propaganda INE/BC/03JDE/OE/CIRC/01/27-01-2024
SRE-PSC-565/2024,propaganda,5,aganda denunciada. 34. De las diversas constancias se aprecia que se certificó la existencia de 3 bardas [23] con mensajes alusivos a su informe de actividades como diputa da federal : Acta Lugar Número y tipo de propaganda INE/BC/JLE/VS/OE/0154/2024 [24] Mexicali No se localizó propaganda en cinco ubicaciones. INE/OE/BC/JDE-02/AC01/2024 [25] 1 barda INE/OE/BAJA CALIFORNIA/JDE-06/01/2024 [26] Tijuana 2 bardas INE/OE/BC/JDE08/01/2024 [27] No se localizó propaganda INE/BC/03JDE/OE/CIRC/01/27-01-2024 [28] INE/OE/BC/JDE-05/01/2024 35. El contenido de é stas se reprodu
SRE-PSD-36/2024,propaganda,1,"A : DARINKA SUDILEY YAUTENTZI RAYO COLABOR ARON : OSCAR EMILIO ALEJANDRO GUILLÉN ELIZARRARÁS Y DEBRA MARTÍN DEL CAMPO BERDEJA Ciudad de México , a cuatro de julio de dos mil veinticuatro [1] . SENTENCIA por la que se determina : i) la existencia de la vulneración a las reglas de propaganda político-electoral por la inclusión de niñas, niños y adol escentes , atribuida a Gwendolyne Martínez Torres, entonces candidata a diputada federal por la coalición “Fuerza y Corazón por México” , y ii) la existencia de la falta al deber de cuidado ( culpa in vigilando ) , atrib"
SRE-PSD-36/2024,propaganda,2,"erior del Tribunal Electoral del Poder Judicial de la Federación Suprema Corte Suprema Corte de Justicia de la Nación ANTECEDENTES 1. Denuncia [2] . El doce de marzo , el representante propietario de MORENA denunció a Gwendolyne Martínez y al PAN por vulnera ción a las normas de propaganda política o electoral en detrimento d el interés superior de la niñez al realizar tres publicaciones el dos, cuatro y ocho de marzo en su red social de Facebook de la candidata , en la que aparecen supuestamente veintidós personas menores edad . 2. Registro, reserva y diligencias"
SRE-PSD-36/2024,propaganda,3,"atención a las siguientes: CONSIDERACIONES PRIMERA. COMPETENCIA 9. Esta Sala Especializada es competente para conocer y resolver el presente asunto , en virtud de que se trata de un procedimiento especial sancionador en el que se denuncia la presunta vulneración a las reglas de propaganda política o electoral por la inclusión de rostros de niñas, niños y/o adolescentes , con impacto en el proceso electoral federal 2023-2024 , así como la falta al deber de cuidado por parte de los partidos PAN, PRI y PRD . [11] SEGUNDA. CAUSALES DE IMPROCEDENCIA Y SOBRESEIMIENTO 1"
SRE-PSD-36/2024,propaganda,4,"tidós personas menores de edad, respectivamente que aparecen en la red social de Facebook conforme a los L ineamientos, ya que fue omisa en proteger el interés superior d e la niñez, con motivo de que no difumin ó el rostro de las niñas, niños y/o adolescentes que aparecen en la propaganda denunciada. iii) La publicación de la historia o “ reel ” del ocho de marzo, tiene una duración máxima de veinticuatro horas a partir del momento en que se publican y, por ende, dicha publicación ya ha surtido sus efectos publicitarios y propagandísticos electorales, beneficiand"
SRE-PSD-36/2024,propaganda,5,"iene una duración de veinticuatro horas a partir del momento en que se publican . iv) Gwendolyne Martínez y los partidos políticos P AN, PRI y PRD, integrantes de la coalición “Fuerza y Corazón por México” no cuentan con la documentación que exigen los Lineamientos para difundir propaganda política o electoral con la inclusión de niñas, niños y/o adolescentes que aparecen en sus publicaciones. v) A través del acta circunstanciada de catorce de marzo , la autoridad instructora verificó que ya no se encuentran disponibles los videos materia de la denuncia [17] . vi)"
SRE-PSD-80/2024,propaganda,1,"la Regional Especializada del Tribunal Electoral del Poder Judicial de la Federación en la Ciudad de México el veintiséis de septiembre de dos mil veinti cuatro [1] . SUMARIO DE LA DECISIÓN Se determina la existencia de la infracción consistente en la vulneración a las reglas de propaganda política o electoral atribuida por la aparición de niñas, niños y/o adolescentes en publicaciones de la red social Facebook , atribuida a David Alejandro Cortés Mendoza, entonces candidato a Diputado Federal por el Distrito Electoral Federal 10, por la coalición denominada ""Fuer"
SRE-PSD-80/2024,propaganda,2,"tonces candidato a Diputado Federal por el Distrito Electoral Federal 10, por la coalición denominada ""Fuerza y Corazón por México"" y a los Partidos Acción Nacional, Revolucionario Institucional y de la Revolución Democrática, por la vulneración de las reglas para la difusión de propaganda electoral en detrimento del interés superior de la niñez, así como por su falta al deber de cuidado. A N T E C E D E N T E S 1. Proceso electoral federal 2023-2024. El siete de septiembre de dos mil veintitrés inició el proceso electoral federal, en el que se renovar on , entre"
SRE-PSD-80/2024,propaganda,3,"ión, conforme a l o s siguientes: C O N S I D E R A N D O S PRIMERO. Competencia 15. Esta Sala Especializada es competente para resolver el presente asunto, en virtud de que se trata de un procedimiento especial sancionador relacionado con la presunta vulneración a las reglas de propaganda político-electoral con motivo de la inclusión de la imagen de niños, niñas y/o adolescentes, en detrimento del interés superior de la niñez y por el presunto incumplimiento al acuerdo de medida cautelar , así como la falta al deber de cuidado por el PRI, PAN y PRD. Esto, con fun"
SRE-PSD-80/2024,propaganda,4,"ción; 475 [7] y 476 de la Ley Electoral; 76 [8] y 77 [9] de la Ley General de los Derechos de Niñas, Niños y Adolescentes. 16. Así como en el acuerdo INE/CG481/2019, POR EL QUE SE MODIFICAN LOS LINEAMIENTOS Y ANEXOS PARA LA PROTECCIÓN DE NIÑAS, NIÑOS Y ADOLESCENTES EN MATERIA DE PROPAGANDA Y MENSAJES ELECTORALES, y lo previsto en las así jurisprudencias 25/2015 de rubro: “COMPETENCIA. SISTEMA DE DISTRIBUCIÓN PARA CONOCER SUSTANCIAR Y RESOLVER PROCEDIMIENTOS SANCIONADORES” y 5/2017 con el rubro: “PROPAGANDA POLÍTICA Y ELECTORAL. REQUISITOS MÍNIMOS QUE DEBEN CUMPLIR"
SRE-PSD-80/2024,propaganda,5,"LA PROTECCIÓN DE NIÑAS, NIÑOS Y ADOLESCENTES EN MATERIA DE PROPAGANDA Y MENSAJES ELECTORALES, y lo previsto en las así jurisprudencias 25/2015 de rubro: “COMPETENCIA. SISTEMA DE DISTRIBUCIÓN PARA CONOCER SUSTANCIAR Y RESOLVER PROCEDIMIENTOS SANCIONADORES” y 5/2017 con el rubro: “PROPAGANDA POLÍTICA Y ELECTORAL. REQUISITOS MÍNIMOS QUE DEBEN CUMPLIRSE CUANDO SE DIFUNDAN IMÁGENES DE NIÑOS, NIÑAS Y ADOLESCENTES”. SEGUND O . P lanteamiento de las partes 17. A continuación, se exponen las manifestaciones realizadas por las partes, tanto en la queja, como al dar respuest"
SRE-PSD-85/2024,propaganda,1,"que dicta la Sala Regional Especializada del Tribunal Electoral del Poder Judicial de la Federación en la Ciudad de México el veintiséis de septiembre de dos mil veinticuatro [1] . SUMARIO DE LA DECISIÓN Se determina la existencia de la infracción consistente en la colocación de propaganda electoral en equipamiento urbano, atribuida a los partidos políticos MORENA, Partido del Trabajo, Partido Verde Ecologista de México. Así como la existencia de dicha infracción atribuida a Juan Guillermo Rendón Gómez. GLOSARIO Autoridad instructora/junta distrital Junta 07 Distr"
SRE-PSD-85/2024,propaganda,2,"cuya resolución fue aprobada el quince de diciembre, por el Consejo General del INE en sesión ordinaria, mediante acuerdo INE/CG679/2023 [2] . I I . Sustanciación del procedimiento especial sancionador 3. Denuncia. El nueve de mayo [3] , el PRD denunció la colocación de diversa propaganda electoral instal ada en postes de alumbrado público y de telefonía , así como en puentes peatonales y bardas , en di stintas ubicaciones de la alcaldía Gustavo A. Madero en la Ciudad de México , en las que aparece la imagen, cargo por el que competía Juan Guillermo Rendón Gómez"
SRE-PSD-85/2024,propaganda,3,"omo que constituye una falta al deber de cuidado de los partidos políticos . 5. Radicación , diligencias de investigación y admisión . El once de mayo [4] , la autoridad instructora radicó la denuncia bajo el número de expediente JD/PE/1/PEF/1/2024 y ordenó que se certificara la propaganda denunciada . 6. Admisión, primer e mplazamiento y audiencia . E l veintitrés de mayo [5] , la admitió a trámite y ordenó el emplazamiento de las partes a la audiencia de pruebas y alegatos la cual tuvo verificativo el veinticinco de mayo siguiente. 7. Recepción del expediente. E"
SRE-PSD-85/2024,propaganda,4,"uerdo de resolución . C O N S I D E R A C I O N E S PRIMERA. COMPETENCIA 15. Esta Sala Especializada es competente para resolver el presente asunto, en virtud de que se trata de un procedimiento especial sancionador relacionado con la posible colocación en equipamiento urbano de propaganda y la falta al deber de cuidado , la cual se relaciona con el proceso electoral federal 2023-2024 . 16. Conducta que actualiza el supuesto de competencia de la autoridad electoral federal en virtud de que pudieran tener un impacto en el proceso electoral federal 2023-2024, con fu"
SRE-PSD-85/2024,propaganda,5,"arse alguna no podría emitirse una determinación sobre el fondo de la controversia planteada, por existir un obstáculo para su válida constitución. 18. En el presente asunto el PVEM adujo que el artículo 250 de la Ley Electoral no prevé de forma expresa la prohibición de colocar propaganda electoral en postes, por lo que de ninguna manera puede ser una infracción en material electoral, por lo que, ya que dicha legislación no prevé la hipótesis no es dable que se le quiera aplicar por analogía . 19. Asimismo, que las pruebas ofrecidas por el denunciante carecen de"
SRE-PSD-87/2024,propaganda,1,"o Cortés Mendoza, [6] entonces candidato a diputado federal por la coalición “Fuerza y Corazón por México”, así como a los partidos Acción Nacional, [7] Revolucionario Institucional [8] y de la Revolución Democrática [9] por la supuesta vulneración a las reglas y lineamientos de propaganda electoral, derivado de la colocación de lonas sin acreditar que su elaboración fue con material reciclable y/o biodegradable; [10] así como su fijación en lugares prohibidos. [11] 3. Además, solicitaron la emisión de medidas cautelares consistentes en el retiro de la propaganda"
SRE-PSD-87/2024,propaganda,2,"propaganda electoral, derivado de la colocación de lonas sin acreditar que su elaboración fue con material reciclable y/o biodegradable; [10] así como su fijación en lugares prohibidos. [11] 3. Además, solicitaron la emisión de medidas cautelares consistentes en el retiro de la propaganda denunciada. 4. 2. Registro. Los días 12, 14 y 25 de abril, la Junta Distrital registró las quejas [12] y ordenó diligencias de investigación. 5. 3. Acumulación. El 14 [13] y 29 [14] de abril , se ordenó la acumulación al diverso JD/PE/JCDH/JD10/MICH/PEF/4/2024. 6. 4. Emplazamien"
SRE-PSD-87/2024,propaganda,3,"uctora admitió l as quejas. 9. 3 . Medidas cautelares . El cinco de agosto, s e declaró la improcedencia de las medidas cautelares toda vez que, no se encontraron las lonas denunciadas en los domicilios señalados por la parte quejosa y que de las constancias se desprendía que la propaganda impresa es reciclable, fabricada con materiales biodegradables que no contienen sustancias tóxicas o nocivas para la salud o el medio ambiente. 10. 3. Segundo e mplazamiento y audiencia . El cinco de septiembre , la autoridad instructora acordó emplazar a las partes a la audienc"
SRE-PSD-87/2024,propaganda,4,"ver el procedimiento especial sancionador, [15] porque s e denunció a David Alejandro Cortes Mendoza, entonces candidato a diputado federal por el 10 distrito en el esta do de Michoacán, postulado por la coalición “Fuerza y Corazón por México”, por la vulneración a las reglas de propaganda electoral, derivado de la colocación de propaganda electoral (lonas) porque supuestamente no está n fabricada s con materiales biodegradables , así como su fijación en espacios públicos . SEGUNDA . Causales de improcedencia 13. El PRD manifestó que debe desecharse de plano la qu"
SRE-PSD-87/2024,propaganda,5,"que s e denunció a David Alejandro Cortes Mendoza, entonces candidato a diputado federal por el 10 distrito en el esta do de Michoacán, postulado por la coalición “Fuerza y Corazón por México”, por la vulneración a las reglas de propaganda electoral, derivado de la colocación de propaganda electoral (lonas) porque supuestamente no está n fabricada s con materiales biodegradables , así como su fijación en espacios públicos . SEGUNDA . Causales de improcedencia 13. El PRD manifestó que debe desecharse de plano la queja de MORENA , pues las acusaciones son infundadas"
